Date,Store_ID,Item_ID,Medicine_Name,Category,Base_Price,Promotion,Holiday,Units_Sold,Day_of_Week,Month,Is_Weekend
2025-12-12,S009,M101,Paracetamol,Painkiller,25,0,0,70,Friday,December,0
2025-11-26,S005,M107,Metformin,Diabetes,80,0,0,72,Wednesday,November,0
2025-06-10,S002,M105,ORS,Hydration,25,0,0,82,Tuesday,June,0
2025-11-05,S001,M110,Cetirizine,Allergy,40,1,0,100,Wednesday,November,0
2025-04-15,S003,M117,BP Tablet,Cardiac,320,0,0,59,Tuesday,April,0
2025-09-27,S004,M110,Cetirizine,Allergy,40,1,1,134,Saturday,September,1
2025-12-12,S005,M120,Hand Sanitizer,Hygiene,90,0,0,89,Friday,December,0
2025-04-21,S005,M107,Metformin,Diabetes,80,1,0,106,Monday,April,0
2025-01-27,S002,M119,Eye Drops,Eye Care,160,0,0,77,Monday,January,0
2025-11-14,S004,M109,Azithromycin,Antibiotic,220,0,0,77,Friday,November,0
2025-01-17,S005,M106,Insulin,Diabetes,550,0,0,57,Friday,January,0
2025-09-03,S001,M101,Paracetamol,Painkiller,25,1,0,93,Wednesday,September,0
2025-01-27,S002,M116,Iron Tablet,Supplement,180,0,0,67,Monday,January,0
2025-08-15,S002,M106,Insulin,Diabetes,550,0,0,57,Friday,August,0
2025-01-17,S001,M111,Benadryl,Cough,90,1,1,111,Friday,January,0
2025-05-29,S008,M107,Metformin,Diabetes,80,1,0,83,Thursday,May,0
2025-11-15,S003,M101,Paracetamol,Painkiller,25,0,1,110,Saturday,November,1
2025-01-04,S009,M106,Insulin,Diabetes,550,1,0,78,Saturday,January,1
2025-09-10,S009,M111,Benadryl,Cough,90,1,0,80,Wednesday,September,0
2025-04-14,S002,M113,Digene,Antacid,60,1,0,93,Monday,April,0
2025-01-04,S007,M108,Amoxicillin,Antibiotic,180,0,0,93,Saturday,January,1
2025-03-19,S002,M103,Dolo 650,Painkiller,30,1,0,84,Wednesday,March,0
2025-10-30,S010,M104,Vitamin C,Vitamin,120,0,0,71,Thursday,October,0
2025-06-29,S010,M107,Metformin,Diabetes,80,1,0,94,Sunday,June,1
2025-10-04,S008,M118,Asthma Inhaler,Respiratory,450,0,0,62,Saturday,October,1
2025-05-30,S010,M107,Metformin,Diabetes,80,0,0,61,Friday,May,0
2025-06-02,S003,M114,Pantoprazole,Antacid,110,0,1,98,Monday,June,0
2025-02-21,S004,M118,Asthma Inhaler,Respiratory,450,1,0,92,Friday,February,0
2025-12-14,S005,M109,Azithromycin,Antibiotic,220,1,0,104,Sunday,December,1
2025-09-20,S003,M120,Hand Sanitizer,Hygiene,90,1,0,94,Saturday,September,1
2025-08-16,S002,M109,Azithromycin,Antibiotic,220,0,0,66,Saturday,August,1
2025-04-15,S009,M111,Benadryl,Cough,90,0,0,82,Tuesday,April,0
2025-12-03,S002,M106,Insulin,Diabetes,550,0,0,38,Wednesday,December,0
2025-03-20,S006,M107,Metformin,Diabetes,80,0,1,90,Thursday,March,0
2025-05-11,S002,M105,ORS,Hydration,25,0,0,86,Sunday,May,1
2025-10-31,S005,M119,Eye Drops,Eye Care,160,0,0,61,Friday,October,0
2025-08-29,S003,M103,Dolo 650,Painkiller,30,0,0,71,Friday,August,0
2025-10-28,S005,M120,Hand Sanitizer,Hygiene,90,1,0,108,Tuesday,October,0
2025-04-05,S003,M112,Cough Syrup,Cough,140,1,0,93,Saturday,April,1
2025-09-26,S004,M117,BP Tablet,Cardiac,320,1,0,97,Friday,September,0
2025-11-07,S006,M115,Calcium Tablet,Supplement,250,1,0,100,Friday,November,0
2025-09-17,S002,M111,Benadryl,Cough,90,0,0,90,Wednesday,September,0
2025-10-05,S009,M107,Metformin,Diabetes,80,0,0,71,Sunday,October,1
2025-08-31,S005,M120,Hand Sanitizer,Hygiene,90,0,0,80,Sunday,August,1
2025-07-06,S006,M112,Cough Syrup,Cough,140,0,0,82,Sunday,July,1
2025-07-26,S004,M103,Dolo 650,Painkiller,30,0,0,103,Saturday,July,1
2025-01-31,S001,M116,Iron Tablet,Supplement,180,0,0,69,Friday,January,0
2025-01-03,S008,M110,Cetirizine,Allergy,40,0,0,84,Friday,January,0
2025-04-04,S003,M117,BP Tablet,Cardiac,320,0,0,70,Friday,April,0
2025-08-20,S005,M109,Azithromycin,Antibiotic,220,0,0,77,Wednesday,August,0
2025-08-25,S009,M115,Calcium Tablet,Supplement,250,1,0,80,Monday,August,0
2025-01-04,S004,M109,Azithromycin,Antibiotic,220,0,0,89,Saturday,January,1
2025-12-02,S006,M118,Asthma Inhaler,Respiratory,450,1,0,83,Tuesday,December,0
2025-12-14,S010,M101,Paracetamol,Painkiller,25,0,0,87,Sunday,December,1
2025-06-18,S009,M108,Amoxicillin,Antibiotic,180,1,0,83,Wednesday,June,0
2025-05-01,S001,M120,Hand Sanitizer,Hygiene,90,1,0,108,Thursday,May,0
2025-01-23,S002,M108,Amoxicillin,Antibiotic,180,0,0,69,Thursday,January,0
2025-09-23,S005,M108,Amoxicillin,Antibiotic,180,1,0,97,Tuesday,September,0
2025-09-06,S002,M104,Vitamin C,Vitamin,120,1,0,94,Saturday,September,1
2025-08-27,S007,M109,Azithromycin,Antibiotic,220,0,0,55,Wednesday,August,0
2025-01-03,S004,M102,Crocin,Painkiller,35,0,0,88,Friday,January,0
2025-10-03,S004,M108,Amoxicillin,Antibiotic,180,0,0,85,Friday,October,0
2025-03-04,S009,M111,Benadryl,Cough,90,0,0,67,Tuesday,March,0
2025-09-09,S007,M105,ORS,Hydration,25,0,1,89,Tuesday,September,0
2025-01-29,S010,M113,Digene,Antacid,60,1,0,89,Wednesday,January,0
2025-02-04,S009,M109,Azithromycin,Antibiotic,220,0,1,74,Tuesday,February,0
2025-05-04,S001,M115,Calcium Tablet,Supplement,250,1,0,104,Sunday,May,1
2025-12-26,S008,M115,Calcium Tablet,Supplement,250,0,0,56,Friday,December,0
2025-11-14,S007,M104,Vitamin C,Vitamin,120,0,0,84,Friday,November,0
2025-02-03,S009,M108,Amoxicillin,Antibiotic,180,1,0,87,Monday,February,0
2025-07-10,S004,M116,Iron Tablet,Supplement,180,0,0,80,Thursday,July,0
2025-06-08,S002,M104,Vitamin C,Vitamin,120,0,0,80,Sunday,June,1
2025-05-12,S003,M108,Amoxicillin,Antibiotic,180,0,0,59,Monday,May,0
2025-06-21,S009,M120,Hand Sanitizer,Hygiene,90,0,0,76,Saturday,June,1
2025-04-16,S004,M117,BP Tablet,Cardiac,320,0,1,79,Wednesday,April,0
2025-02-12,S003,M109,Azithromycin,Antibiotic,220,0,0,60,Wednesday,February,0
2025-05-06,S005,M110,Cetirizine,Allergy,40,0,0,73,Tuesday,May,0
2025-02-04,S002,M101,Paracetamol,Painkiller,25,0,0,71,Tuesday,February,0
2025-04-29,S006,M113,Digene,Antacid,60,1,1,117,Tuesday,April,0
2025-06-30,S010,M103,Dolo 650,Painkiller,30,0,0,66,Monday,June,0
2025-09-02,S006,M109,Azithromycin,Antibiotic,220,0,0,73,Tuesday,September,0
2025-11-03,S002,M113,Digene,Antacid,60,0,0,63,Monday,November,0
2025-06-07,S002,M103,Dolo 650,Painkiller,30,1,0,96,Saturday,June,1
2025-11-22,S003,M113,Digene,Antacid,60,0,0,76,Saturday,November,1
2025-07-02,S007,M117,BP Tablet,Cardiac,320,0,0,50,Wednesday,July,0
2025-01-14,S007,M120,Hand Sanitizer,Hygiene,90,1,0,88,Tuesday,January,0
2025-05-04,S005,M111,Benadryl,Cough,90,0,0,89,Sunday,May,1
2025-04-21,S008,M113,Digene,Antacid,60,0,1,104,Monday,April,0
2025-08-09,S003,M120,Hand Sanitizer,Hygiene,90,1,1,117,Saturday,August,1
2025-01-06,S005,M120,Hand Sanitizer,Hygiene,90,0,0,77,Monday,January,0
2025-02-03,S007,M112,Cough Syrup,Cough,140,0,0,82,Monday,February,0
2025-10-19,S010,M111,Benadryl,Cough,90,0,0,99,Sunday,October,1
2025-01-28,S001,M101,Paracetamol,Painkiller,25,1,0,104,Tuesday,January,0
2025-11-10,S005,M114,Pantoprazole,Antacid,110,1,0,93,Monday,November,0
2025-06-26,S001,M118,Asthma Inhaler,Respiratory,450,0,0,65,Thursday,June,0
2025-02-24,S003,M112,Cough Syrup,Cough,140,0,0,80,Monday,February,0
2025-04-09,S001,M119,Eye Drops,Eye Care,160,0,0,57,Wednesday,April,0
2025-04-25,S003,M108,Amoxicillin,Antibiotic,180,0,0,79,Friday,April,0
2025-05-20,S004,M103,Dolo 650,Painkiller,30,0,0,91,Tuesday,May,0
2025-02-20,S002,M116,Iron Tablet,Supplement,180,0,0,78,Thursday,February,0
2025-01-29,S006,M112,Cough Syrup,Cough,140,0,0,68,Wednesday,January,0
2025-09-27,S001,M106,Insulin,Diabetes,550,0,0,71,Saturday,September,1
2025-10-09,S004,M109,Azithromycin,Antibiotic,220,1,0,79,Thursday,October,0
2025-06-18,S005,M103,Dolo 650,Painkiller,30,1,0,86,Wednesday,June,0
2025-01-07,S006,M120,Hand Sanitizer,Hygiene,90,0,0,87,Tuesday,January,0
2025-08-20,S010,M118,Asthma Inhaler,Respiratory,450,0,0,66,Wednesday,August,0
2025-06-18,S009,M120,Hand Sanitizer,Hygiene,90,1,0,100,Wednesday,June,0
2025-02-07,S010,M108,Amoxicillin,Antibiotic,180,0,0,58,Friday,February,0
2025-11-13,S005,M110,Cetirizine,Allergy,40,1,0,84,Thursday,November,0
2025-02-11,S010,M103,Dolo 650,Painkiller,30,0,0,72,Tuesday,February,0
2025-03-29,S009,M109,Azithromycin,Antibiotic,220,0,0,81,Saturday,March,1
2025-07-11,S004,M110,Cetirizine,Allergy,40,1,0,90,Friday,July,0
2025-09-02,S006,M108,Amoxicillin,Antibiotic,180,0,0,57,Tuesday,September,0
2025-09-13,S005,M105,ORS,Hydration,25,1,0,108,Saturday,September,1
2025-08-20,S001,M104,Vitamin C,Vitamin,120,0,0,59,Wednesday,August,0
2025-01-16,S008,M120,Hand Sanitizer,Hygiene,90,0,0,89,Thursday,January,0
2025-10-02,S008,M110,Cetirizine,Allergy,40,0,0,90,Thursday,October,0
2025-08-14,S001,M111,Benadryl,Cough,90,0,0,83,Thursday,August,0
2025-01-02,S010,M114,Pantoprazole,Antacid,110,1,0,107,Thursday,January,0
2025-12-17,S007,M119,Eye Drops,Eye Care,160,0,0,66,Wednesday,December,0
2025-06-12,S010,M118,Asthma Inhaler,Respiratory,450,0,0,71,Thursday,June,0
2025-08-21,S007,M103,Dolo 650,Painkiller,30,1,0,101,Thursday,August,0
2025-09-01,S005,M110,Cetirizine,Allergy,40,0,0,85,Monday,September,0
2025-06-02,S004,M104,Vitamin C,Vitamin,120,1,0,98,Monday,June,0
2025-08-03,S010,M111,Benadryl,Cough,90,0,0,71,Sunday,August,1
2025-10-24,S006,M106,Insulin,Diabetes,550,0,0,38,Friday,October,0
2025-03-01,S008,M112,Cough Syrup,Cough,140,0,0,78,Saturday,March,1
2025-01-27,S007,M101,Paracetamol,Painkiller,25,0,0,70,Monday,January,0
2025-03-25,S002,M116,Iron Tablet,Supplement,180,0,0,57,Tuesday,March,0
2025-01-15,S006,M105,ORS,Hydration,25,0,0,88,Wednesday,January,0
2025-02-11,S005,M114,Pantoprazole,Antacid,110,0,0,64,Tuesday,February,0
2025-10-01,S003,M107,Metformin,Diabetes,80,0,0,82,Wednesday,October,0
2025-05-29,S004,M108,Amoxicillin,Antibiotic,180,1,0,100,Thursday,May,0
2025-01-28,S005,M109,Azithromycin,Antibiotic,220,0,0,66,Tuesday,January,0
2025-11-06,S009,M102,Crocin,Painkiller,35,0,0,83,Thursday,November,0
2025-09-06,S009,M105,ORS,Hydration,25,0,0,87,Saturday,September,1
2025-12-04,S009,M108,Amoxicillin,Antibiotic,180,0,0,79,Thursday,December,0
2025-09-08,S004,M111,Benadryl,Cough,90,0,0,72,Monday,September,0
2025-07-15,S004,M115,Calcium Tablet,Supplement,250,0,0,77,Tuesday,July,0
2025-09-24,S003,M107,Metformin,Diabetes,80,1,0,106,Wednesday,September,0
2025-01-20,S003,M104,Vitamin C,Vitamin,120,1,0,79,Monday,January,0
2025-02-07,S003,M114,Pantoprazole,Antacid,110,0,1,103,Friday,February,0
2025-11-06,S006,M104,Vitamin C,Vitamin,120,0,0,85,Thursday,November,0
2025-10-04,S006,M110,Cetirizine,Allergy,40,0,0,88,Saturday,October,1
2025-07-11,S003,M112,Cough Syrup,Cough,140,0,0,72,Friday,July,0
2025-12-15,S003,M114,Pantoprazole,Antacid,110,1,0,85,Monday,December,0
2025-04-21,S006,M108,Amoxicillin,Antibiotic,180,1,0,78,Monday,April,0
2025-07-05,S005,M109,Azithromycin,Antibiotic,220,0,1,91,Saturday,July,1
2025-10-20,S010,M113,Digene,Antacid,60,0,0,68,Monday,October,0
2025-04-03,S008,M113,Digene,Antacid,60,1,0,82,Thursday,April,0
2025-09-25,S007,M103,Dolo 650,Painkiller,30,1,0,100,Thursday,September,0
2025-11-01,S003,M103,Dolo 650,Painkiller,30,0,0,82,Saturday,November,1
2025-09-03,S002,M120,Hand Sanitizer,Hygiene,90,1,0,85,Wednesday,September,0
2025-05-13,S007,M101,Paracetamol,Painkiller,25,0,0,82,Tuesday,May,0
2025-12-07,S006,M103,Dolo 650,Painkiller,30,1,0,95,Sunday,December,1
2025-11-13,S004,M104,Vitamin C,Vitamin,120,0,0,72,Thursday,November,0
2025-04-30,S009,M117,BP Tablet,Cardiac,320,0,1,67,Wednesday,April,0
2025-10-28,S005,M107,Metformin,Diabetes,80,0,0,84,Tuesday,October,0
2025-01-26,S009,M105,ORS,Hydration,25,0,0,73,Sunday,January,1
2025-03-17,S010,M115,Calcium Tablet,Supplement,250,0,0,71,Monday,March,0
2025-10-12,S006,M115,Calcium Tablet,Supplement,250,1,0,109,Sunday,October,1
2025-01-04,S010,M117,BP Tablet,Cardiac,320,0,0,71,Saturday,January,1
2025-10-21,S004,M109,Azithromycin,Antibiotic,220,1,0,82,Tuesday,October,0
2025-11-08,S002,M110,Cetirizine,Allergy,40,0,0,79,Saturday,November,1
2025-06-19,S010,M106,Insulin,Diabetes,550,1,0,69,Thursday,June,0
2025-11-22,S006,M120,Hand Sanitizer,Hygiene,90,1,0,99,Saturday,November,1
2025-09-12,S003,M113,Digene,Antacid,60,0,0,86,Friday,September,0
2025-05-22,S006,M103,Dolo 650,Painkiller,30,1,0,96,Thursday,May,0
2025-07-01,S003,M116,Iron Tablet,Supplement,180,0,0,60,Tuesday,July,0
2025-05-19,S003,M111,Benadryl,Cough,90,0,0,61,Monday,May,0
2025-05-14,S002,M102,Crocin,Painkiller,35,0,0,86,Wednesday,May,0
2025-08-26,S002,M120,Hand Sanitizer,Hygiene,90,0,0,85,Tuesday,August,0
2025-08-16,S001,M111,Benadryl,Cough,90,0,0,90,Saturday,August,1
2025-04-29,S001,M120,Hand Sanitizer,Hygiene,90,0,0,89,Tuesday,April,0
2025-07-05,S003,M102,Crocin,Painkiller,35,1,0,116,Saturday,July,1
2025-04-04,S003,M101,Paracetamol,Painkiller,25,1,0,102,Friday,April,0
2025-06-27,S006,M120,Hand Sanitizer,Hygiene,90,1,0,106,Friday,June,0
2025-03-03,S005,M105,ORS,Hydration,25,0,0,63,Monday,March,0
2025-04-10,S001,M110,Cetirizine,Allergy,40,1,0,83,Thursday,April,0
2025-02-22,S005,M101,Paracetamol,Painkiller,25,0,0,102,Saturday,February,1
2025-05-26,S005,M104,Vitamin C,Vitamin,120,1,0,95,Monday,May,0
2025-09-09,S001,M106,Insulin,Diabetes,550,0,0,58,Tuesday,September,0
2025-01-07,S004,M112,Cough Syrup,Cough,140,0,0,75,Tuesday,January,0
2025-08-19,S009,M105,ORS,Hydration,25,0,0,72,Tuesday,August,0
2025-05-29,S008,M104,Vitamin C,Vitamin,120,0,0,69,Thursday,May,0
2025-06-30,S002,M119,Eye Drops,Eye Care,160,0,0,86,Monday,June,0
2025-09-01,S009,M120,Hand Sanitizer,Hygiene,90,1,0,93,Monday,September,0
2025-12-25,S009,M113,Digene,Antacid,60,0,0,63,Thursday,December,0
2025-10-27,S009,M118,Asthma Inhaler,Respiratory,450,1,0,89,Monday,October,0
2025-11-23,S005,M118,Asthma Inhaler,Respiratory,450,0,0,61,Sunday,November,1
2025-08-11,S004,M118,Asthma Inhaler,Respiratory,450,0,0,45,Monday,August,0
2025-03-15,S001,M114,Pantoprazole,Antacid,110,1,0,111,Saturday,March,1
2025-06-01,S001,M120,Hand Sanitizer,Hygiene,90,1,0,105,Sunday,June,1
2025-03-25,S002,M104,Vitamin C,Vitamin,120,0,0,68,Tuesday,March,0
2025-11-21,S004,M103,Dolo 650,Painkiller,30,0,0,79,Friday,November,0
2025-10-29,S010,M115,Calcium Tablet,Supplement,250,0,0,65,Wednesday,October,0
2025-09-08,S005,M101,Paracetamol,Painkiller,25,0,0,88,Monday,September,0
2025-01-01,S001,M112,Cough Syrup,Cough,140,1,0,87,Wednesday,January,0
2025-06-07,S007,M119,Eye Drops,Eye Care,160,0,0,97,Saturday,June,1
2025-12-20,S004,M101,Paracetamol,Painkiller,25,1,0,119,Saturday,December,1
2025-09-16,S004,M112,Cough Syrup,Cough,140,0,0,75,Tuesday,September,0
2025-12-19,S001,M105,ORS,Hydration,25,0,1,97,Friday,December,0
2025-04-14,S006,M113,Digene,Antacid,60,0,1,85,Monday,April,0
2025-02-01,S004,M110,Cetirizine,Allergy,40,0,0,79,Saturday,February,1
2025-01-19,S001,M109,Azithromycin,Antibiotic,220,0,0,85,Sunday,January,1
2025-11-22,S004,M102,Crocin,Painkiller,35,0,0,83,Saturday,November,1
2025-03-17,S004,M115,Calcium Tablet,Supplement,250,0,0,54,Monday,March,0
2025-12-25,S001,M111,Benadryl,Cough,90,0,1,75,Thursday,December,0
2025-09-15,S010,M106,Insulin,Diabetes,550,0,0,47,Monday,September,0
2025-07-15,S004,M102,Crocin,Painkiller,35,1,0,98,Tuesday,July,0
2025-11-25,S007,M119,Eye Drops,Eye Care,160,1,1,92,Tuesday,November,0
2025-04-14,S007,M104,Vitamin C,Vitamin,120,0,0,83,Monday,April,0
2025-04-25,S001,M104,Vitamin C,Vitamin,120,0,0,60,Friday,April,0
2025-01-03,S007,M118,Asthma Inhaler,Respiratory,450,1,0,76,Friday,January,0
2025-04-01,S001,M101,Paracetamol,Painkiller,25,0,0,71,Tuesday,April,0
2025-08-16,S010,M108,Amoxicillin,Antibiotic,180,0,0,82,Saturday,August,1
2025-12-05,S006,M119,Eye Drops,Eye Care,160,0,0,57,Friday,December,0
2025-06-06,S005,M108,Amoxicillin,Antibiotic,180,1,0,96,Friday,June,0
2025-03-24,S001,M105,ORS,Hydration,25,0,1,100,Monday,March,0
2025-07-01,S007,M112,Cough Syrup,Cough,140,1,0,92,Tuesday,July,0
2025-02-12,S009,M103,Dolo 650,Painkiller,30,1,0,92,Wednesday,February,0
2025-01-28,S008,M118,Asthma Inhaler,Respiratory,450,0,0,59,Tuesday,January,0
2025-01-04,S003,M105,ORS,Hydration,25,0,0,97,Saturday,January,1
2025-03-12,S009,M111,Benadryl,Cough,90,0,0,88,Wednesday,March,0
2025-01-31,S009,M103,Dolo 650,Painkiller,30,0,0,89,Friday,January,0
2025-05-19,S003,M119,Eye Drops,Eye Care,160,0,0,85,Monday,May,0
2025-01-21,S008,M104,Vitamin C,Vitamin,120,0,0,63,Tuesday,January,0
2025-04-18,S005,M114,Pantoprazole,Antacid,110,0,0,64,Friday,April,0
2025-08-23,S003,M105,ORS,Hydration,25,0,0,86,Saturday,August,1
2025-08-18,S006,M105,ORS,Hydration,25,0,0,79,Monday,August,0
2025-08-23,S002,M117,BP Tablet,Cardiac,320,0,0,66,Saturday,August,1
2025-10-25,S002,M116,Iron Tablet,Supplement,180,1,0,110,Saturday,October,1
2025-01-12,S007,M110,Cetirizine,Allergy,40,1,0,112,Sunday,January,1
2025-07-02,S002,M106,Insulin,Diabetes,550,0,0,56,Wednesday,July,0
2025-05-30,S008,M103,Dolo 650,Painkiller,30,0,0,73,Friday,May,0
2025-07-16,S004,M102,Crocin,Painkiller,35,0,1,89,Wednesday,July,0
2025-03-30,S003,M115,Calcium Tablet,Supplement,250,0,0,77,Sunday,March,1
2025-04-30,S004,M119,Eye Drops,Eye Care,160,1,0,82,Wednesday,April,0
2025-12-09,S003,M110,Cetirizine,Allergy,40,0,0,74,Tuesday,December,0
2025-07-12,S002,M105,ORS,Hydration,25,0,0,89,Saturday,July,1
2025-01-22,S009,M119,Eye Drops,Eye Care,160,1,1,110,Wednesday,January,0
2025-12-05,S005,M119,Eye Drops,Eye Care,160,0,0,57,Friday,December,0
2025-09-15,S003,M106,Insulin,Diabetes,550,0,0,54,Monday,September,0
2025-11-13,S007,M107,Metformin,Diabetes,80,0,0,79,Thursday,November,0
2025-08-20,S010,M120,Hand Sanitizer,Hygiene,90,0,0,86,Wednesday,August,0
2025-06-29,S008,M117,BP Tablet,Cardiac,320,0,0,85,Sunday,June,1
2025-09-06,S008,M102,Crocin,Painkiller,35,0,1,106,Saturday,September,1
2025-03-29,S010,M101,Paracetamol,Painkiller,25,0,0,77,Saturday,March,1
2025-07-13,S005,M101,Paracetamol,Painkiller,25,1,0,105,Sunday,July,1
2025-09-18,S005,M107,Metformin,Diabetes,80,1,0,89,Thursday,September,0
2025-08-30,S004,M119,Eye Drops,Eye Care,160,0,0,80,Saturday,August,1
2025-02-18,S008,M120,Hand Sanitizer,Hygiene,90,1,0,88,Tuesday,February,0
2025-03-13,S007,M106,Insulin,Diabetes,550,0,0,58,Thursday,March,0
2025-04-10,S006,M103,Dolo 650,Painkiller,30,1,0,105,Thursday,April,0
2025-05-27,S005,M102,Crocin,Painkiller,35,0,0,75,Tuesday,May,0
2025-11-02,S002,M103,Dolo 650,Painkiller,30,0,0,89,Sunday,November,1
2025-07-26,S009,M102,Crocin,Painkiller,35,1,0,101,Saturday,July,1
2025-01-27,S006,M101,Paracetamol,Painkiller,25,1,0,90,Monday,January,0
2025-10-07,S003,M111,Benadryl,Cough,90,0,0,80,Tuesday,October,0
2025-12-08,S001,M111,Benadryl,Cough,90,1,0,93,Monday,December,0
2025-08-15,S003,M117,BP Tablet,Cardiac,320,0,0,51,Friday,August,0
2025-10-10,S004,M118,Asthma Inhaler,Respiratory,450,0,0,50,Friday,October,0
2025-06-25,S002,M106,Insulin,Diabetes,550,0,0,66,Wednesday,June,0
2025-05-09,S003,M108,Amoxicillin,Antibiotic,180,0,0,77,Friday,May,0
2025-05-20,S010,M120,Hand Sanitizer,Hygiene,90,0,0,80,Tuesday,May,0
2025-12-22,S007,M113,Digene,Antacid,60,0,0,89,Monday,December,0
2025-03-08,S001,M107,Metformin,Diabetes,80,1,0,100,Saturday,March,1
2025-11-20,S010,M110,Cetirizine,Allergy,40,0,0,89,Thursday,November,0
2025-07-19,S009,M118,Asthma Inhaler,Respiratory,450,0,0,77,Saturday,July,1
2025-01-01,S010,M117,BP Tablet,Cardiac,320,0,0,62,Wednesday,January,0
2025-12-25,S008,M106,Insulin,Diabetes,550,0,0,60,Thursday,December,0
2025-08-31,S010,M117,BP Tablet,Cardiac,320,0,0,80,Sunday,August,1
2025-06-04,S007,M116,Iron Tablet,Supplement,180,0,0,60,Wednesday,June,0
2025-07-06,S010,M110,Cetirizine,Allergy,40,1,0,98,Sunday,July,1
2025-03-05,S001,M118,Asthma Inhaler,Respiratory,450,0,0,66,Wednesday,March,0
2025-10-21,S003,M104,Vitamin C,Vitamin,120,0,0,67,Tuesday,October,0
2025-11-28,S003,M107,Metformin,Diabetes,80,1,0,88,Friday,November,0
2025-07-02,S008,M106,Insulin,Diabetes,550,0,0,40,Wednesday,July,0
2025-10-19,S001,M115,Calcium Tablet,Supplement,250,1,0,92,Sunday,October,1
2025-05-31,S010,M103,Dolo 650,Painkiller,30,0,0,88,Saturday,May,1
2025-12-27,S006,M106,Insulin,Diabetes,550,1,0,67,Saturday,December,1
2025-01-20,S010,M107,Metformin,Diabetes,80,0,0,72,Monday,January,0
2025-03-20,S007,M109,Azithromycin,Antibiotic,220,0,0,76,Thursday,March,0
2025-07-15,S001,M120,Hand Sanitizer,Hygiene,90,1,0,102,Tuesday,July,0
2025-02-01,S010,M107,Metformin,Diabetes,80,0,0,101,Saturday,February,1
2025-04-14,S005,M118,Asthma Inhaler,Respiratory,450,0,0,50,Monday,April,0
2025-06-16,S009,M119,Eye Drops,Eye Care,160,0,0,82,Monday,June,0
2025-07-13,S010,M120,Hand Sanitizer,Hygiene,90,0,0,89,Sunday,July,1
2025-04-18,S004,M116,Iron Tablet,Supplement,180,0,0,81,Friday,April,0
2025-02-28,S003,M116,Iron Tablet,Supplement,180,0,0,67,Friday,February,0
2025-01-29,S005,M111,Benadryl,Cough,90,0,0,84,Wednesday,January,0
2025-02-10,S007,M118,Asthma Inhaler,Respiratory,450,0,1,85,Monday,February,0
2025-12-12,S004,M113,Digene,Antacid,60,0,0,86,Friday,December,0
2025-03-07,S003,M106,Insulin,Diabetes,550,1,0,83,Friday,March,0
2025-04-11,S010,M115,Calcium Tablet,Supplement,250,1,1,100,Friday,April,0
2025-10-16,S004,M109,Azithromycin,Antibiotic,220,0,0,75,Thursday,October,0
2025-07-23,S008,M111,Benadryl,Cough,90,0,0,87,Wednesday,July,0
2025-11-27,S001,M115,Calcium Tablet,Supplement,250,0,0,56,Thursday,November,0
2025-09-20,S006,M101,Paracetamol,Painkiller,25,1,0,112,Saturday,September,1
2025-10-07,S003,M107,Metformin,Diabetes,80,0,0,67,Tuesday,October,0
2025-03-27,S001,M108,Amoxicillin,Antibiotic,180,0,0,80,Thursday,March,0
2025-05-13,S005,M103,Dolo 650,Painkiller,30,1,0,100,Tuesday,May,0
2025-02-12,S006,M106,Insulin,Diabetes,550,0,0,63,Wednesday,February,0
2025-02-22,S004,M105,ORS,Hydration,25,0,0,78,Saturday,February,1
2025-06-08,S005,M101,Paracetamol,Painkiller,25,0,0,86,Sunday,June,1
2025-05-11,S003,M116,Iron Tablet,Supplement,180,0,0,96,Sunday,May,1
2025-04-13,S004,M113,Digene,Antacid,60,0,0,77,Sunday,April,1
2025-08-29,S001,M118,Asthma Inhaler,Respiratory,450,0,1,65,Friday,August,0
2025-07-16,S009,M120,Hand Sanitizer,Hygiene,90,1,0,105,Wednesday,July,0
2025-05-05,S005,M101,Paracetamol,Painkiller,25,0,0,74,Monday,May,0
2025-11-28,S010,M113,Digene,Antacid,60,1,0,106,Friday,November,0
2025-12-08,S004,M104,Vitamin C,Vitamin,120,0,0,67,Monday,December,0
2025-07-30,S001,M113,Digene,Antacid,60,0,0,73,Wednesday,July,0
2025-04-20,S001,M103,Dolo 650,Painkiller,30,0,0,96,Sunday,April,1
2025-07-28,S008,M116,Iron Tablet,Supplement,180,0,0,57,Monday,July,0
2025-09-04,S005,M112,Cough Syrup,Cough,140,1,0,79,Thursday,September,0
2025-01-30,S002,M101,Paracetamol,Painkiller,25,0,0,65,Thursday,January,0
2025-06-15,S005,M108,Amoxicillin,Antibiotic,180,1,0,110,Sunday,June,1
2025-08-17,S007,M115,Calcium Tablet,Supplement,250,0,0,76,Sunday,August,1
2025-12-02,S009,M112,Cough Syrup,Cough,140,0,0,87,Tuesday,December,0
2025-02-17,S005,M114,Pantoprazole,Antacid,110,0,0,72,Monday,February,0
2025-05-01,S003,M104,Vitamin C,Vitamin,120,0,0,81,Thursday,May,0
2025-12-26,S008,M105,ORS,Hydration,25,0,0,91,Friday,December,0
2025-11-25,S009,M115,Calcium Tablet,Supplement,250,1,0,101,Tuesday,November,0
2025-11-13,S010,M101,Paracetamol,Painkiller,25,0,0,85,Thursday,November,0
2025-11-22,S003,M112,Cough Syrup,Cough,140,0,0,96,Saturday,November,1
2025-05-15,S003,M104,Vitamin C,Vitamin,120,0,0,86,Thursday,May,0
2025-11-15,S007,M107,Metformin,Diabetes,80,0,0,99,Saturday,November,1
2025-12-02,S009,M112,Cough Syrup,Cough,140,0,0,88,Tuesday,December,0
2025-08-22,S008,M107,Metformin,Diabetes,80,0,0,87,Friday,August,0
2025-08-28,S004,M105,ORS,Hydration,25,0,0,88,Thursday,August,0
2025-08-21,S004,M119,Eye Drops,Eye Care,160,0,0,77,Thursday,August,0
2025-01-11,S008,M105,ORS,Hydration,25,0,0,84,Saturday,January,1
2025-02-09,S006,M107,Metformin,Diabetes,80,0,0,82,Sunday,February,1
2025-02-15,S008,M114,Pantoprazole,Antacid,110,0,0,88,Saturday,February,1
2025-09-13,S001,M110,Cetirizine,Allergy,40,0,0,81,Saturday,September,1
2025-09-11,S007,M106,Insulin,Diabetes,550,0,0,51,Thursday,September,0
2025-04-22,S010,M115,Calcium Tablet,Supplement,250,0,1,86,Tuesday,April,0
2025-11-18,S005,M117,BP Tablet,Cardiac,320,0,0,63,Tuesday,November,0
2025-05-05,S008,M106,Insulin,Diabetes,550,1,0,63,Monday,May,0
2025-10-26,S006,M110,Cetirizine,Allergy,40,0,0,75,Sunday,October,1
2025-05-24,S004,M114,Pantoprazole,Antacid,110,0,0,99,Saturday,May,1
2025-02-05,S010,M114,Pantoprazole,Antacid,110,0,0,84,Wednesday,February,0
2025-04-18,S006,M118,Asthma Inhaler,Respiratory,450,0,0,44,Friday,April,0
2025-04-21,S006,M102,Crocin,Painkiller,35,0,0,68,Monday,April,0
2025-03-18,S007,M119,Eye Drops,Eye Care,160,0,0,84,Tuesday,March,0
2025-01-27,S008,M115,Calcium Tablet,Supplement,250,1,0,79,Monday,January,0
2025-07-31,S006,M104,Vitamin C,Vitamin,120,0,0,85,Thursday,July,0
2025-10-27,S006,M104,Vitamin C,Vitamin,120,0,0,70,Monday,October,0
2025-01-11,S001,M111,Benadryl,Cough,90,0,0,88,Saturday,January,1
2025-12-19,S006,M120,Hand Sanitizer,Hygiene,90,0,0,85,Friday,December,0
2025-01-05,S007,M116,Iron Tablet,Supplement,180,1,0,109,Sunday,January,1
2025-09-01,S009,M114,Pantoprazole,Antacid,110,0,0,79,Monday,September,0
2025-12-04,S010,M117,BP Tablet,Cardiac,320,0,0,49,Thursday,December,0
2025-06-16,S001,M107,Metformin,Diabetes,80,1,0,104,Monday,June,0
2025-06-29,S002,M110,Cetirizine,Allergy,40,0,1,101,Sunday,June,1
2025-03-03,S003,M114,Pantoprazole,Antacid,110,1,0,99,Monday,March,0
2025-03-12,S008,M114,Pantoprazole,Antacid,110,1,0,84,Wednesday,March,0
2025-03-15,S005,M104,Vitamin C,Vitamin,120,0,0,85,Saturday,March,1
2025-08-06,S008,M107,Metformin,Diabetes,80,0,0,87,Wednesday,August,0
2025-06-09,S008,M111,Benadryl,Cough,90,0,0,78,Monday,June,0
2025-11-01,S008,M113,Digene,Antacid,60,0,0,96,Saturday,November,1
2025-09-17,S009,M105,ORS,Hydration,25,0,0,78,Wednesday,September,0
2025-09-26,S001,M107,Metformin,Diabetes,80,1,0,104,Friday,September,0
2025-11-25,S002,M120,Hand Sanitizer,Hygiene,90,0,0,79,Tuesday,November,0
2025-08-09,S001,M106,Insulin,Diabetes,550,0,0,64,Saturday,August,1
2025-09-28,S008,M117,BP Tablet,Cardiac,320,1,0,102,Sunday,September,1
2025-12-25,S005,M118,Asthma Inhaler,Respiratory,450,1,0,92,Thursday,December,0
2025-09-08,S008,M117,BP Tablet,Cardiac,320,1,0,82,Monday,September,0
2025-10-08,S007,M111,Benadryl,Cough,90,0,0,64,Wednesday,October,0
2025-08-18,S004,M119,Eye Drops,Eye Care,160,0,0,66,Monday,August,0
2025-04-12,S005,M101,Paracetamol,Painkiller,25,0,0,92,Saturday,April,1
2025-04-22,S001,M103,Dolo 650,Painkiller,30,1,0,83,Tuesday,April,0
2025-04-08,S004,M111,Benadryl,Cough,90,0,1,80,Tuesday,April,0
2025-11-27,S007,M104,Vitamin C,Vitamin,120,0,0,77,Thursday,November,0
2025-05-02,S002,M112,Cough Syrup,Cough,140,1,0,108,Friday,May,0
2025-09-06,S004,M119,Eye Drops,Eye Care,160,0,0,87,Saturday,September,1
2025-07-25,S010,M105,ORS,Hydration,25,0,0,81,Friday,July,0
2025-02-07,S004,M109,Azithromycin,Antibiotic,220,0,0,84,Friday,February,0
2025-05-30,S005,M107,Metformin,Diabetes,80,0,0,63,Friday,May,0
2025-04-10,S002,M110,Cetirizine,Allergy,40,1,0,100,Thursday,April,0
2025-07-12,S003,M110,Cetirizine,Allergy,40,0,0,92,Saturday,July,1
2025-10-25,S009,M104,Vitamin C,Vitamin,120,0,0,74,Saturday,October,1
2025-12-28,S007,M114,Pantoprazole,Antacid,110,0,0,69,Sunday,December,1
2025-03-11,S004,M111,Benadryl,Cough,90,0,0,75,Tuesday,March,0
2025-08-23,S006,M113,Digene,Antacid,60,0,0,88,Saturday,August,1
2025-09-19,S008,M108,Amoxicillin,Antibiotic,180,0,0,74,Friday,September,0
2025-06-21,S004,M111,Benadryl,Cough,90,0,1,115,Saturday,June,1
2025-01-09,S007,M108,Amoxicillin,Antibiotic,180,0,0,86,Thursday,January,0
2025-05-04,S008,M116,Iron Tablet,Supplement,180,0,0,82,Sunday,May,1
2025-08-30,S003,M105,ORS,Hydration,25,0,1,111,Saturday,August,1
2025-03-04,S006,M109,Azithromycin,Antibiotic,220,1,0,89,Tuesday,March,0
2025-03-20,S007,M112,Cough Syrup,Cough,140,1,0,91,Thursday,March,0
2025-10-06,S009,M101,Paracetamol,Painkiller,25,0,0,84,Monday,October,0
2025-11-10,S007,M105,ORS,Hydration,25,1,0,94,Monday,November,0
2025-01-16,S010,M110,Cetirizine,Allergy,40,0,0,66,Thursday,January,0
2025-02-05,S005,M113,Digene,Antacid,60,1,0,105,Wednesday,February,0
2025-06-30,S008,M116,Iron Tablet,Supplement,180,0,0,66,Monday,June,0
2025-05-23,S003,M115,Calcium Tablet,Supplement,250,0,0,57,Friday,May,0
2025-11-04,S002,M106,Insulin,Diabetes,550,0,0,62,Tuesday,November,0
2025-03-01,S010,M106,Insulin,Diabetes,550,1,0,77,Saturday,March,1
2025-09-14,S003,M105,ORS,Hydration,25,0,0,87,Sunday,September,1
2025-11-04,S005,M105,ORS,Hydration,25,1,0,111,Tuesday,November,0
2025-11-15,S004,M102,Crocin,Painkiller,35,1,0,94,Saturday,November,1
2025-08-29,S006,M117,BP Tablet,Cardiac,320,1,0,92,Friday,August,0
2025-06-06,S004,M103,Dolo 650,Painkiller,30,1,0,89,Friday,June,0
2025-03-24,S001,M110,Cetirizine,Allergy,40,0,0,68,Monday,March,0
2025-06-10,S009,M112,Cough Syrup,Cough,140,0,1,75,Tuesday,June,0
2025-09-30,S002,M113,Digene,Antacid,60,1,0,109,Tuesday,September,0
2025-06-26,S008,M104,Vitamin C,Vitamin,120,0,0,78,Thursday,June,0
2025-09-29,S006,M119,Eye Drops,Eye Care,160,0,0,62,Monday,September,0
2025-01-04,S006,M117,BP Tablet,Cardiac,320,1,0,109,Saturday,January,1
2025-09-29,S009,M102,Crocin,Painkiller,35,0,0,90,Monday,September,0
2025-02-20,S010,M105,ORS,Hydration,25,0,0,74,Thursday,February,0
2025-11-27,S004,M106,Insulin,Diabetes,550,0,1,62,Thursday,November,0
2025-04-21,S001,M112,Cough Syrup,Cough,140,0,0,62,Monday,April,0
2025-11-16,S006,M105,ORS,Hydration,25,0,0,100,Sunday,November,1
2025-08-05,S010,M111,Benadryl,Cough,90,0,0,71,Tuesday,August,0
2025-06-07,S010,M113,Digene,Antacid,60,0,0,76,Saturday,June,1
2025-11-18,S008,M114,Pantoprazole,Antacid,110,0,0,65,Tuesday,November,0
2025-12-03,S008,M113,Digene,Antacid,60,0,1,96,Wednesday,December,0
2025-09-06,S007,M109,Azithromycin,Antibiotic,220,1,0,108,Saturday,September,1
2025-06-09,S007,M112,Cough Syrup,Cough,140,1,0,91,Monday,June,0
2025-08-04,S010,M107,Metformin,Diabetes,80,1,0,95,Monday,August,0
2025-10-08,S001,M110,Cetirizine,Allergy,40,0,0,68,Wednesday,October,0
2025-05-07,S004,M105,ORS,Hydration,25,0,0,76,Wednesday,May,0
2025-02-10,S009,M113,Digene,Antacid,60,0,0,64,Monday,February,0
2025-10-04,S005,M114,Pantoprazole,Antacid,110,1,0,117,Saturday,October,1
2025-03-14,S007,M110,Cetirizine,Allergy,40,0,0,81,Friday,March,0
2025-03-08,S004,M120,Hand Sanitizer,Hygiene,90,1,0,103,Saturday,March,1
2025-05-20,S004,M116,Iron Tablet,Supplement,180,0,0,85,Tuesday,May,0
2025-11-13,S007,M109,Azithromycin,Antibiotic,220,0,0,54,Thursday,November,0
2025-03-06,S009,M101,Paracetamol,Painkiller,25,0,0,86,Thursday,March,0
2025-12-02,S010,M113,Digene,Antacid,60,1,0,85,Tuesday,December,0
2025-05-02,S008,M105,ORS,Hydration,25,0,0,84,Friday,May,0
2025-03-05,S002,M112,Cough Syrup,Cough,140,0,0,82,Wednesday,March,0
2025-07-29,S007,M102,Crocin,Painkiller,35,0,0,90,Tuesday,July,0
2025-03-03,S010,M103,Dolo 650,Painkiller,30,0,0,63,Monday,March,0
2025-07-13,S007,M103,Dolo 650,Painkiller,30,0,0,79,Sunday,July,1
2025-05-27,S001,M115,Calcium Tablet,Supplement,250,0,0,61,Tuesday,May,0
2025-08-16,S010,M114,Pantoprazole,Antacid,110,0,0,95,Saturday,August,1
2025-02-18,S009,M111,Benadryl,Cough,90,1,1,124,Tuesday,February,0
2025-10-16,S010,M106,Insulin,Diabetes,550,0,0,65,Thursday,October,0
2025-11-24,S004,M107,Metformin,Diabetes,80,0,0,77,Monday,November,0
2025-03-10,S005,M120,Hand Sanitizer,Hygiene,90,0,0,61,Monday,March,0
2025-10-20,S006,M103,Dolo 650,Painkiller,30,0,0,80,Monday,October,0
2025-10-20,S009,M103,Dolo 650,Painkiller,30,1,0,112,Monday,October,0
2025-12-14,S003,M115,Calcium Tablet,Supplement,250,0,0,68,Sunday,December,1
2025-01-10,S002,M117,BP Tablet,Cardiac,320,0,0,50,Friday,January,0
2025-03-31,S008,M111,Benadryl,Cough,90,0,0,83,Monday,March,0
2025-09-17,S009,M120,Hand Sanitizer,Hygiene,90,0,0,70,Wednesday,September,0
2025-11-22,S006,M108,Amoxicillin,Antibiotic,180,0,0,73,Saturday,November,1
2025-02-12,S010,M107,Metformin,Diabetes,80,0,0,90,Wednesday,February,0
2025-02-27,S003,M102,Crocin,Painkiller,35,1,0,111,Thursday,February,0
2025-10-15,S006,M105,ORS,Hydration,25,1,0,86,Wednesday,October,0
2025-03-07,S003,M116,Iron Tablet,Supplement,180,0,0,84,Friday,March,0
2025-02-13,S009,M109,Azithromycin,Antibiotic,220,1,0,96,Thursday,February,0
2025-12-23,S002,M109,Azithromycin,Antibiotic,220,0,0,83,Tuesday,December,0
2025-07-04,S005,M106,Insulin,Diabetes,550,0,0,58,Friday,July,0
2025-04-16,S005,M117,BP Tablet,Cardiac,320,1,0,90,Wednesday,April,0
2025-05-24,S003,M109,Azithromycin,Antibiotic,220,1,0,112,Saturday,May,1
2025-01-27,S005,M112,Cough Syrup,Cough,140,1,0,97,Monday,January,0
2025-05-13,S008,M109,Azithromycin,Antibiotic,220,0,0,64,Tuesday,May,0
2025-06-17,S006,M104,Vitamin C,Vitamin,120,1,0,94,Tuesday,June,0
2025-10-13,S002,M102,Crocin,Painkiller,35,0,0,68,Monday,October,0
2025-07-08,S007,M114,Pantoprazole,Antacid,110,1,0,97,Tuesday,July,0
2025-02-28,S006,M108,Amoxicillin,Antibiotic,180,0,0,81,Friday,February,0
2025-10-30,S001,M118,Asthma Inhaler,Respiratory,450,0,0,69,Thursday,October,0
2025-12-16,S004,M106,Insulin,Diabetes,550,0,0,38,Tuesday,December,0
2025-06-24,S006,M102,Crocin,Painkiller,35,0,0,64,Tuesday,June,0
2025-07-06,S007,M103,Dolo 650,Painkiller,30,0,0,78,Sunday,July,1
2025-11-17,S004,M113,Digene,Antacid,60,0,1,95,Monday,November,0
2025-11-28,S005,M106,Insulin,Diabetes,550,0,0,49,Friday,November,0
2025-02-12,S002,M115,Calcium Tablet,Supplement,250,0,0,73,Wednesday,February,0
2025-04-14,S010,M113,Digene,Antacid,60,0,0,88,Monday,April,0
2025-01-16,S003,M107,Metformin,Diabetes,80,0,0,64,Thursday,January,0
2025-06-06,S009,M101,Paracetamol,Painkiller,25,1,0,104,Friday,June,0
2025-06-30,S005,M118,Asthma Inhaler,Respiratory,450,0,0,53,Monday,June,0
2025-05-21,S009,M105,ORS,Hydration,25,0,0,80,Wednesday,May,0
2025-07-15,S009,M106,Insulin,Diabetes,550,0,0,42,Tuesday,July,0
2025-01-01,S005,M115,Calcium Tablet,Supplement,250,1,0,98,Wednesday,January,0
2025-04-26,S004,M105,ORS,Hydration,25,1,0,104,Saturday,April,1
2025-07-05,S009,M119,Eye Drops,Eye Care,160,0,0,93,Saturday,July,1
2025-05-01,S002,M119,Eye Drops,Eye Care,160,0,0,87,Thursday,May,0
2025-04-14,S010,M105,ORS,Hydration,25,0,0,66,Monday,April,0
2025-06-19,S007,M109,Azithromycin,Antibiotic,220,0,0,77,Thursday,June,0
2025-05-20,S005,M102,Crocin,Painkiller,35,0,0,91,Tuesday,May,0
2025-04-27,S010,M101,Paracetamol,Painkiller,25,0,0,96,Sunday,April,1
2025-04-19,S004,M116,Iron Tablet,Supplement,180,0,0,80,Saturday,April,1
2025-10-22,S004,M106,Insulin,Diabetes,550,1,0,85,Wednesday,October,0
2025-05-12,S002,M115,Calcium Tablet,Supplement,250,0,0,60,Monday,May,0
2025-11-25,S009,M103,Dolo 650,Painkiller,30,0,0,64,Tuesday,November,0
2025-01-28,S002,M119,Eye Drops,Eye Care,160,1,0,81,Tuesday,January,0
2025-11-19,S001,M102,Crocin,Painkiller,35,0,0,88,Wednesday,November,0
2025-04-22,S005,M104,Vitamin C,Vitamin,120,0,0,87,Tuesday,April,0
2025-06-02,S007,M117,BP Tablet,Cardiac,320,0,0,71,Monday,June,0
2025-04-25,S007,M108,Amoxicillin,Antibiotic,180,0,0,86,Friday,April,0
2025-04-11,S009,M109,Azithromycin,Antibiotic,220,0,0,64,Friday,April,0
2025-10-04,S003,M119,Eye Drops,Eye Care,160,1,0,91,Saturday,October,1
2025-08-15,S009,M113,Digene,Antacid,60,0,0,64,Friday,August,0
2025-04-25,S001,M114,Pantoprazole,Antacid,110,0,0,87,Friday,April,0
2025-12-14,S002,M101,Paracetamol,Painkiller,25,0,0,81,Sunday,December,1
2025-01-24,S008,M112,Cough Syrup,Cough,140,1,0,83,Friday,January,0
2025-05-17,S003,M109,Azithromycin,Antibiotic,220,1,0,105,Saturday,May,1
2025-11-07,S009,M101,Paracetamol,Painkiller,25,0,0,90,Friday,November,0
2025-11-10,S008,M112,Cough Syrup,Cough,140,0,1,100,Monday,November,0
2025-08-08,S010,M102,Crocin,Painkiller,35,1,0,85,Friday,August,0
2025-08-29,S010,M107,Metformin,Diabetes,80,1,0,92,Friday,August,0
2025-12-04,S008,M118,Asthma Inhaler,Respiratory,450,1,0,87,Thursday,December,0
2025-02-24,S002,M104,Vitamin C,Vitamin,120,0,0,74,Monday,February,0
2025-09-05,S001,M120,Hand Sanitizer,Hygiene,90,0,0,73,Friday,September,0
2025-01-10,S001,M111,Benadryl,Cough,90,0,0,76,Friday,January,0
2025-02-08,S009,M106,Insulin,Diabetes,550,1,0,71,Saturday,February,1
2025-09-27,S005,M117,BP Tablet,Cardiac,320,0,0,89,Saturday,September,1
2025-08-22,S002,M104,Vitamin C,Vitamin,120,0,0,75,Friday,August,0
2025-10-24,S003,M111,Benadryl,Cough,90,1,0,102,Friday,October,0
2025-11-14,S008,M111,Benadryl,Cough,90,0,0,78,Friday,November,0
2025-08-08,S010,M106,Insulin,Diabetes,550,1,0,62,Friday,August,0
2025-11-02,S008,M112,Cough Syrup,Cough,140,0,0,78,Sunday,November,1
2025-08-11,S007,M113,Digene,Antacid,60,0,0,86,Monday,August,0
2025-05-26,S008,M103,Dolo 650,Painkiller,30,0,0,79,Monday,May,0
2025-12-05,S004,M110,Cetirizine,Allergy,40,0,0,69,Friday,December,0
2025-01-13,S006,M116,Iron Tablet,Supplement,180,0,0,68,Monday,January,0
2025-06-30,S006,M101,Paracetamol,Painkiller,25,1,0,102,Monday,June,0
2025-12-02,S003,M120,Hand Sanitizer,Hygiene,90,1,0,102,Tuesday,December,0
2025-07-12,S009,M111,Benadryl,Cough,90,1,0,119,Saturday,July,1
2025-11-16,S006,M112,Cough Syrup,Cough,140,1,1,121,Sunday,November,1
2025-06-04,S003,M120,Hand Sanitizer,Hygiene,90,0,0,89,Wednesday,June,0
2025-05-04,S007,M116,Iron Tablet,Supplement,180,0,0,74,Sunday,May,1
2025-07-19,S003,M116,Iron Tablet,Supplement,180,0,0,69,Saturday,July,1
2025-08-21,S002,M115,Calcium Tablet,Supplement,250,1,0,86,Thursday,August,0
2025-05-02,S002,M110,Cetirizine,Allergy,40,0,1,93,Friday,May,0
2025-06-16,S002,M103,Dolo 650,Painkiller,30,0,0,86,Monday,June,0
2025-07-23,S009,M115,Calcium Tablet,Supplement,250,0,0,81,Wednesday,July,0
2025-10-19,S004,M105,ORS,Hydration,25,0,1,116,Sunday,October,1
2025-02-21,S002,M101,Paracetamol,Painkiller,25,0,1,99,Friday,February,0
2025-08-11,S002,M116,Iron Tablet,Supplement,180,0,0,85,Monday,August,0
2025-05-03,S005,M112,Cough Syrup,Cough,140,1,0,90,Saturday,May,1
2025-03-12,S006,M110,Cetirizine,Allergy,40,0,0,78,Wednesday,March,0
2025-08-11,S008,M101,Paracetamol,Painkiller,25,0,0,72,Monday,August,0
2025-05-07,S001,M108,Amoxicillin,Antibiotic,180,0,0,69,Wednesday,May,0
2025-01-17,S001,M105,ORS,Hydration,25,1,0,113,Friday,January,0
2025-05-21,S006,M107,Metformin,Diabetes,80,1,0,101,Wednesday,May,0
2025-06-30,S006,M101,Paracetamol,Painkiller,25,1,0,84,Monday,June,0
2025-04-12,S005,M108,Amoxicillin,Antibiotic,180,0,0,94,Saturday,April,1
2025-05-18,S003,M116,Iron Tablet,Supplement,180,1,0,107,Sunday,May,1
2025-08-08,S003,M106,Insulin,Diabetes,550,0,0,61,Friday,August,0
2025-11-15,S005,M101,Paracetamol,Painkiller,25,0,0,92,Saturday,November,1
2025-04-13,S003,M103,Dolo 650,Painkiller,30,0,0,101,Sunday,April,1
2025-05-01,S006,M108,Amoxicillin,Antibiotic,180,0,0,80,Thursday,May,0
2025-07-23,S008,M115,Calcium Tablet,Supplement,250,1,0,90,Wednesday,July,0
2025-10-28,S008,M118,Asthma Inhaler,Respiratory,450,1,0,79,Tuesday,October,0
2025-01-31,S003,M105,ORS,Hydration,25,1,0,102,Friday,January,0
2025-01-24,S004,M110,Cetirizine,Allergy,40,1,0,96,Friday,January,0
2025-08-19,S006,M120,Hand Sanitizer,Hygiene,90,0,0,81,Tuesday,August,0
2025-07-14,S010,M115,Calcium Tablet,Supplement,250,0,0,69,Monday,July,0
2025-07-15,S002,M103,Dolo 650,Painkiller,30,1,0,108,Tuesday,July,0
2025-05-16,S010,M111,Benadryl,Cough,90,0,0,66,Friday,May,0
2025-11-15,S001,M120,Hand Sanitizer,Hygiene,90,0,0,84,Saturday,November,1
2025-08-10,S010,M104,Vitamin C,Vitamin,120,0,0,95,Sunday,August,1
2025-03-10,S007,M107,Metformin,Diabetes,80,1,0,90,Monday,March,0
2025-02-18,S009,M119,Eye Drops,Eye Care,160,0,0,81,Tuesday,February,0
2025-09-27,S002,M106,Insulin,Diabetes,550,1,0,85,Saturday,September,1
2025-04-29,S005,M114,Pantoprazole,Antacid,110,1,0,105,Tuesday,April,0
2025-08-04,S010,M105,ORS,Hydration,25,0,1,78,Monday,August,0
2025-07-16,S001,M113,Digene,Antacid,60,0,0,79,Wednesday,July,0
2025-10-19,S010,M105,ORS,Hydration,25,0,0,73,Sunday,October,1
2025-01-02,S007,M114,Pantoprazole,Antacid,110,0,1,84,Thursday,January,0
2025-08-26,S003,M103,Dolo 650,Painkiller,30,0,0,90,Tuesday,August,0
2025-12-19,S010,M115,Calcium Tablet,Supplement,250,1,0,88,Friday,December,0
2025-07-19,S009,M105,ORS,Hydration,25,0,0,77,Saturday,July,1
2025-06-23,S003,M117,BP Tablet,Cardiac,320,0,1,94,Monday,June,0
2025-07-02,S002,M114,Pantoprazole,Antacid,110,0,0,62,Wednesday,July,0
2025-07-12,S009,M114,Pantoprazole,Antacid,110,0,0,70,Saturday,July,1
2025-06-29,S004,M109,Azithromycin,Antibiotic,220,0,0,82,Sunday,June,1
2025-07-15,S004,M106,Insulin,Diabetes,550,1,0,64,Tuesday,July,0
2025-06-01,S003,M113,Digene,Antacid,60,0,0,91,Sunday,June,1
2025-03-13,S010,M104,Vitamin C,Vitamin,120,0,0,86,Thursday,March,0
2025-08-15,S009,M111,Benadryl,Cough,90,1,0,80,Friday,August,0
2025-04-24,S008,M108,Amoxicillin,Antibiotic,180,1,0,87,Thursday,April,0
2025-05-26,S004,M104,Vitamin C,Vitamin,120,0,0,88,Monday,May,0
2025-10-07,S007,M106,Insulin,Diabetes,550,0,0,66,Tuesday,October,0
2025-05-01,S004,M105,ORS,Hydration,25,0,0,72,Thursday,May,0
2025-01-11,S009,M106,Insulin,Diabetes,550,0,0,77,Saturday,January,1
2025-01-18,S005,M114,Pantoprazole,Antacid,110,0,0,69,Saturday,January,1
2025-02-19,S008,M106,Insulin,Diabetes,550,0,0,64,Wednesday,February,0
2025-01-18,S002,M103,Dolo 650,Painkiller,30,0,0,90,Saturday,January,1
2025-12-09,S006,M112,Cough Syrup,Cough,140,0,0,84,Tuesday,December,0
2025-06-28,S004,M119,Eye Drops,Eye Care,160,0,0,76,Saturday,June,1
2025-08-06,S004,M119,Eye Drops,Eye Care,160,0,0,84,Wednesday,August,0
2025-02-27,S004,M112,Cough Syrup,Cough,140,0,0,67,Thursday,February,0
2025-10-19,S009,M109,Azithromycin,Antibiotic,220,0,0,80,Sunday,October,1
2025-12-13,S001,M118,Asthma Inhaler,Respiratory,450,0,0,64,Saturday,December,1
2025-03-22,S008,M116,Iron Tablet,Supplement,180,1,0,95,Saturday,March,1
2025-03-11,S001,M116,Iron Tablet,Supplement,180,0,0,80,Tuesday,March,0
2025-09-06,S003,M113,Digene,Antacid,60,0,0,84,Saturday,September,1
2025-03-03,S002,M115,Calcium Tablet,Supplement,250,1,1,104,Monday,March,0
2025-10-18,S001,M107,Metformin,Diabetes,80,0,0,87,Saturday,October,1
2025-07-25,S009,M110,Cetirizine,Allergy,40,1,1,117,Friday,July,0
2025-12-19,S005,M114,Pantoprazole,Antacid,110,1,0,100,Friday,December,0
2025-09-25,S007,M101,Paracetamol,Painkiller,25,0,0,86,Thursday,September,0
2025-02-25,S005,M108,Amoxicillin,Antibiotic,180,0,0,70,Tuesday,February,0
2025-11-19,S008,M111,Benadryl,Cough,90,0,0,70,Wednesday,November,0
2025-06-14,S010,M118,Asthma Inhaler,Respiratory,450,0,0,69,Saturday,June,1
2025-10-12,S007,M107,Metformin,Diabetes,80,0,0,84,Sunday,October,1
2025-07-30,S006,M102,Crocin,Painkiller,35,0,0,81,Wednesday,July,0
2025-02-15,S001,M107,Metformin,Diabetes,80,1,0,112,Saturday,February,1
2025-12-06,S007,M101,Paracetamol,Painkiller,25,0,0,99,Saturday,December,1
2025-12-24,S003,M110,Cetirizine,Allergy,40,0,0,74,Wednesday,December,0
2025-05-01,S001,M114,Pantoprazole,Antacid,110,1,0,89,Thursday,May,0
2025-07-30,S003,M114,Pantoprazole,Antacid,110,0,0,88,Wednesday,July,0
2025-04-08,S002,M117,BP Tablet,Cardiac,320,0,0,75,Tuesday,April,0
2025-01-18,S008,M115,Calcium Tablet,Supplement,250,1,0,100,Saturday,January,1
2025-04-05,S007,M115,Calcium Tablet,Supplement,250,1,0,87,Saturday,April,1
2025-06-10,S004,M103,Dolo 650,Painkiller,30,0,0,68,Tuesday,June,0
2025-05-06,S002,M105,ORS,Hydration,25,0,1,98,Tuesday,May,0
2025-12-13,S005,M113,Digene,Antacid,60,0,0,90,Saturday,December,1
2025-10-26,S002,M113,Digene,Antacid,60,0,0,77,Sunday,October,1
2025-10-23,S007,M102,Crocin,Painkiller,35,0,0,68,Thursday,October,0
2025-06-12,S004,M112,Cough Syrup,Cough,140,1,0,78,Thursday,June,0
2025-04-27,S010,M106,Insulin,Diabetes,550,0,0,68,Sunday,April,1
2025-10-08,S010,M120,Hand Sanitizer,Hygiene,90,0,0,90,Wednesday,October,0
2025-04-05,S004,M106,Insulin,Diabetes,550,1,0,86,Saturday,April,1
2025-10-31,S008,M119,Eye Drops,Eye Care,160,0,0,82,Friday,October,0
2025-04-13,S009,M113,Digene,Antacid,60,0,0,102,Sunday,April,1
2025-02-04,S010,M116,Iron Tablet,Supplement,180,0,0,82,Tuesday,February,0
2025-06-15,S010,M112,Cough Syrup,Cough,140,0,0,91,Sunday,June,1
2025-03-28,S009,M107,Metformin,Diabetes,80,0,0,88,Friday,March,0
2025-04-29,S010,M104,Vitamin C,Vitamin,120,0,0,80,Tuesday,April,0
2025-03-13,S002,M119,Eye Drops,Eye Care,160,0,0,58,Thursday,March,0
2025-05-25,S008,M107,Metformin,Diabetes,80,0,0,82,Sunday,May,1
2025-10-10,S007,M106,Insulin,Diabetes,550,0,0,49,Friday,October,0
2025-10-03,S001,M105,ORS,Hydration,25,1,0,103,Friday,October,0
2025-07-20,S006,M118,Asthma Inhaler,Respiratory,450,1,0,91,Sunday,July,1
2025-07-22,S009,M113,Digene,Antacid,60,0,0,66,Tuesday,July,0
2025-02-25,S002,M119,Eye Drops,Eye Care,160,1,0,98,Tuesday,February,0
2025-09-29,S010,M106,Insulin,Diabetes,550,1,0,72,Monday,September,0
2025-07-26,S008,M113,Digene,Antacid,60,0,0,87,Saturday,July,1
2025-08-14,S002,M109,Azithromycin,Antibiotic,220,1,0,76,Thursday,August,0
2025-11-23,S003,M112,Cough Syrup,Cough,140,1,0,89,Sunday,November,1
2025-07-13,S008,M114,Pantoprazole,Antacid,110,0,0,97,Sunday,July,1
2025-09-25,S006,M111,Benadryl,Cough,90,1,0,95,Thursday,September,0
2025-12-07,S004,M101,Paracetamol,Painkiller,25,0,0,101,Sunday,December,1
2025-10-01,S002,M114,Pantoprazole,Antacid,110,0,0,59,Wednesday,October,0
2025-03-16,S004,M114,Pantoprazole,Antacid,110,0,0,76,Sunday,March,1
2025-07-07,S001,M114,Pantoprazole,Antacid,110,0,0,59,Monday,July,0
2025-01-01,S010,M106,Insulin,Diabetes,550,0,0,66,Wednesday,January,0
2025-05-08,S009,M112,Cough Syrup,Cough,140,0,0,62,Thursday,May,0
2025-06-19,S010,M102,Crocin,Painkiller,35,0,0,75,Thursday,June,0
2025-10-24,S003,M108,Amoxicillin,Antibiotic,180,0,0,79,Friday,October,0
2025-12-26,S010,M110,Cetirizine,Allergy,40,0,1,92,Friday,December,0
2025-09-16,S004,M104,Vitamin C,Vitamin,120,0,0,77,Tuesday,September,0
2025-07-07,S007,M120,Hand Sanitizer,Hygiene,90,1,0,83,Monday,July,0
2025-04-16,S008,M120,Hand Sanitizer,Hygiene,90,1,0,90,Wednesday,April,0
2025-03-14,S007,M107,Metformin,Diabetes,80,1,0,105,Friday,March,0
2025-06-12,S010,M118,Asthma Inhaler,Respiratory,450,1,0,78,Thursday,June,0
2025-11-03,S007,M103,Dolo 650,Painkiller,30,1,0,91,Monday,November,0
2025-07-07,S009,M105,ORS,Hydration,25,0,0,83,Monday,July,0
2025-01-06,S004,M117,BP Tablet,Cardiac,320,0,1,90,Monday,January,0
2025-01-31,S008,M117,BP Tablet,Cardiac,320,0,0,75,Friday,January,0
2025-12-29,S004,M108,Amoxicillin,Antibiotic,180,0,0,77,Monday,December,0
2025-10-14,S002,M107,Metformin,Diabetes,80,0,1,92,Tuesday,October,0
2025-10-16,S009,M103,Dolo 650,Painkiller,30,0,0,64,Thursday,October,0
2025-05-11,S009,M113,Digene,Antacid,60,0,0,73,Sunday,May,1
2025-09-29,S003,M112,Cough Syrup,Cough,140,1,0,88,Monday,September,0
2025-07-10,S005,M108,Amoxicillin,Antibiotic,180,0,0,67,Thursday,July,0
2025-12-11,S006,M112,Cough Syrup,Cough,140,0,0,88,Thursday,December,0
2025-07-25,S007,M118,Asthma Inhaler,Respiratory,450,0,0,69,Friday,July,0
2025-01-21,S004,M119,Eye Drops,Eye Care,160,0,0,75,Tuesday,January,0
2025-01-14,S002,M103,Dolo 650,Painkiller,30,1,0,103,Tuesday,January,0
2025-07-06,S007,M107,Metformin,Diabetes,80,0,0,78,Sunday,July,1
2025-12-14,S003,M113,Digene,Antacid,60,0,0,101,Sunday,December,1
2025-10-03,S004,M111,Benadryl,Cough,90,0,0,81,Friday,October,0
2025-09-04,S002,M117,BP Tablet,Cardiac,320,0,0,72,Thursday,September,0
2025-06-15,S005,M113,Digene,Antacid,60,0,0,91,Sunday,June,1
2025-08-10,S005,M117,BP Tablet,Cardiac,320,0,0,67,Sunday,August,1
2025-09-11,S010,M117,BP Tablet,Cardiac,320,1,0,97,Thursday,September,0
2025-10-16,S006,M119,Eye Drops,Eye Care,160,0,0,71,Thursday,October,0
2025-08-01,S007,M116,Iron Tablet,Supplement,180,1,0,80,Friday,August,0
2025-11-27,S008,M101,Paracetamol,Painkiller,25,1,0,105,Thursday,November,0
2025-02-12,S009,M105,ORS,Hydration,25,0,0,85,Wednesday,February,0
2025-10-08,S007,M106,Insulin,Diabetes,550,0,0,62,Wednesday,October,0
2025-10-21,S004,M117,BP Tablet,Cardiac,320,0,0,72,Tuesday,October,0
2025-09-21,S009,M111,Benadryl,Cough,90,1,0,116,Sunday,September,1
2025-04-04,S002,M118,Asthma Inhaler,Respiratory,450,0,0,57,Friday,April,0
2025-08-14,S005,M106,Insulin,Diabetes,550,0,0,61,Thursday,August,0
2025-02-12,S007,M105,ORS,Hydration,25,0,0,66,Wednesday,February,0
2025-08-29,S006,M107,Metformin,Diabetes,80,0,0,82,Friday,August,0
2025-11-13,S002,M110,Cetirizine,Allergy,40,0,0,77,Thursday,November,0
2025-10-17,S001,M108,Amoxicillin,Antibiotic,180,0,0,83,Friday,October,0
2025-03-14,S010,M110,Cetirizine,Allergy,40,0,0,91,Friday,March,0
2025-04-04,S001,M120,Hand Sanitizer,Hygiene,90,0,0,85,Friday,April,0
2025-08-04,S007,M107,Metformin,Diabetes,80,0,0,90,Monday,August,0
2025-11-14,S010,M115,Calcium Tablet,Supplement,250,0,0,60,Friday,November,0
2025-12-25,S005,M117,BP Tablet,Cardiac,320,0,0,66,Thursday,December,0
2025-06-16,S001,M107,Metformin,Diabetes,80,1,0,85,Monday,June,0
2025-09-18,S010,M120,Hand Sanitizer,Hygiene,90,0,0,89,Thursday,September,0
2025-12-06,S003,M120,Hand Sanitizer,Hygiene,90,0,0,91,Saturday,December,1
2025-05-21,S010,M110,Cetirizine,Allergy,40,0,0,80,Wednesday,May,0
2025-05-19,S007,M101,Paracetamol,Painkiller,25,1,0,109,Monday,May,0
2025-07-27,S009,M114,Pantoprazole,Antacid,110,1,0,92,Sunday,July,1
2025-03-04,S006,M104,Vitamin C,Vitamin,120,0,0,77,Tuesday,March,0
2025-09-09,S003,M109,Azithromycin,Antibiotic,220,0,1,90,Tuesday,September,0
2025-11-11,S008,M105,ORS,Hydration,25,0,0,76,Tuesday,November,0
2025-05-27,S004,M116,Iron Tablet,Supplement,180,0,0,57,Tuesday,May,0
2025-04-15,S003,M103,Dolo 650,Painkiller,30,0,0,82,Tuesday,April,0
2025-09-26,S009,M103,Dolo 650,Painkiller,30,1,0,112,Friday,September,0
2025-08-24,S010,M109,Azithromycin,Antibiotic,220,0,0,78,Sunday,August,1
2025-10-11,S007,M120,Hand Sanitizer,Hygiene,90,0,0,75,Saturday,October,1
2025-09-23,S004,M112,Cough Syrup,Cough,140,0,0,60,Tuesday,September,0
2025-12-21,S004,M103,Dolo 650,Painkiller,30,0,0,88,Sunday,December,1
2025-06-07,S010,M105,ORS,Hydration,25,0,0,93,Saturday,June,1
2025-04-06,S002,M102,Crocin,Painkiller,35,0,0,88,Sunday,April,1
2025-06-15,S010,M105,ORS,Hydration,25,0,0,86,Sunday,June,1
2025-11-22,S008,M104,Vitamin C,Vitamin,120,0,0,99,Saturday,November,1
2025-02-22,S003,M104,Vitamin C,Vitamin,120,0,0,75,Saturday,February,1
2025-04-17,S001,M116,Iron Tablet,Supplement,180,0,0,86,Thursday,April,0
2025-08-05,S008,M112,Cough Syrup,Cough,140,0,1,83,Tuesday,August,0
2025-01-27,S001,M109,Azithromycin,Antibiotic,220,0,0,80,Monday,January,0
2025-01-27,S010,M118,Asthma Inhaler,Respiratory,450,0,0,67,Monday,January,0
2025-10-15,S008,M109,Azithromycin,Antibiotic,220,1,0,82,Wednesday,October,0
2025-09-20,S005,M105,ORS,Hydration,25,0,0,95,Saturday,September,1
2025-06-10,S007,M102,Crocin,Painkiller,35,0,0,91,Tuesday,June,0
2025-11-30,S002,M107,Metformin,Diabetes,80,1,0,93,Sunday,November,1
2025-06-27,S008,M103,Dolo 650,Painkiller,30,0,0,77,Friday,June,0
2025-04-21,S010,M112,Cough Syrup,Cough,140,1,0,96,Monday,April,0
2025-11-09,S010,M116,Iron Tablet,Supplement,180,1,0,86,Sunday,November,1
2025-02-04,S006,M119,Eye Drops,Eye Care,160,1,1,107,Tuesday,February,0
2025-09-11,S008,M107,Metformin,Diabetes,80,0,0,80,Thursday,September,0
2025-08-13,S002,M107,Metformin,Diabetes,80,1,0,85,Wednesday,August,0
2025-03-20,S006,M112,Cough Syrup,Cough,140,1,0,103,Thursday,March,0
2025-07-04,S003,M106,Insulin,Diabetes,550,0,0,57,Friday,July,0
2025-05-08,S007,M117,BP Tablet,Cardiac,320,0,0,63,Thursday,May,0
2025-11-20,S003,M118,Asthma Inhaler,Respiratory,450,0,0,42,Thursday,November,0
2025-06-22,S006,M113,Digene,Antacid,60,0,0,74,Sunday,June,1
2025-11-02,S007,M108,Amoxicillin,Antibiotic,180,0,0,77,Sunday,November,1
2025-03-19,S010,M104,Vitamin C,Vitamin,120,1,0,90,Wednesday,March,0
2025-10-25,S005,M108,Amoxicillin,Antibiotic,180,0,0,86,Saturday,October,1
2025-05-30,S010,M104,Vitamin C,Vitamin,120,1,0,104,Friday,May,0
2025-03-16,S003,M118,Asthma Inhaler,Respiratory,450,1,1,90,Sunday,March,1
2025-08-25,S001,M102,Crocin,Painkiller,35,1,0,89,Monday,August,0
2025-06-14,S009,M101,Paracetamol,Painkiller,25,1,0,114,Saturday,June,1
2025-07-31,S006,M111,Benadryl,Cough,90,1,0,89,Thursday,July,0
2025-04-30,S001,M120,Hand Sanitizer,Hygiene,90,0,0,82,Wednesday,April,0
2025-11-22,S001,M106,Insulin,Diabetes,550,0,0,69,Saturday,November,1
2025-06-24,S003,M113,Digene,Antacid,60,1,0,98,Tuesday,June,0
2025-12-13,S008,M120,Hand Sanitizer,Hygiene,90,0,0,70,Saturday,December,1
2025-08-18,S005,M112,Cough Syrup,Cough,140,0,0,75,Monday,August,0
2025-05-31,S007,M113,Digene,Antacid,60,0,1,107,Saturday,May,1
2025-05-02,S004,M112,Cough Syrup,Cough,140,0,0,77,Friday,May,0
2025-10-02,S008,M113,Digene,Antacid,60,0,1,79,Thursday,October,0
2025-12-16,S001,M109,Azithromycin,Antibiotic,220,0,0,61,Tuesday,December,0
2025-07-27,S002,M107,Metformin,Diabetes,80,0,0,94,Sunday,July,1
2025-08-28,S001,M120,Hand Sanitizer,Hygiene,90,0,0,83,Thursday,August,0
2025-04-22,S009,M120,Hand Sanitizer,Hygiene,90,0,0,81,Tuesday,April,0
2025-09-05,S004,M115,Calcium Tablet,Supplement,250,0,0,69,Friday,September,0
2025-08-28,S007,M107,Metformin,Diabetes,80,0,0,84,Thursday,August,0
2025-03-05,S009,M101,Paracetamol,Painkiller,25,0,0,93,Wednesday,March,0
2025-01-21,S007,M102,Crocin,Painkiller,35,0,0,87,Tuesday,January,0
2025-04-01,S002,M105,ORS,Hydration,25,0,0,86,Tuesday,April,0
2025-10-09,S001,M101,Paracetamol,Painkiller,25,0,0,82,Thursday,October,0
2025-08-10,S008,M113,Digene,Antacid,60,0,0,100,Sunday,August,1
2025-04-11,S005,M108,Amoxicillin,Antibiotic,180,0,0,67,Friday,April,0
2025-06-07,S002,M119,Eye Drops,Eye Care,160,1,0,106,Saturday,June,1
2025-05-27,S002,M116,Iron Tablet,Supplement,180,1,0,86,Tuesday,May,0
2025-12-23,S005,M105,ORS,Hydration,25,0,1,90,Tuesday,December,0
2025-10-07,S010,M116,Iron Tablet,Supplement,180,0,0,60,Tuesday,October,0
2025-07-03,S002,M105,ORS,Hydration,25,0,0,63,Thursday,July,0
2025-02-10,S005,M105,ORS,Hydration,25,1,0,99,Monday,February,0
2025-09-16,S001,M111,Benadryl,Cough,90,1,0,99,Tuesday,September,0
2025-02-04,S007,M112,Cough Syrup,Cough,140,0,0,72,Tuesday,February,0
2025-04-29,S007,M111,Benadryl,Cough,90,1,0,88,Tuesday,April,0
2025-01-24,S010,M111,Benadryl,Cough,90,0,0,78,Friday,January,0
2025-03-06,S005,M114,Pantoprazole,Antacid,110,1,0,94,Thursday,March,0
2025-11-01,S010,M110,Cetirizine,Allergy,40,0,0,97,Saturday,November,1
2025-02-11,S005,M109,Azithromycin,Antibiotic,220,0,0,60,Tuesday,February,0
2025-07-18,S005,M105,ORS,Hydration,25,0,0,91,Friday,July,0
2025-09-20,S010,M110,Cetirizine,Allergy,40,0,1,88,Saturday,September,1
2025-08-06,S005,M101,Paracetamol,Painkiller,25,0,0,82,Wednesday,August,0
2025-04-17,S010,M120,Hand Sanitizer,Hygiene,90,1,0,83,Thursday,April,0
2025-01-21,S004,M111,Benadryl,Cough,90,0,0,68,Tuesday,January,0
2025-08-23,S010,M108,Amoxicillin,Antibiotic,180,0,0,90,Saturday,August,1
2025-04-16,S002,M109,Azithromycin,Antibiotic,220,1,0,104,Wednesday,April,0
2025-08-26,S007,M120,Hand Sanitizer,Hygiene,90,0,0,77,Tuesday,August,0
2025-06-05,S001,M118,Asthma Inhaler,Respiratory,450,0,0,72,Thursday,June,0
2025-02-09,S009,M111,Benadryl,Cough,90,0,0,95,Sunday,February,1
2025-04-27,S005,M120,Hand Sanitizer,Hygiene,90,0,0,77,Sunday,April,1
2025-01-14,S004,M108,Amoxicillin,Antibiotic,180,0,0,65,Tuesday,January,0
2025-12-05,S009,M118,Asthma Inhaler,Respiratory,450,1,0,71,Friday,December,0
2025-08-30,S003,M102,Crocin,Painkiller,35,0,0,93,Saturday,August,1
2025-07-28,S008,M106,Insulin,Diabetes,550,0,1,60,Monday,July,0
2025-09-28,S003,M108,Amoxicillin,Antibiotic,180,0,0,68,Sunday,September,1
2025-07-27,S006,M110,Cetirizine,Allergy,40,0,0,90,Sunday,July,1
2025-05-28,S002,M109,Azithromycin,Antibiotic,220,1,0,76,Wednesday,May,0
2025-01-07,S001,M119,Eye Drops,Eye Care,160,0,0,57,Tuesday,January,0
2025-12-26,S008,M102,Crocin,Painkiller,35,0,0,78,Friday,December,0
2025-10-27,S008,M114,Pantoprazole,Antacid,110,0,1,77,Monday,October,0
2025-11-27,S005,M114,Pantoprazole,Antacid,110,0,0,80,Thursday,November,0
2025-07-18,S001,M104,Vitamin C,Vitamin,120,0,0,66,Friday,July,0
2025-08-24,S006,M109,Azithromycin,Antibiotic,220,0,0,69,Sunday,August,1
2025-10-05,S008,M107,Metformin,Diabetes,80,0,0,84,Sunday,October,1
2025-03-16,S008,M101,Paracetamol,Painkiller,25,0,0,84,Sunday,March,1
2025-07-16,S010,M114,Pantoprazole,Antacid,110,0,0,72,Wednesday,July,0
2025-12-06,S001,M101,Paracetamol,Painkiller,25,0,0,95,Saturday,December,1
2025-08-17,S002,M102,Crocin,Painkiller,35,0,0,91,Sunday,August,1
2025-05-28,S006,M104,Vitamin C,Vitamin,120,0,1,85,Wednesday,May,0
2025-01-15,S003,M116,Iron Tablet,Supplement,180,0,0,75,Wednesday,January,0
2025-02-15,S002,M116,Iron Tablet,Supplement,180,1,0,97,Saturday,February,1
2025-06-08,S005,M114,Pantoprazole,Antacid,110,0,0,69,Sunday,June,1
2025-07-28,S008,M106,Insulin,Diabetes,550,0,0,55,Monday,July,0
2025-09-09,S007,M106,Insulin,Diabetes,550,1,0,69,Tuesday,September,0
2025-02-04,S005,M109,Azithromycin,Antibiotic,220,0,0,72,Tuesday,February,0
2025-03-25,S008,M113,Digene,Antacid,60,0,0,71,Tuesday,March,0
2025-07-02,S007,M115,Calcium Tablet,Supplement,250,0,1,79,Wednesday,July,0
2025-10-13,S006,M104,Vitamin C,Vitamin,120,1,0,102,Monday,October,0
2025-10-26,S007,M103,Dolo 650,Painkiller,30,0,1,99,Sunday,October,1
2025-06-20,S007,M111,Benadryl,Cough,90,0,0,78,Friday,June,0
2025-11-09,S001,M101,Paracetamol,Painkiller,25,0,0,98,Sunday,November,1
2025-08-14,S003,M118,Asthma Inhaler,Respiratory,450,0,1,82,Thursday,August,0
2025-06-05,S010,M116,Iron Tablet,Supplement,180,1,0,105,Thursday,June,0
2025-07-11,S003,M116,Iron Tablet,Supplement,180,0,0,58,Friday,July,0
2025-08-16,S009,M108,Amoxicillin,Antibiotic,180,0,0,76,Saturday,August,1
2025-08-31,S009,M104,Vitamin C,Vitamin,120,0,1,93,Sunday,August,1
2025-11-20,S010,M103,Dolo 650,Painkiller,30,0,0,81,Thursday,November,0
2025-10-14,S005,M101,Paracetamol,Painkiller,25,1,0,85,Tuesday,October,0
2025-07-12,S003,M113,Digene,Antacid,60,1,0,99,Saturday,July,1
2025-02-15,S002,M105,ORS,Hydration,25,1,0,102,Saturday,February,1
2025-07-29,S006,M117,BP Tablet,Cardiac,320,0,0,63,Tuesday,July,0
2025-10-12,S001,M101,Paracetamol,Painkiller,25,0,0,101,Sunday,October,1
2025-07-09,S004,M101,Paracetamol,Painkiller,25,1,0,85,Wednesday,July,0
2025-01-08,S006,M113,Digene,Antacid,60,1,0,108,Wednesday,January,0
2025-09-05,S008,M109,Azithromycin,Antibiotic,220,0,0,69,Friday,September,0
2025-04-18,S004,M104,Vitamin C,Vitamin,120,1,0,104,Friday,April,0
2025-08-17,S007,M104,Vitamin C,Vitamin,120,0,0,81,Sunday,August,1
2025-04-11,S009,M109,Azithromycin,Antibiotic,220,0,1,85,Friday,April,0
2025-10-06,S007,M119,Eye Drops,Eye Care,160,0,0,63,Monday,October,0
2025-12-14,S003,M106,Insulin,Diabetes,550,0,0,60,Sunday,December,1
2025-02-12,S006,M114,Pantoprazole,Antacid,110,1,0,99,Wednesday,February,0
2025-12-24,S002,M117,BP Tablet,Cardiac,320,0,0,66,Wednesday,December,0
2025-03-16,S010,M112,Cough Syrup,Cough,140,0,0,80,Sunday,March,1
2025-07-26,S002,M111,Benadryl,Cough,90,1,0,103,Saturday,July,1
2025-05-03,S001,M109,Azithromycin,Antibiotic,220,1,0,108,Saturday,May,1
2025-11-04,S006,M103,Dolo 650,Painkiller,30,0,0,65,Tuesday,November,0
2025-05-21,S005,M105,ORS,Hydration,25,1,0,87,Wednesday,May,0
2025-04-13,S008,M110,Cetirizine,Allergy,40,1,0,102,Sunday,April,1
2025-09-10,S002,M114,Pantoprazole,Antacid,110,1,0,105,Wednesday,September,0
2025-02-09,S004,M101,Paracetamol,Painkiller,25,0,0,77,Sunday,February,1
2025-03-01,S007,M116,Iron Tablet,Supplement,180,1,0,90,Saturday,March,1
2025-09-13,S005,M120,Hand Sanitizer,Hygiene,90,1,0,91,Saturday,September,1
2025-02-07,S004,M120,Hand Sanitizer,Hygiene,90,0,0,67,Friday,February,0
2025-11-01,S006,M105,ORS,Hydration,25,1,0,109,Saturday,November,1
2025-12-10,S001,M119,Eye Drops,Eye Care,160,0,0,86,Wednesday,December,0
2025-05-15,S005,M111,Benadryl,Cough,90,0,0,90,Thursday,May,0
2025-09-30,S008,M120,Hand Sanitizer,Hygiene,90,1,1,102,Tuesday,September,0
2025-08-15,S003,M116,Iron Tablet,Supplement,180,0,1,88,Friday,August,0
2025-06-13,S009,M110,Cetirizine,Allergy,40,0,1,91,Friday,June,0
2025-04-17,S008,M111,Benadryl,Cough,90,1,0,84,Thursday,April,0
2025-05-23,S004,M106,Insulin,Diabetes,550,0,0,43,Friday,May,0
2025-02-15,S001,M107,Metformin,Diabetes,80,0,1,91,Saturday,February,1
2025-09-19,S010,M106,Insulin,Diabetes,550,1,0,65,Friday,September,0
2025-11-05,S003,M116,Iron Tablet,Supplement,180,0,0,64,Wednesday,November,0
2025-04-21,S003,M111,Benadryl,Cough,90,0,0,71,Monday,April,0
2025-05-30,S009,M107,Metformin,Diabetes,80,0,0,74,Friday,May,0
2025-08-08,S003,M114,Pantoprazole,Antacid,110,1,0,91,Friday,August,0
2025-06-28,S005,M103,Dolo 650,Painkiller,30,0,0,93,Saturday,June,1
2025-12-21,S010,M115,Calcium Tablet,Supplement,250,0,0,84,Sunday,December,1
2025-11-07,S002,M108,Amoxicillin,Antibiotic,180,0,0,85,Friday,November,0
2025-10-16,S006,M101,Paracetamol,Painkiller,25,0,0,76,Thursday,October,0
2025-07-30,S006,M114,Pantoprazole,Antacid,110,0,0,69,Wednesday,July,0
2025-03-12,S002,M109,Azithromycin,Antibiotic,220,0,1,92,Wednesday,March,0
2025-06-23,S008,M103,Dolo 650,Painkiller,30,0,0,93,Monday,June,0
2025-06-17,S003,M108,Amoxicillin,Antibiotic,180,0,0,74,Tuesday,June,0
2025-12-28,S008,M109,Azithromycin,Antibiotic,220,1,0,114,Sunday,December,1
2025-04-19,S004,M110,Cetirizine,Allergy,40,0,0,98,Saturday,April,1
2025-10-20,S006,M102,Crocin,Painkiller,35,0,0,85,Monday,October,0
2025-05-27,S006,M108,Amoxicillin,Antibiotic,180,0,1,73,Tuesday,May,0
2025-06-06,S006,M119,Eye Drops,Eye Care,160,1,0,107,Friday,June,0
2025-07-28,S005,M101,Paracetamol,Painkiller,25,0,0,92,Monday,July,0
2025-03-30,S001,M105,ORS,Hydration,25,1,0,119,Sunday,March,1
2025-12-23,S006,M102,Crocin,Painkiller,35,1,0,88,Tuesday,December,0
2025-09-23,S009,M108,Amoxicillin,Antibiotic,180,0,0,85,Tuesday,September,0
2025-11-05,S004,M109,Azithromycin,Antibiotic,220,0,0,77,Wednesday,November,0
2025-06-21,S010,M114,Pantoprazole,Antacid,110,0,1,98,Saturday,June,1
2025-12-13,S008,M105,ORS,Hydration,25,0,0,78,Saturday,December,1
2025-11-22,S001,M118,Asthma Inhaler,Respiratory,450,1,0,89,Saturday,November,1
2025-08-02,S001,M120,Hand Sanitizer,Hygiene,90,0,0,84,Saturday,August,1
2025-07-31,S007,M106,Insulin,Diabetes,550,0,1,80,Thursday,July,0
2025-09-11,S003,M106,Insulin,Diabetes,550,1,0,76,Thursday,September,0
2025-12-11,S001,M116,Iron Tablet,Supplement,180,0,0,71,Thursday,December,0
2025-05-08,S001,M108,Amoxicillin,Antibiotic,180,0,0,56,Thursday,May,0
2025-04-25,S007,M120,Hand Sanitizer,Hygiene,90,1,0,94,Friday,April,0
2025-02-23,S009,M117,BP Tablet,Cardiac,320,0,0,81,Sunday,February,1
2025-06-22,S009,M111,Benadryl,Cough,90,0,0,98,Sunday,June,1
2025-01-09,S001,M108,Amoxicillin,Antibiotic,180,0,0,84,Thursday,January,0
2025-03-16,S007,M118,Asthma Inhaler,Respiratory,450,0,0,60,Sunday,March,1
2025-08-14,S008,M111,Benadryl,Cough,90,1,0,105,Thursday,August,0
2025-06-09,S003,M116,Iron Tablet,Supplement,180,0,0,68,Monday,June,0
2025-01-18,S009,M116,Iron Tablet,Supplement,180,0,0,84,Saturday,January,1
2025-03-27,S002,M115,Calcium Tablet,Supplement,250,0,0,82,Thursday,March,0
2025-04-18,S004,M105,ORS,Hydration,25,0,0,86,Friday,April,0
2025-07-10,S006,M117,BP Tablet,Cardiac,320,0,0,64,Thursday,July,0
2025-11-03,S010,M102,Crocin,Painkiller,35,1,0,84,Monday,November,0
2025-06-25,S007,M119,Eye Drops,Eye Care,160,1,0,77,Wednesday,June,0
2025-05-07,S008,M104,Vitamin C,Vitamin,120,0,0,86,Wednesday,May,0
2025-08-31,S006,M120,Hand Sanitizer,Hygiene,90,1,1,114,Sunday,August,1
2025-12-30,S005,M119,Eye Drops,Eye Care,160,1,0,96,Tuesday,December,0
2025-08-03,S010,M106,Insulin,Diabetes,550,0,0,74,Sunday,August,1
2025-05-06,S006,M105,ORS,Hydration,25,0,0,91,Tuesday,May,0
2025-07-30,S003,M110,Cetirizine,Allergy,40,0,1,95,Wednesday,July,0
2025-12-28,S004,M104,Vitamin C,Vitamin,120,1,1,124,Sunday,December,1
2025-02-26,S004,M104,Vitamin C,Vitamin,120,1,1,118,Wednesday,February,0
2025-10-30,S010,M104,Vitamin C,Vitamin,120,0,0,88,Thursday,October,0
2025-05-23,S010,M107,Metformin,Diabetes,80,1,0,89,Friday,May,0
2025-04-12,S006,M108,Amoxicillin,Antibiotic,180,0,0,72,Saturday,April,1
2025-09-18,S009,M105,ORS,Hydration,25,1,0,111,Thursday,September,0
2025-02-13,S009,M115,Calcium Tablet,Supplement,250,0,0,57,Thursday,February,0
2025-08-17,S009,M113,Digene,Antacid,60,1,0,118,Sunday,August,1
2025-03-11,S002,M106,Insulin,Diabetes,550,0,0,52,Tuesday,March,0
2025-05-11,S001,M114,Pantoprazole,Antacid,110,0,0,74,Sunday,May,1
2025-02-05,S009,M112,Cough Syrup,Cough,140,0,0,61,Wednesday,February,0
2025-12-13,S004,M117,BP Tablet,Cardiac,320,0,0,77,Saturday,December,1
2025-07-04,S007,M103,Dolo 650,Painkiller,30,0,0,70,Friday,July,0
2025-06-02,S009,M118,Asthma Inhaler,Respiratory,450,0,0,49,Monday,June,0
2025-10-14,S009,M104,Vitamin C,Vitamin,120,0,0,82,Tuesday,October,0
2025-05-26,S008,M103,Dolo 650,Painkiller,30,0,0,77,Monday,May,0
2025-01-27,S010,M110,Cetirizine,Allergy,40,1,0,98,Monday,January,0
2025-01-05,S001,M112,Cough Syrup,Cough,140,0,0,74,Sunday,January,1
2025-09-23,S006,M115,Calcium Tablet,Supplement,250,0,0,59,Tuesday,September,0
2025-08-09,S006,M110,Cetirizine,Allergy,40,0,0,98,Saturday,August,1
2025-03-11,S002,M112,Cough Syrup,Cough,140,0,0,71,Tuesday,March,0
2025-01-21,S006,M119,Eye Drops,Eye Care,160,1,0,78,Tuesday,January,0
2025-08-22,S008,M110,Cetirizine,Allergy,40,0,0,89,Friday,August,0
2025-02-17,S006,M108,Amoxicillin,Antibiotic,180,1,0,105,Monday,February,0
2025-09-05,S005,M112,Cough Syrup,Cough,140,0,0,58,Friday,September,0
2025-08-13,S010,M118,Asthma Inhaler,Respiratory,450,0,0,59,Wednesday,August,0
2025-05-02,S004,M112,Cough Syrup,Cough,140,0,0,58,Friday,May,0
2025-05-10,S006,M103,Dolo 650,Painkiller,30,1,0,106,Saturday,May,1
2025-03-15,S007,M117,BP Tablet,Cardiac,320,0,0,79,Saturday,March,1
2025-09-24,S010,M118,Asthma Inhaler,Respiratory,450,0,0,51,Wednesday,September,0
2025-01-20,S003,M108,Amoxicillin,Antibiotic,180,0,0,80,Monday,January,0
2025-01-17,S007,M120,Hand Sanitizer,Hygiene,90,0,0,60,Friday,January,0
2025-04-28,S002,M118,Asthma Inhaler,Respiratory,450,0,0,49,Monday,April,0
2025-04-18,S008,M110,Cetirizine,Allergy,40,1,0,96,Friday,April,0
2025-08-25,S006,M103,Dolo 650,Painkiller,30,1,0,96,Monday,August,0
2025-02-12,S010,M103,Dolo 650,Painkiller,30,0,0,89,Wednesday,February,0
2025-01-04,S008,M106,Insulin,Diabetes,550,0,0,61,Saturday,January,1
2025-01-06,S005,M105,ORS,Hydration,25,0,1,87,Monday,January,0
2025-03-29,S009,M102,Crocin,Painkiller,35,1,0,110,Saturday,March,1
2025-07-10,S006,M101,Paracetamol,Painkiller,25,0,0,88,Thursday,July,0
2025-08-30,S007,M107,Metformin,Diabetes,80,0,0,76,Saturday,August,1
2025-08-28,S007,M105,ORS,Hydration,25,0,0,79,Thursday,August,0
2025-02-02,S001,M119,Eye Drops,Eye Care,160,0,1,86,Sunday,February,1
2025-04-15,S010,M114,Pantoprazole,Antacid,110,1,0,91,Tuesday,April,0
2025-06-14,S009,M104,Vitamin C,Vitamin,120,0,0,73,Saturday,June,1
2025-07-27,S003,M119,Eye Drops,Eye Care,160,0,0,96,Sunday,July,1
2025-11-16,S002,M105,ORS,Hydration,25,0,0,82,Sunday,November,1
2025-03-26,S009,M116,Iron Tablet,Supplement,180,0,0,64,Wednesday,March,0
2025-03-06,S007,M102,Crocin,Painkiller,35,0,0,68,Thursday,March,0
2025-03-07,S001,M114,Pantoprazole,Antacid,110,0,0,68,Friday,March,0
2025-01-23,S006,M112,Cough Syrup,Cough,140,1,0,88,Thursday,January,0
2025-05-21,S001,M106,Insulin,Diabetes,550,0,0,62,Wednesday,May,0
2025-04-25,S004,M106,Insulin,Diabetes,550,0,0,53,Friday,April,0
2025-10-04,S001,M110,Cetirizine,Allergy,40,1,0,107,Saturday,October,1
2025-06-30,S003,M101,Paracetamol,Painkiller,25,0,0,87,Monday,June,0
2025-05-26,S003,M113,Digene,Antacid,60,0,0,74,Monday,May,0
2025-04-28,S010,M112,Cough Syrup,Cough,140,0,0,58,Monday,April,0
2025-05-02,S006,M106,Insulin,Diabetes,550,1,0,64,Friday,May,0
2025-11-16,S003,M102,Crocin,Painkiller,35,1,0,118,Sunday,November,1
2025-01-19,S009,M106,Insulin,Diabetes,550,1,0,69,Sunday,January,1
2025-05-16,S006,M115,Calcium Tablet,Supplement,250,1,0,79,Friday,May,0
2025-12-31,S005,M114,Pantoprazole,Antacid,110,1,0,108,Wednesday,December,0
2025-04-15,S001,M114,Pantoprazole,Antacid,110,0,0,59,Tuesday,April,0
2025-03-13,S006,M112,Cough Syrup,Cough,140,0,0,87,Thursday,March,0
2025-12-16,S002,M106,Insulin,Diabetes,550,0,0,44,Tuesday,December,0
2025-03-05,S005,M105,ORS,Hydration,25,0,0,75,Wednesday,March,0
2025-02-06,S003,M113,Digene,Antacid,60,1,0,102,Thursday,February,0
2025-08-17,S003,M110,Cetirizine,Allergy,40,0,0,98,Sunday,August,1
2025-01-23,S005,M114,Pantoprazole,Antacid,110,0,0,65,Thursday,January,0
2025-09-25,S001,M101,Paracetamol,Painkiller,25,0,0,68,Thursday,September,0
2025-10-04,S007,M119,Eye Drops,Eye Care,160,0,0,69,Saturday,October,1
2025-03-19,S010,M109,Azithromycin,Antibiotic,220,1,0,100,Wednesday,March,0
2025-12-06,S004,M119,Eye Drops,Eye Care,160,0,0,86,Saturday,December,1
2025-01-23,S005,M108,Amoxicillin,Antibiotic,180,0,0,76,Thursday,January,0
2025-01-03,S010,M115,Calcium Tablet,Supplement,250,1,0,84,Friday,January,0
2025-08-27,S010,M102,Crocin,Painkiller,35,1,0,104,Wednesday,August,0
2025-07-11,S004,M103,Dolo 650,Painkiller,30,1,0,92,Friday,July,0
2025-03-22,S002,M115,Calcium Tablet,Supplement,250,0,0,62,Saturday,March,1
2025-08-11,S007,M105,ORS,Hydration,25,1,0,110,Monday,August,0
2025-08-29,S007,M109,Azithromycin,Antibiotic,220,1,0,98,Friday,August,0
2025-04-06,S002,M106,Insulin,Diabetes,550,1,0,85,Sunday,April,1
2025-05-12,S006,M115,Calcium Tablet,Supplement,250,0,0,70,Monday,May,0
2025-03-17,S003,M120,Hand Sanitizer,Hygiene,90,0,0,68,Monday,March,0
2025-06-01,S007,M112,Cough Syrup,Cough,140,1,0,111,Sunday,June,1
2025-06-03,S009,M116,Iron Tablet,Supplement,180,0,0,67,Tuesday,June,0
2025-05-16,S004,M113,Digene,Antacid,60,1,0,108,Friday,May,0
2025-01-31,S010,M109,Azithromycin,Antibiotic,220,1,0,79,Friday,January,0
2025-03-19,S003,M119,Eye Drops,Eye Care,160,0,1,96,Wednesday,March,0
2025-01-30,S007,M104,Vitamin C,Vitamin,120,1,0,84,Thursday,January,0
2025-12-13,S006,M104,Vitamin C,Vitamin,120,1,0,117,Saturday,December,1
2025-04-17,S008,M119,Eye Drops,Eye Care,160,0,0,66,Thursday,April,0
2025-12-07,S002,M102,Crocin,Painkiller,35,0,1,97,Sunday,December,1
2025-10-05,S010,M112,Cough Syrup,Cough,140,0,0,86,Sunday,October,1
2025-11-04,S002,M107,Metformin,Diabetes,80,1,0,88,Tuesday,November,0
2025-11-06,S002,M103,Dolo 650,Painkiller,30,0,0,70,Thursday,November,0
2025-10-04,S003,M102,Crocin,Painkiller,35,0,0,78,Saturday,October,1
2025-05-31,S004,M115,Calcium Tablet,Supplement,250,1,0,110,Saturday,May,1
2025-10-10,S006,M101,Paracetamol,Painkiller,25,0,0,69,Friday,October,0
2025-09-14,S004,M113,Digene,Antacid,60,0,0,79,Sunday,September,1
2025-01-21,S006,M119,Eye Drops,Eye Care,160,0,0,86,Tuesday,January,0
2025-08-12,S002,M120,Hand Sanitizer,Hygiene,90,1,1,107,Tuesday,August,0
2025-10-21,S010,M114,Pantoprazole,Antacid,110,1,0,105,Tuesday,October,0
2025-03-21,S002,M108,Amoxicillin,Antibiotic,180,0,0,85,Friday,March,0
2025-12-21,S008,M108,Amoxicillin,Antibiotic,180,0,0,94,Sunday,December,1
2025-09-17,S002,M107,Metformin,Diabetes,80,0,1,82,Wednesday,September,0
2025-12-26,S009,M117,BP Tablet,Cardiac,320,0,0,54,Friday,December,0
2025-01-21,S004,M103,Dolo 650,Painkiller,30,1,0,95,Tuesday,January,0
2025-08-31,S010,M102,Crocin,Painkiller,35,1,0,99,Sunday,August,1
2025-10-23,S008,M107,Metformin,Diabetes,80,1,0,104,Thursday,October,0
2025-07-26,S009,M102,Crocin,Painkiller,35,0,0,98,Saturday,July,1
2025-02-27,S007,M106,Insulin,Diabetes,550,1,0,73,Thursday,February,0
2025-04-04,S005,M117,BP Tablet,Cardiac,320,0,0,50,Friday,April,0
2025-10-09,S007,M117,BP Tablet,Cardiac,320,0,0,68,Thursday,October,0
2025-05-01,S009,M115,Calcium Tablet,Supplement,250,0,0,65,Thursday,May,0
2025-11-13,S007,M112,Cough Syrup,Cough,140,0,0,76,Thursday,November,0
2025-02-11,S010,M113,Digene,Antacid,60,0,0,80,Tuesday,February,0
2025-05-11,S004,M115,Calcium Tablet,Supplement,250,1,0,89,Sunday,May,1
2025-07-09,S008,M110,Cetirizine,Allergy,40,0,0,72,Wednesday,July,0
2025-09-30,S010,M113,Digene,Antacid,60,0,0,85,Tuesday,September,0
2025-04-07,S002,M103,Dolo 650,Painkiller,30,1,1,103,Monday,April,0
2025-09-01,S009,M117,BP Tablet,Cardiac,320,0,0,59,Monday,September,0
2025-04-04,S005,M106,Insulin,Diabetes,550,0,0,50,Friday,April,0
2025-02-01,S010,M108,Amoxicillin,Antibiotic,180,0,0,79,Saturday,February,1
2025-03-09,S008,M106,Insulin,Diabetes,550,0,0,66,Sunday,March,1
2025-11-27,S009,M111,Benadryl,Cough,90,0,0,88,Thursday,November,0
2025-11-25,S005,M111,Benadryl,Cough,90,0,0,76,Tuesday,November,0
2025-11-18,S003,M105,ORS,Hydration,25,0,0,68,Tuesday,November,0
2025-02-17,S010,M108,Amoxicillin,Antibiotic,180,0,0,74,Monday,February,0
2025-12-30,S003,M114,Pantoprazole,Antacid,110,1,0,109,Tuesday,December,0
2025-05-07,S006,M114,Pantoprazole,Antacid,110,0,1,81,Wednesday,May,0
2025-05-20,S003,M119,Eye Drops,Eye Care,160,0,0,75,Tuesday,May,0
2025-01-26,S010,M105,ORS,Hydration,25,0,0,80,Sunday,January,1
2025-10-13,S008,M104,Vitamin C,Vitamin,120,1,1,112,Monday,October,0
2025-01-23,S004,M107,Metformin,Diabetes,80,1,0,102,Thursday,January,0
2025-11-29,S003,M105,ORS,Hydration,25,1,0,107,Saturday,November,1
2025-03-12,S007,M106,Insulin,Diabetes,550,0,0,62,Wednesday,March,0
2025-04-05,S004,M120,Hand Sanitizer,Hygiene,90,0,0,74,Saturday,April,1
2025-07-13,S003,M105,ORS,Hydration,25,0,1,93,Sunday,July,1
2025-12-18,S003,M119,Eye Drops,Eye Care,160,0,0,60,Thursday,December,0
2025-01-14,S008,M116,Iron Tablet,Supplement,180,0,0,64,Tuesday,January,0
2025-04-23,S005,M103,Dolo 650,Painkiller,30,1,0,97,Wednesday,April,0
2025-03-19,S003,M116,Iron Tablet,Supplement,180,1,0,84,Wednesday,March,0
2025-11-11,S005,M108,Amoxicillin,Antibiotic,180,1,0,106,Tuesday,November,0
2025-08-15,S002,M116,Iron Tablet,Supplement,180,0,0,58,Friday,August,0
2025-02-24,S003,M106,Insulin,Diabetes,550,0,0,43,Monday,February,0
2025-04-04,S002,M115,Calcium Tablet,Supplement,250,1,0,89,Friday,April,0
2025-08-23,S001,M118,Asthma Inhaler,Respiratory,450,0,0,59,Saturday,August,1
2025-02-10,S001,M103,Dolo 650,Painkiller,30,1,1,122,Monday,February,0
2025-12-27,S006,M110,Cetirizine,Allergy,40,1,0,100,Saturday,December,1
2025-08-05,S005,M105,ORS,Hydration,25,0,0,80,Tuesday,August,0
2025-01-12,S010,M110,Cetirizine,Allergy,40,0,0,102,Sunday,January,1
2025-06-20,S001,M117,BP Tablet,Cardiac,320,0,0,50,Friday,June,0
2025-01-01,S006,M107,Metformin,Diabetes,80,1,0,86,Wednesday,January,0
2025-07-22,S003,M106,Insulin,Diabetes,550,0,0,51,Tuesday,July,0
2025-01-08,S010,M120,Hand Sanitizer,Hygiene,90,1,0,92,Wednesday,January,0
2025-01-21,S008,M104,Vitamin C,Vitamin,120,1,1,116,Tuesday,January,0
2025-06-24,S003,M103,Dolo 650,Painkiller,30,0,0,91,Tuesday,June,0
2025-05-16,S002,M104,Vitamin C,Vitamin,120,0,0,86,Friday,May,0
2025-04-09,S002,M106,Insulin,Diabetes,550,0,0,57,Wednesday,April,0
2025-09-18,S001,M103,Dolo 650,Painkiller,30,0,0,82,Thursday,September,0
2025-03-20,S004,M117,BP Tablet,Cardiac,320,0,1,92,Thursday,March,0
2025-07-18,S008,M116,Iron Tablet,Supplement,180,0,0,68,Friday,July,0
2025-10-07,S006,M117,BP Tablet,Cardiac,320,0,0,60,Tuesday,October,0
2025-08-14,S004,M109,Azithromycin,Antibiotic,220,0,0,81,Thursday,August,0
2025-01-27,S006,M112,Cough Syrup,Cough,140,0,1,76,Monday,January,0
2025-03-27,S006,M114,Pantoprazole,Antacid,110,0,0,59,Thursday,March,0
2025-10-18,S004,M114,Pantoprazole,Antacid,110,1,0,90,Saturday,October,1
2025-11-01,S007,M106,Insulin,Diabetes,550,0,1,68,Saturday,November,1
2025-03-02,S001,M110,Cetirizine,Allergy,40,0,0,79,Sunday,March,1
2025-06-24,S006,M106,Insulin,Diabetes,550,0,0,50,Tuesday,June,0
2025-11-04,S004,M106,Insulin,Diabetes,550,0,0,39,Tuesday,November,0
2025-11-02,S004,M109,Azithromycin,Antibiotic,220,0,0,81,Sunday,November,1
2025-06-02,S009,M115,Calcium Tablet,Supplement,250,1,0,72,Monday,June,0
2025-01-08,S008,M117,BP Tablet,Cardiac,320,1,0,79,Wednesday,January,0
2025-04-17,S010,M101,Paracetamol,Painkiller,25,1,0,95,Thursday,April,0
2025-09-09,S002,M113,Digene,Antacid,60,1,0,100,Tuesday,September,0
2025-08-10,S007,M108,Amoxicillin,Antibiotic,180,1,0,95,Sunday,August,1
2025-07-27,S010,M115,Calcium Tablet,Supplement,250,0,0,64,Sunday,July,1
2025-01-16,S001,M107,Metformin,Diabetes,80,0,0,84,Thursday,January,0
2025-02-28,S008,M111,Benadryl,Cough,90,0,0,79,Friday,February,0
2025-12-16,S003,M119,Eye Drops,Eye Care,160,1,0,89,Tuesday,December,0
2025-10-07,S006,M103,Dolo 650,Painkiller,30,0,0,65,Tuesday,October,0
2025-09-14,S002,M106,Insulin,Diabetes,550,1,0,88,Sunday,September,1
2025-04-23,S006,M101,Paracetamol,Painkiller,25,0,0,74,Wednesday,April,0
2025-01-25,S002,M102,Crocin,Painkiller,35,0,0,82,Saturday,January,1
2025-03-07,S001,M117,BP Tablet,Cardiac,320,0,0,71,Friday,March,0
2025-09-21,S006,M117,BP Tablet,Cardiac,320,1,0,85,Sunday,September,1
2025-09-17,S010,M119,Eye Drops,Eye Care,160,0,0,75,Wednesday,September,0
2025-09-14,S003,M113,Digene,Antacid,60,1,0,104,Sunday,September,1
2025-03-24,S010,M104,Vitamin C,Vitamin,120,0,0,78,Monday,March,0
2025-05-23,S007,M109,Azithromycin,Antibiotic,220,1,0,87,Friday,May,0
2025-03-28,S003,M120,Hand Sanitizer,Hygiene,90,0,0,90,Friday,March,0
2025-07-08,S009,M119,Eye Drops,Eye Care,160,0,0,69,Tuesday,July,0
2025-02-02,S009,M109,Azithromycin,Antibiotic,220,0,0,65,Sunday,February,1
2025-06-12,S006,M107,Metformin,Diabetes,80,1,0,90,Thursday,June,0
2025-09-12,S001,M119,Eye Drops,Eye Care,160,0,1,89,Friday,September,0
2025-11-01,S001,M116,Iron Tablet,Supplement,180,0,0,91,Saturday,November,1
2025-03-24,S008,M119,Eye Drops,Eye Care,160,0,0,64,Monday,March,0
2025-05-13,S001,M105,ORS,Hydration,25,0,0,80,Tuesday,May,0
2025-08-08,S010,M101,Paracetamol,Painkiller,25,1,0,99,Friday,August,0
2025-06-03,S008,M108,Amoxicillin,Antibiotic,180,0,0,66,Tuesday,June,0
2025-01-13,S003,M110,Cetirizine,Allergy,40,0,0,81,Monday,January,0
2025-12-23,S002,M112,Cough Syrup,Cough,140,0,0,65,Tuesday,December,0
2025-04-05,S008,M106,Insulin,Diabetes,550,0,0,75,Saturday,April,1
2025-04-24,S007,M119,Eye Drops,Eye Care,160,1,1,96,Thursday,April,0
2025-07-30,S008,M116,Iron Tablet,Supplement,180,0,0,86,Wednesday,July,0
2025-02-16,S009,M115,Calcium Tablet,Supplement,250,0,0,72,Sunday,February,1
2025-07-01,S010,M109,Azithromycin,Antibiotic,220,1,0,86,Tuesday,July,0
2025-06-26,S008,M113,Digene,Antacid,60,0,0,78,Thursday,June,0
2025-08-12,S003,M113,Digene,Antacid,60,1,0,89,Tuesday,August,0
2025-11-19,S003,M120,Hand Sanitizer,Hygiene,90,0,0,82,Wednesday,November,0
2025-03-27,S003,M113,Digene,Antacid,60,0,0,84,Thursday,March,0
2025-03-02,S002,M120,Hand Sanitizer,Hygiene,90,0,0,86,Sunday,March,1
2025-03-10,S007,M118,Asthma Inhaler,Respiratory,450,0,0,54,Monday,March,0
2025-06-13,S008,M101,Paracetamol,Painkiller,25,1,0,89,Friday,June,0
2025-02-25,S003,M102,Crocin,Painkiller,35,0,0,75,Tuesday,February,0
2025-03-22,S003,M101,Paracetamol,Painkiller,25,0,0,89,Saturday,March,1
2025-06-02,S002,M120,Hand Sanitizer,Hygiene,90,0,0,87,Monday,June,0
2025-12-16,S010,M116,Iron Tablet,Supplement,180,0,0,83,Tuesday,December,0
2025-07-28,S004,M111,Benadryl,Cough,90,0,0,71,Monday,July,0
2025-04-20,S005,M110,Cetirizine,Allergy,40,0,0,92,Sunday,April,1
2025-01-15,S001,M120,Hand Sanitizer,Hygiene,90,0,0,75,Wednesday,January,0
2025-02-12,S002,M101,Paracetamol,Painkiller,25,1,0,106,Wednesday,February,0
2025-10-16,S008,M117,BP Tablet,Cardiac,320,0,0,59,Thursday,October,0
2025-04-22,S009,M102,Crocin,Painkiller,35,0,0,82,Tuesday,April,0
2025-05-22,S009,M118,Asthma Inhaler,Respiratory,450,0,0,45,Thursday,May,0
2025-10-13,S008,M113,Digene,Antacid,60,0,0,63,Monday,October,0
2025-09-23,S008,M119,Eye Drops,Eye Care,160,1,0,104,Tuesday,September,0
2025-11-28,S003,M103,Dolo 650,Painkiller,30,0,0,83,Friday,November,0
2025-02-03,S006,M118,Asthma Inhaler,Respiratory,450,1,0,88,Monday,February,0
2025-05-10,S003,M120,Hand Sanitizer,Hygiene,90,1,0,90,Saturday,May,1
2025-08-22,S004,M115,Calcium Tablet,Supplement,250,0,0,52,Friday,August,0
2025-08-20,S001,M114,Pantoprazole,Antacid,110,1,0,82,Wednesday,August,0
2025-03-19,S008,M112,Cough Syrup,Cough,140,1,0,101,Wednesday,March,0
2025-05-04,S001,M104,Vitamin C,Vitamin,120,0,0,93,Sunday,May,1
2025-08-01,S006,M115,Calcium Tablet,Supplement,250,0,0,54,Friday,August,0
2025-07-20,S010,M112,Cough Syrup,Cough,140,0,0,87,Sunday,July,1
2025-03-01,S007,M115,Calcium Tablet,Supplement,250,1,0,110,Saturday,March,1
2025-12-04,S009,M113,Digene,Antacid,60,0,0,79,Thursday,December,0
2025-09-30,S007,M109,Azithromycin,Antibiotic,220,1,0,90,Tuesday,September,0
2025-02-08,S004,M120,Hand Sanitizer,Hygiene,90,0,0,71,Saturday,February,1
2025-03-07,S003,M101,Paracetamol,Painkiller,25,0,0,67,Friday,March,0
2025-08-23,S010,M110,Cetirizine,Allergy,40,0,0,85,Saturday,August,1
2025-11-24,S001,M110,Cetirizine,Allergy,40,1,0,86,Monday,November,0
2025-10-14,S002,M115,Calcium Tablet,Supplement,250,1,0,92,Tuesday,October,0
2025-05-14,S009,M110,Cetirizine,Allergy,40,1,0,109,Wednesday,May,0
2025-08-16,S004,M110,Cetirizine,Allergy,40,0,0,73,Saturday,August,1
2025-01-07,S002,M119,Eye Drops,Eye Care,160,1,0,88,Tuesday,January,0
2025-03-29,S003,M113,Digene,Antacid,60,1,0,121,Saturday,March,1
2025-12-02,S005,M108,Amoxicillin,Antibiotic,180,0,0,68,Tuesday,December,0
2025-12-05,S001,M105,ORS,Hydration,25,1,0,102,Friday,December,0
2025-04-19,S002,M104,Vitamin C,Vitamin,120,1,0,95,Saturday,April,1
2025-08-21,S001,M112,Cough Syrup,Cough,140,0,0,73,Thursday,August,0
2025-08-04,S002,M105,ORS,Hydration,25,1,0,94,Monday,August,0
2025-01-09,S007,M112,Cough Syrup,Cough,140,1,0,83,Thursday,January,0
2025-07-06,S007,M102,Crocin,Painkiller,35,0,0,99,Sunday,July,1
2025-03-22,S008,M107,Metformin,Diabetes,80,0,0,71,Saturday,March,1
2025-10-30,S003,M120,Hand Sanitizer,Hygiene,90,0,0,72,Thursday,October,0
2025-08-24,S004,M117,BP Tablet,Cardiac,320,1,0,109,Sunday,August,1
2025-05-21,S003,M111,Benadryl,Cough,90,0,0,69,Wednesday,May,0
2025-11-14,S002,M113,Digene,Antacid,60,0,0,89,Friday,November,0
2025-07-14,S002,M120,Hand Sanitizer,Hygiene,90,0,0,84,Monday,July,0
2025-07-10,S002,M120,Hand Sanitizer,Hygiene,90,0,0,86,Thursday,July,0
2025-07-26,S010,M103,Dolo 650,Painkiller,30,1,0,107,Saturday,July,1
2025-01-14,S005,M105,ORS,Hydration,25,0,0,68,Tuesday,January,0
2025-06-19,S001,M104,Vitamin C,Vitamin,120,0,0,74,Thursday,June,0
2025-05-03,S010,M109,Azithromycin,Antibiotic,220,0,0,75,Saturday,May,1
2025-04-27,S004,M105,ORS,Hydration,25,1,0,97,Sunday,April,1
2025-02-14,S004,M113,Digene,Antacid,60,0,0,78,Friday,February,0
2025-04-21,S007,M115,Calcium Tablet,Supplement,250,0,1,88,Monday,April,0
2025-05-30,S002,M110,Cetirizine,Allergy,40,1,0,103,Friday,May,0
2025-05-10,S010,M101,Paracetamol,Painkiller,25,1,0,107,Saturday,May,1
2025-01-05,S007,M103,Dolo 650,Painkiller,30,0,0,89,Sunday,January,1
2025-04-02,S010,M102,Crocin,Painkiller,35,0,0,80,Wednesday,April,0
2025-01-17,S003,M117,BP Tablet,Cardiac,320,0,0,62,Friday,January,0
2025-12-16,S003,M103,Dolo 650,Painkiller,30,0,0,91,Tuesday,December,0
2025-10-29,S002,M112,Cough Syrup,Cough,140,0,0,62,Wednesday,October,0
2025-07-25,S006,M105,ORS,Hydration,25,0,0,88,Friday,July,0
2025-08-10,S005,M120,Hand Sanitizer,Hygiene,90,0,0,89,Sunday,August,1
2025-10-01,S002,M114,Pantoprazole,Antacid,110,0,0,81,Wednesday,October,0
2025-10-31,S003,M105,ORS,Hydration,25,0,0,72,Friday,October,0
2025-04-03,S007,M110,Cetirizine,Allergy,40,0,0,76,Thursday,April,0
2025-02-13,S005,M111,Benadryl,Cough,90,0,0,60,Thursday,February,0
2025-07-05,S004,M113,Digene,Antacid,60,0,0,97,Saturday,July,1
2025-10-13,S008,M103,Dolo 650,Painkiller,30,0,0,65,Monday,October,0
2025-02-10,S005,M120,Hand Sanitizer,Hygiene,90,0,0,71,Monday,February,0
2025-12-03,S007,M105,ORS,Hydration,25,0,0,76,Wednesday,December,0
2025-04-01,S010,M119,Eye Drops,Eye Care,160,0,0,57,Tuesday,April,0
2025-05-25,S005,M104,Vitamin C,Vitamin,120,1,0,97,Sunday,May,1
2025-01-23,S003,M101,Paracetamol,Painkiller,25,0,0,67,Thursday,January,0
2025-10-20,S002,M120,Hand Sanitizer,Hygiene,90,0,0,62,Monday,October,0
2025-12-14,S007,M113,Digene,Antacid,60,1,0,115,Sunday,December,1
2025-03-30,S004,M113,Digene,Antacid,60,0,0,72,Sunday,March,1
2025-02-01,S006,M109,Azithromycin,Antibiotic,220,0,0,93,Saturday,February,1
2025-06-10,S006,M111,Benadryl,Cough,90,1,0,102,Tuesday,June,0
2025-10-09,S007,M107,Metformin,Diabetes,80,0,0,70,Thursday,October,0
2025-12-13,S001,M110,Cetirizine,Allergy,40,0,0,97,Saturday,December,1
2025-11-25,S001,M111,Benadryl,Cough,90,0,0,67,Tuesday,November,0
2025-05-24,S007,M111,Benadryl,Cough,90,1,0,118,Saturday,May,1
2025-05-07,S003,M112,Cough Syrup,Cough,140,1,0,104,Wednesday,May,0
2025-03-09,S004,M118,Asthma Inhaler,Respiratory,450,0,0,67,Sunday,March,1
2025-06-09,S005,M117,BP Tablet,Cardiac,320,1,0,74,Monday,June,0
2025-02-28,S003,M112,Cough Syrup,Cough,140,0,0,72,Friday,February,0
2025-11-21,S006,M106,Insulin,Diabetes,550,0,0,41,Friday,November,0
2025-12-12,S004,M112,Cough Syrup,Cough,140,0,0,67,Friday,December,0
2025-10-09,S003,M119,Eye Drops,Eye Care,160,1,0,107,Thursday,October,0
2025-12-18,S005,M110,Cetirizine,Allergy,40,0,0,91,Thursday,December,0
2025-09-02,S001,M104,Vitamin C,Vitamin,120,0,0,70,Tuesday,September,0
2025-03-16,S005,M114,Pantoprazole,Antacid,110,0,0,94,Sunday,March,1
2025-04-20,S006,M102,Crocin,Painkiller,35,0,0,98,Sunday,April,1
2025-11-21,S007,M103,Dolo 650,Painkiller,30,0,0,88,Friday,November,0
2025-03-24,S003,M115,Calcium Tablet,Supplement,250,0,0,77,Monday,March,0
2025-11-27,S006,M118,Asthma Inhaler,Respiratory,450,1,0,69,Thursday,November,0
2025-02-28,S009,M120,Hand Sanitizer,Hygiene,90,0,0,67,Friday,February,0
2025-07-06,S003,M118,Asthma Inhaler,Respiratory,450,0,0,67,Sunday,July,1
2025-09-04,S010,M119,Eye Drops,Eye Care,160,0,0,78,Thursday,September,0
2025-06-20,S004,M113,Digene,Antacid,60,0,0,76,Friday,June,0
2025-05-10,S003,M110,Cetirizine,Allergy,40,1,0,100,Saturday,May,1
2025-01-05,S002,M117,BP Tablet,Cardiac,320,0,0,85,Sunday,January,1
2025-08-28,S003,M112,Cough Syrup,Cough,140,0,0,61,Thursday,August,0
2025-03-15,S008,M115,Calcium Tablet,Supplement,250,0,0,77,Saturday,March,1
2025-07-26,S001,M119,Eye Drops,Eye Care,160,0,0,69,Saturday,July,1
2025-07-09,S006,M104,Vitamin C,Vitamin,120,0,0,86,Wednesday,July,0
2025-09-20,S010,M120,Hand Sanitizer,Hygiene,90,0,0,88,Saturday,September,1
2025-07-09,S006,M106,Insulin,Diabetes,550,0,0,43,Wednesday,July,0
2025-10-01,S010,M116,Iron Tablet,Supplement,180,0,0,61,Wednesday,October,0
2025-02-26,S003,M107,Metformin,Diabetes,80,0,0,77,Wednesday,February,0
2025-07-21,S009,M109,Azithromycin,Antibiotic,220,0,0,77,Monday,July,0
2025-04-28,S010,M103,Dolo 650,Painkiller,30,0,0,77,Monday,April,0
2025-10-11,S005,M104,Vitamin C,Vitamin,120,0,0,84,Saturday,October,1
2025-01-20,S008,M101,Paracetamol,Painkiller,25,0,0,84,Monday,January,0
2025-10-29,S009,M113,Digene,Antacid,60,1,0,92,Wednesday,October,0
2025-11-08,S003,M108,Amoxicillin,Antibiotic,180,1,0,106,Saturday,November,1
2025-10-30,S005,M113,Digene,Antacid,60,1,0,104,Thursday,October,0
2025-12-04,S002,M105,ORS,Hydration,25,0,0,69,Thursday,December,0
2025-08-10,S008,M102,Crocin,Painkiller,35,0,0,87,Sunday,August,1
2025-11-17,S006,M111,Benadryl,Cough,90,0,0,90,Monday,November,0
2025-07-26,S006,M104,Vitamin C,Vitamin,120,1,0,109,Saturday,July,1
2025-04-06,S003,M116,Iron Tablet,Supplement,180,1,0,111,Sunday,April,1
2025-02-09,S001,M109,Azithromycin,Antibiotic,220,0,0,82,Sunday,February,1
2025-06-07,S010,M110,Cetirizine,Allergy,40,0,0,102,Saturday,June,1
2025-09-29,S009,M113,Digene,Antacid,60,0,0,79,Monday,September,0
2025-09-29,S005,M105,ORS,Hydration,25,1,0,88,Monday,September,0
2025-06-13,S008,M109,Azithromycin,Antibiotic,220,0,0,69,Friday,June,0
2025-06-26,S009,M104,Vitamin C,Vitamin,120,0,0,85,Thursday,June,0
2025-01-22,S006,M111,Benadryl,Cough,90,0,0,85,Wednesday,January,0
2025-05-01,S008,M118,Asthma Inhaler,Respiratory,450,1,0,78,Thursday,May,0
2025-08-01,S001,M111,Benadryl,Cough,90,0,0,81,Friday,August,0
2025-07-22,S005,M115,Calcium Tablet,Supplement,250,0,0,55,Tuesday,July,0
2025-03-30,S005,M119,Eye Drops,Eye Care,160,0,0,67,Sunday,March,1
2025-05-18,S007,M114,Pantoprazole,Antacid,110,0,0,82,Sunday,May,1
2025-02-05,S008,M104,Vitamin C,Vitamin,120,0,0,80,Wednesday,February,0
2025-05-16,S006,M113,Digene,Antacid,60,0,0,72,Friday,May,0
2025-10-30,S006,M115,Calcium Tablet,Supplement,250,0,0,52,Thursday,October,0
2025-03-11,S001,M110,Cetirizine,Allergy,40,1,0,96,Tuesday,March,0
2025-02-24,S003,M112,Cough Syrup,Cough,140,0,0,60,Monday,February,0
2025-06-01,S001,M114,Pantoprazole,Antacid,110,1,0,109,Sunday,June,1
2025-01-06,S009,M119,Eye Drops,Eye Care,160,0,0,86,Monday,January,0
2025-04-29,S005,M104,Vitamin C,Vitamin,120,0,1,96,Tuesday,April,0
2025-06-07,S005,M111,Benadryl,Cough,90,0,0,94,Saturday,June,1
2025-01-04,S008,M116,Iron Tablet,Supplement,180,0,0,81,Saturday,January,1
2025-04-04,S003,M104,Vitamin C,Vitamin,120,1,0,84,Friday,April,0
2025-05-12,S009,M105,ORS,Hydration,25,0,0,75,Monday,May,0
2025-04-14,S002,M111,Benadryl,Cough,90,0,0,88,Monday,April,0
2025-09-09,S001,M106,Insulin,Diabetes,550,0,0,38,Tuesday,September,0
2025-02-01,S003,M109,Azithromycin,Antibiotic,220,0,0,84,Saturday,February,1
2025-08-29,S001,M102,Crocin,Painkiller,35,0,0,74,Friday,August,0
2025-10-23,S001,M114,Pantoprazole,Antacid,110,0,0,77,Thursday,October,0
2025-07-20,S007,M117,BP Tablet,Cardiac,320,1,0,104,Sunday,July,1
2025-05-09,S002,M117,BP Tablet,Cardiac,320,0,0,64,Friday,May,0
2025-01-18,S003,M102,Crocin,Painkiller,35,1,0,94,Saturday,January,1
2025-09-19,S004,M110,Cetirizine,Allergy,40,0,0,68,Friday,September,0
2025-03-15,S003,M120,Hand Sanitizer,Hygiene,90,0,0,93,Saturday,March,1
2025-04-19,S005,M104,Vitamin C,Vitamin,120,0,1,107,Saturday,April,1
2025-03-05,S002,M117,BP Tablet,Cardiac,320,0,0,50,Wednesday,March,0
2025-12-03,S007,M117,BP Tablet,Cardiac,320,0,1,65,Wednesday,December,0
2025-05-26,S009,M103,Dolo 650,Painkiller,30,0,0,69,Monday,May,0
2025-05-21,S005,M107,Metformin,Diabetes,80,0,0,72,Wednesday,May,0
2025-06-24,S003,M113,Digene,Antacid,60,0,0,82,Tuesday,June,0
2025-08-20,S010,M112,Cough Syrup,Cough,140,0,0,88,Wednesday,August,0
2025-05-22,S005,M106,Insulin,Diabetes,550,0,1,76,Thursday,May,0
2025-07-17,S003,M116,Iron Tablet,Supplement,180,0,0,73,Thursday,July,0
2025-06-25,S007,M101,Paracetamol,Painkiller,25,0,0,84,Wednesday,June,0
2025-04-23,S003,M105,ORS,Hydration,25,0,0,67,Wednesday,April,0
2025-06-15,S010,M101,Paracetamol,Painkiller,25,0,0,82,Sunday,June,1
2025-03-18,S008,M105,ORS,Hydration,25,0,0,66,Tuesday,March,0
2025-08-30,S009,M104,Vitamin C,Vitamin,120,0,0,88,Saturday,August,1
2025-11-13,S003,M117,BP Tablet,Cardiac,320,1,0,87,Thursday,November,0
2025-10-19,S008,M106,Insulin,Diabetes,550,0,0,57,Sunday,October,1
2025-10-19,S010,M104,Vitamin C,Vitamin,120,0,0,71,Sunday,October,1
2025-07-12,S005,M118,Asthma Inhaler,Respiratory,450,0,0,57,Saturday,July,1
2025-08-16,S006,M110,Cetirizine,Allergy,40,0,0,76,Saturday,August,1
2025-06-27,S005,M113,Digene,Antacid,60,0,0,78,Friday,June,0
2025-09-22,S005,M115,Calcium Tablet,Supplement,250,1,0,89,Monday,September,0
2025-08-27,S010,M107,Metformin,Diabetes,80,0,0,67,Wednesday,August,0
2025-11-14,S010,M120,Hand Sanitizer,Hygiene,90,1,0,99,Friday,November,0
2025-02-10,S006,M108,Amoxicillin,Antibiotic,180,0,0,77,Monday,February,0
2025-06-19,S008,M119,Eye Drops,Eye Care,160,0,0,57,Thursday,June,0
2025-07-02,S006,M106,Insulin,Diabetes,550,0,0,51,Wednesday,July,0
2025-05-03,S005,M117,BP Tablet,Cardiac,320,1,0,86,Saturday,May,1
2025-03-30,S001,M105,ORS,Hydration,25,1,0,117,Sunday,March,1
2025-07-15,S007,M109,Azithromycin,Antibiotic,220,1,0,102,Tuesday,July,0
2025-10-11,S008,M119,Eye Drops,Eye Care,160,0,0,76,Saturday,October,1
2025-08-17,S009,M101,Paracetamol,Painkiller,25,1,1,114,Sunday,August,1
2025-02-12,S009,M103,Dolo 650,Painkiller,30,0,0,67,Wednesday,February,0
2025-09-16,S009,M105,ORS,Hydration,25,0,0,76,Tuesday,September,0
2025-03-26,S009,M111,Benadryl,Cough,90,0,0,81,Wednesday,March,0
2025-03-31,S001,M114,Pantoprazole,Antacid,110,0,0,63,Monday,March,0
2025-01-23,S010,M117,BP Tablet,Cardiac,320,1,0,89,Thursday,January,0
2025-11-06,S001,M103,Dolo 650,Painkiller,30,1,0,105,Thursday,November,0
2025-03-01,S008,M109,Azithromycin,Antibiotic,220,0,1,82,Saturday,March,1
2025-06-02,S006,M112,Cough Syrup,Cough,140,0,0,77,Monday,June,0
2025-01-19,S010,M103,Dolo 650,Painkiller,30,0,0,84,Sunday,January,1
2025-02-20,S008,M111,Benadryl,Cough,90,1,0,92,Thursday,February,0
2025-06-17,S007,M112,Cough Syrup,Cough,140,0,0,79,Tuesday,June,0
2025-05-21,S001,M118,Asthma Inhaler,Respiratory,450,1,0,73,Wednesday,May,0
2025-04-23,S001,M118,Asthma Inhaler,Respiratory,450,1,0,75,Wednesday,April,0
2025-12-15,S002,M113,Digene,Antacid,60,0,0,89,Monday,December,0
2025-02-09,S003,M111,Benadryl,Cough,90,0,0,84,Sunday,February,1
2025-08-21,S001,M109,Azithromycin,Antibiotic,220,0,0,82,Thursday,August,0
2025-09-06,S003,M111,Benadryl,Cough,90,0,0,86,Saturday,September,1
2025-09-24,S009,M108,Amoxicillin,Antibiotic,180,1,0,82,Wednesday,September,0
2025-08-26,S002,M106,Insulin,Diabetes,550,0,0,42,Tuesday,August,0
2025-04-30,S008,M119,Eye Drops,Eye Care,160,0,0,68,Wednesday,April,0
2025-11-16,S001,M116,Iron Tablet,Supplement,180,0,0,91,Sunday,November,1
2025-06-26,S004,M118,Asthma Inhaler,Respiratory,450,0,0,64,Thursday,June,0
2025-06-02,S010,M112,Cough Syrup,Cough,140,0,0,62,Monday,June,0
2025-01-16,S008,M114,Pantoprazole,Antacid,110,0,0,88,Thursday,January,0
2025-02-17,S009,M101,Paracetamol,Painkiller,25,0,1,85,Monday,February,0
2025-05-24,S007,M113,Digene,Antacid,60,0,0,92,Saturday,May,1
2025-02-06,S006,M109,Azithromycin,Antibiotic,220,0,0,70,Thursday,February,0
2025-06-06,S005,M111,Benadryl,Cough,90,1,0,84,Friday,June,0
2025-01-27,S009,M113,Digene,Antacid,60,0,0,68,Monday,January,0
2025-08-01,S001,M120,Hand Sanitizer,Hygiene,90,1,1,105,Friday,August,0
2025-01-08,S001,M108,Amoxicillin,Antibiotic,180,0,0,65,Wednesday,January,0
2025-07-05,S001,M114,Pantoprazole,Antacid,110,0,0,88,Saturday,July,1
2025-10-20,S009,M106,Insulin,Diabetes,550,0,0,61,Monday,October,0
2025-08-04,S002,M120,Hand Sanitizer,Hygiene,90,0,0,85,Monday,August,0
2025-09-24,S001,M108,Amoxicillin,Antibiotic,180,1,0,100,Wednesday,September,0
2025-08-12,S001,M114,Pantoprazole,Antacid,110,0,0,70,Tuesday,August,0
2025-11-17,S008,M104,Vitamin C,Vitamin,120,1,1,105,Monday,November,0
2025-09-14,S005,M112,Cough Syrup,Cough,140,1,0,92,Sunday,September,1
2025-02-16,S003,M103,Dolo 650,Painkiller,30,0,0,101,Sunday,February,1
2025-06-17,S010,M120,Hand Sanitizer,Hygiene,90,0,0,82,Tuesday,June,0
2025-05-06,S001,M109,Azithromycin,Antibiotic,220,0,0,73,Tuesday,May,0
2025-10-03,S004,M114,Pantoprazole,Antacid,110,0,0,80,Friday,October,0
2025-08-18,S009,M114,Pantoprazole,Antacid,110,0,0,69,Monday,August,0
2025-08-22,S005,M111,Benadryl,Cough,90,0,0,66,Friday,August,0
2025-01-29,S002,M106,Insulin,Diabetes,550,0,0,39,Wednesday,January,0
2025-11-03,S002,M112,Cough Syrup,Cough,140,0,0,74,Monday,November,0
2025-12-07,S005,M109,Azithromycin,Antibiotic,220,0,0,69,Sunday,December,1
2025-01-09,S003,M101,Paracetamol,Painkiller,25,1,0,110,Thursday,January,0
2025-11-25,S002,M118,Asthma Inhaler,Respiratory,450,1,0,68,Tuesday,November,0
2025-10-23,S001,M113,Digene,Antacid,60,0,0,62,Thursday,October,0
2025-05-27,S004,M118,Asthma Inhaler,Respiratory,450,1,0,88,Tuesday,May,0
2025-06-08,S010,M117,BP Tablet,Cardiac,320,0,0,64,Sunday,June,1
2025-06-15,S009,M117,BP Tablet,Cardiac,320,0,0,83,Sunday,June,1
2025-11-10,S009,M120,Hand Sanitizer,Hygiene,90,1,0,110,Monday,November,0
2025-11-20,S006,M119,Eye Drops,Eye Care,160,1,0,83,Thursday,November,0
2025-07-01,S009,M106,Insulin,Diabetes,550,1,0,58,Tuesday,July,0
2025-06-09,S009,M110,Cetirizine,Allergy,40,1,0,103,Monday,June,0
2025-10-30,S001,M103,Dolo 650,Painkiller,30,0,0,79,Thursday,October,0
2025-09-08,S010,M102,Crocin,Painkiller,35,0,0,77,Monday,September,0
2025-08-31,S005,M110,Cetirizine,Allergy,40,0,0,89,Sunday,August,1
2025-06-04,S007,M118,Asthma Inhaler,Respiratory,450,1,1,103,Wednesday,June,0
2025-01-06,S009,M116,Iron Tablet,Supplement,180,1,0,86,Monday,January,0
2025-10-07,S005,M116,Iron Tablet,Supplement,180,1,0,87,Tuesday,October,0
2025-10-08,S007,M103,Dolo 650,Painkiller,30,0,0,76,Wednesday,October,0
2025-09-16,S003,M116,Iron Tablet,Supplement,180,0,1,71,Tuesday,September,0
2025-03-21,S004,M108,Amoxicillin,Antibiotic,180,1,0,97,Friday,March,0
2025-09-02,S008,M112,Cough Syrup,Cough,140,1,0,79,Tuesday,September,0
2025-01-18,S001,M109,Azithromycin,Antibiotic,220,0,0,88,Saturday,January,1
2025-07-04,S005,M115,Calcium Tablet,Supplement,250,1,0,86,Friday,July,0
2025-09-05,S010,M110,Cetirizine,Allergy,40,1,0,95,Friday,September,0
2025-09-18,S001,M103,Dolo 650,Painkiller,30,0,0,65,Thursday,September,0
2025-04-15,S005,M114,Pantoprazole,Antacid,110,1,0,102,Tuesday,April,0
2025-04-16,S009,M118,Asthma Inhaler,Respiratory,450,0,0,67,Wednesday,April,0
2025-07-11,S002,M101,Paracetamol,Painkiller,25,0,0,91,Friday,July,0
2025-08-27,S007,M120,Hand Sanitizer,Hygiene,90,0,0,87,Wednesday,August,0
2025-06-24,S006,M120,Hand Sanitizer,Hygiene,90,0,0,72,Tuesday,June,0
2025-11-27,S010,M114,Pantoprazole,Antacid,110,0,0,89,Thursday,November,0
2025-02-24,S003,M101,Paracetamol,Painkiller,25,1,0,110,Monday,February,0
2025-10-24,S003,M107,Metformin,Diabetes,80,0,0,61,Friday,October,0
2025-06-03,S004,M108,Amoxicillin,Antibiotic,180,0,0,56,Tuesday,June,0
2025-09-07,S010,M115,Calcium Tablet,Supplement,250,1,0,92,Sunday,September,1
2025-02-27,S008,M112,Cough Syrup,Cough,140,0,0,78,Thursday,February,0
2025-07-17,S006,M105,ORS,Hydration,25,0,0,67,Thursday,July,0
2025-02-03,S007,M113,Digene,Antacid,60,1,0,103,Monday,February,0
2025-09-19,S008,M109,Azithromycin,Antibiotic,220,1,0,103,Friday,September,0
2025-01-14,S007,M118,Asthma Inhaler,Respiratory,450,1,0,79,Tuesday,January,0
2025-02-25,S004,M103,Dolo 650,Painkiller,30,0,0,83,Tuesday,February,0
2025-08-03,S005,M112,Cough Syrup,Cough,140,0,0,94,Sunday,August,1
2025-04-20,S003,M109,Azithromycin,Antibiotic,220,1,0,85,Sunday,April,1
2025-06-29,S007,M111,Benadryl,Cough,90,0,0,80,Sunday,June,1
2025-07-27,S008,M103,Dolo 650,Painkiller,30,0,0,98,Sunday,July,1
2025-01-05,S004,M110,Cetirizine,Allergy,40,0,0,93,Sunday,January,1
2025-03-06,S007,M111,Benadryl,Cough,90,0,0,60,Thursday,March,0
2025-01-05,S001,M111,Benadryl,Cough,90,0,0,82,Sunday,January,1
2025-12-11,S003,M106,Insulin,Diabetes,550,0,0,55,Thursday,December,0
2025-06-12,S001,M111,Benadryl,Cough,90,0,1,76,Thursday,June,0
2025-03-19,S005,M117,BP Tablet,Cardiac,320,1,0,88,Wednesday,March,0
2025-09-05,S008,M115,Calcium Tablet,Supplement,250,0,0,67,Friday,September,0
2025-05-05,S009,M120,Hand Sanitizer,Hygiene,90,1,0,107,Monday,May,0
2025-11-23,S009,M110,Cetirizine,Allergy,40,0,0,80,Sunday,November,1
2025-01-27,S004,M108,Amoxicillin,Antibiotic,180,0,0,57,Monday,January,0
2025-09-20,S010,M109,Azithromycin,Antibiotic,220,0,0,69,Saturday,September,1
2025-08-01,S005,M108,Amoxicillin,Antibiotic,180,1,0,95,Friday,August,0
2025-01-16,S006,M104,Vitamin C,Vitamin,120,0,0,89,Thursday,January,0
2025-12-22,S003,M109,Azithromycin,Antibiotic,220,0,0,57,Monday,December,0
2025-08-23,S002,M107,Metformin,Diabetes,80,0,0,83,Saturday,August,1
2025-10-04,S004,M112,Cough Syrup,Cough,140,0,0,87,Saturday,October,1
2025-10-20,S006,M114,Pantoprazole,Antacid,110,0,0,70,Monday,October,0
2025-07-07,S007,M118,Asthma Inhaler,Respiratory,450,0,0,52,Monday,July,0
2025-09-09,S010,M102,Crocin,Painkiller,35,1,0,109,Tuesday,September,0
2025-04-18,S007,M104,Vitamin C,Vitamin,120,1,0,83,Friday,April,0
2025-05-01,S010,M109,Azithromycin,Antibiotic,220,1,0,104,Thursday,May,0
2025-03-03,S003,M113,Digene,Antacid,60,0,0,62,Monday,March,0
2025-04-03,S002,M111,Benadryl,Cough,90,1,0,110,Thursday,April,0
2025-08-09,S006,M107,Metformin,Diabetes,80,1,0,91,Saturday,August,1
2025-08-24,S009,M106,Insulin,Diabetes,550,1,0,72,Sunday,August,1
2025-07-19,S006,M114,Pantoprazole,Antacid,110,0,0,70,Saturday,July,1
2025-12-20,S004,M119,Eye Drops,Eye Care,160,0,0,87,Saturday,December,1
2025-11-01,S004,M102,Crocin,Painkiller,35,1,0,109,Saturday,November,1
2025-01-14,S008,M111,Benadryl,Cough,90,0,0,81,Tuesday,January,0
2025-11-24,S002,M114,Pantoprazole,Antacid,110,1,0,100,Monday,November,0
2025-11-02,S006,M115,Calcium Tablet,Supplement,250,0,1,106,Sunday,November,1
2025-05-03,S002,M117,BP Tablet,Cardiac,320,1,0,99,Saturday,May,1
2025-10-13,S010,M103,Dolo 650,Painkiller,30,0,0,69,Monday,October,0
2025-02-22,S004,M111,Benadryl,Cough,90,0,0,92,Saturday,February,1
2025-08-01,S006,M103,Dolo 650,Painkiller,30,1,0,84,Friday,August,0
2025-06-03,S004,M107,Metformin,Diabetes,80,0,0,63,Tuesday,June,0
2025-04-24,S009,M116,Iron Tablet,Supplement,180,0,0,57,Thursday,April,0
2025-09-04,S004,M102,Crocin,Painkiller,35,1,1,101,Thursday,September,0
2025-02-17,S005,M106,Insulin,Diabetes,550,0,0,42,Monday,February,0
2025-06-14,S005,M104,Vitamin C,Vitamin,120,1,0,116,Saturday,June,1
2025-05-16,S002,M104,Vitamin C,Vitamin,120,0,0,74,Friday,May,0
2025-10-05,S008,M110,Cetirizine,Allergy,40,0,0,97,Sunday,October,1
2025-04-16,S001,M116,Iron Tablet,Supplement,180,0,0,82,Wednesday,April,0
2025-01-10,S006,M119,Eye Drops,Eye Care,160,1,0,91,Friday,January,0
2025-08-22,S002,M104,Vitamin C,Vitamin,120,0,0,61,Friday,August,0
2025-10-05,S010,M106,Insulin,Diabetes,550,0,0,77,Sunday,October,1
2025-02-15,S002,M116,Iron Tablet,Supplement,180,0,0,86,Saturday,February,1
2025-09-21,S001,M119,Eye Drops,Eye Care,160,0,0,74,Sunday,September,1
2025-11-27,S005,M105,ORS,Hydration,25,0,0,75,Thursday,November,0
2025-04-23,S010,M107,Metformin,Diabetes,80,0,0,63,Wednesday,April,0
2025-02-08,S009,M119,Eye Drops,Eye Care,160,0,0,87,Saturday,February,1
2025-08-07,S005,M107,Metformin,Diabetes,80,0,0,91,Thursday,August,0
2025-10-26,S010,M107,Metformin,Diabetes,80,0,0,71,Sunday,October,1
2025-01-08,S010,M112,Cough Syrup,Cough,140,0,0,77,Wednesday,January,0
2025-11-15,S010,M119,Eye Drops,Eye Care,160,1,1,129,Saturday,November,1
2025-01-05,S003,M103,Dolo 650,Painkiller,30,1,0,109,Sunday,January,1
2025-01-23,S006,M115,Calcium Tablet,Supplement,250,0,0,77,Thursday,January,0
2025-05-16,S002,M105,ORS,Hydration,25,1,1,110,Friday,May,0
2025-07-09,S007,M114,Pantoprazole,Antacid,110,0,0,82,Wednesday,July,0
2025-04-11,S003,M110,Cetirizine,Allergy,40,0,0,75,Friday,April,0
2025-05-17,S004,M106,Insulin,Diabetes,550,0,0,77,Saturday,May,1
2025-04-16,S002,M108,Amoxicillin,Antibiotic,180,0,0,77,Wednesday,April,0
2025-08-04,S004,M112,Cough Syrup,Cough,140,0,0,83,Monday,August,0
2025-05-12,S006,M108,Amoxicillin,Antibiotic,180,0,0,66,Monday,May,0
2025-06-11,S009,M108,Amoxicillin,Antibiotic,180,0,0,65,Wednesday,June,0
2025-08-01,S002,M110,Cetirizine,Allergy,40,1,0,94,Friday,August,0
2025-09-25,S007,M118,Asthma Inhaler,Respiratory,450,0,0,71,Thursday,September,0
2025-01-13,S005,M117,BP Tablet,Cardiac,320,0,1,76,Monday,January,0
2025-04-09,S005,M103,Dolo 650,Painkiller,30,0,0,85,Wednesday,April,0
2025-03-11,S009,M104,Vitamin C,Vitamin,120,0,0,77,Tuesday,March,0
2025-06-23,S007,M107,Metformin,Diabetes,80,0,0,86,Monday,June,0
2025-03-09,S009,M103,Dolo 650,Painkiller,30,0,1,111,Sunday,March,1
2025-09-15,S005,M120,Hand Sanitizer,Hygiene,90,0,1,99,Monday,September,0
2025-02-27,S004,M108,Amoxicillin,Antibiotic,180,1,0,87,Thursday,February,0
2025-09-28,S001,M101,Paracetamol,Painkiller,25,1,0,107,Sunday,September,1
2025-05-03,S004,M113,Digene,Antacid,60,0,0,82,Saturday,May,1
2025-07-10,S008,M105,ORS,Hydration,25,0,0,74,Thursday,July,0
2025-12-18,S008,M103,Dolo 650,Painkiller,30,0,1,86,Thursday,December,0
2025-11-08,S004,M103,Dolo 650,Painkiller,30,0,0,77,Saturday,November,1
2025-09-04,S002,M118,Asthma Inhaler,Respiratory,450,0,0,54,Thursday,September,0
2025-02-02,S004,M110,Cetirizine,Allergy,40,0,0,82,Sunday,February,1
2025-01-28,S001,M108,Amoxicillin,Antibiotic,180,0,0,73,Tuesday,January,0
2025-06-01,S009,M118,Asthma Inhaler,Respiratory,450,1,0,80,Sunday,June,1
2025-09-20,S007,M104,Vitamin C,Vitamin,120,0,0,77,Saturday,September,1
2025-07-11,S009,M106,Insulin,Diabetes,550,0,0,46,Friday,July,0
2025-09-02,S004,M103,Dolo 650,Painkiller,30,0,0,88,Tuesday,September,0
2025-06-27,S004,M112,Cough Syrup,Cough,140,0,0,79,Friday,June,0
2025-03-27,S009,M104,Vitamin C,Vitamin,120,0,0,70,Thursday,March,0
2025-04-23,S006,M115,Calcium Tablet,Supplement,250,0,0,81,Wednesday,April,0
2025-04-21,S007,M117,BP Tablet,Cardiac,320,0,0,60,Monday,April,0
2025-01-18,S005,M103,Dolo 650,Painkiller,30,1,0,109,Saturday,January,1
2025-09-13,S005,M113,Digene,Antacid,60,0,0,88,Saturday,September,1
2025-06-19,S001,M105,ORS,Hydration,25,0,0,78,Thursday,June,0
2025-03-30,S008,M103,Dolo 650,Painkiller,30,1,0,96,Sunday,March,1
2025-02-21,S006,M118,Asthma Inhaler,Respiratory,450,1,0,72,Friday,February,0
2025-08-05,S005,M104,Vitamin C,Vitamin,120,1,0,106,Tuesday,August,0
2025-10-27,S005,M117,BP Tablet,Cardiac,320,1,0,86,Monday,October,0
2025-03-14,S004,M115,Calcium Tablet,Supplement,250,1,0,72,Friday,March,0
2025-07-18,S004,M112,Cough Syrup,Cough,140,0,0,83,Friday,July,0
2025-04-28,S008,M119,Eye Drops,Eye Care,160,0,0,84,Monday,April,0
2025-02-09,S001,M102,Crocin,Painkiller,35,0,0,89,Sunday,February,1
2025-01-26,S001,M112,Cough Syrup,Cough,140,0,0,89,Sunday,January,1
2025-12-29,S005,M115,Calcium Tablet,Supplement,250,0,0,80,Monday,December,0
2025-02-21,S002,M106,Insulin,Diabetes,550,0,0,48,Friday,February,0
2025-09-26,S002,M116,Iron Tablet,Supplement,180,0,0,83,Friday,September,0
2025-02-24,S002,M109,Azithromycin,Antibiotic,220,0,0,78,Monday,February,0
2025-08-17,S010,M119,Eye Drops,Eye Care,160,0,0,73,Sunday,August,1
2025-01-08,S005,M119,Eye Drops,Eye Care,160,0,0,61,Wednesday,January,0
2025-01-22,S008,M117,BP Tablet,Cardiac,320,1,0,88,Wednesday,January,0
2025-07-04,S008,M105,ORS,Hydration,25,0,0,73,Friday,July,0
2025-06-20,S010,M117,BP Tablet,Cardiac,320,0,0,74,Friday,June,0
2025-07-12,S001,M103,Dolo 650,Painkiller,30,0,0,98,Saturday,July,1
2025-11-19,S008,M102,Crocin,Painkiller,35,0,0,67,Wednesday,November,0
2025-08-30,S005,M103,Dolo 650,Painkiller,30,0,0,96,Saturday,August,1
2025-06-02,S010,M115,Calcium Tablet,Supplement,250,1,0,85,Monday,June,0
2025-08-27,S004,M116,Iron Tablet,Supplement,180,1,0,100,Wednesday,August,0
2025-01-03,S010,M110,Cetirizine,Allergy,40,0,0,87,Friday,January,0
2025-06-25,S009,M110,Cetirizine,Allergy,40,0,0,90,Wednesday,June,0
2025-02-18,S006,M109,Azithromycin,Antibiotic,220,0,1,83,Tuesday,February,0
2025-10-15,S003,M113,Digene,Antacid,60,0,0,79,Wednesday,October,0
2025-11-16,S009,M118,Asthma Inhaler,Respiratory,450,1,0,89,Sunday,November,1
2025-03-12,S007,M107,Metformin,Diabetes,80,0,0,79,Wednesday,March,0
2025-02-17,S006,M118,Asthma Inhaler,Respiratory,450,0,1,64,Monday,February,0
2025-09-16,S007,M114,Pantoprazole,Antacid,110,0,0,70,Tuesday,September,0
2025-02-02,S009,M119,Eye Drops,Eye Care,160,0,0,87,Sunday,February,1
2025-10-03,S010,M107,Metformin,Diabetes,80,0,0,68,Friday,October,0
2025-01-12,S006,M120,Hand Sanitizer,Hygiene,90,0,0,71,Sunday,January,1
2025-02-13,S001,M102,Crocin,Painkiller,35,0,0,90,Thursday,February,0
2025-07-18,S003,M111,Benadryl,Cough,90,0,0,64,Friday,July,0
2025-09-01,S005,M119,Eye Drops,Eye Care,160,0,0,65,Monday,September,0
2025-06-25,S002,M120,Hand Sanitizer,Hygiene,90,0,0,90,Wednesday,June,0
2025-11-24,S002,M104,Vitamin C,Vitamin,120,0,0,86,Monday,November,0
2025-11-18,S001,M114,Pantoprazole,Antacid,110,1,0,108,Tuesday,November,0
2025-06-14,S010,M106,Insulin,Diabetes,550,0,1,91,Saturday,June,1
2025-10-20,S007,M110,Cetirizine,Allergy,40,0,0,77,Monday,October,0
2025-02-07,S006,M117,BP Tablet,Cardiac,320,0,0,66,Friday,February,0
2025-10-13,S008,M108,Amoxicillin,Antibiotic,180,1,0,104,Monday,October,0
2025-10-18,S001,M107,Metformin,Diabetes,80,1,0,105,Saturday,October,1
2025-05-19,S010,M104,Vitamin C,Vitamin,120,1,0,95,Monday,May,0
2025-06-11,S005,M115,Calcium Tablet,Supplement,250,1,0,96,Wednesday,June,0
2025-01-31,S002,M104,Vitamin C,Vitamin,120,1,0,81,Friday,January,0
2025-03-24,S009,M108,Amoxicillin,Antibiotic,180,0,0,63,Monday,March,0
2025-09-01,S004,M106,Insulin,Diabetes,550,0,0,63,Monday,September,0
2025-09-11,S010,M119,Eye Drops,Eye Care,160,0,0,57,Thursday,September,0
2025-04-22,S006,M111,Benadryl,Cough,90,0,0,71,Tuesday,April,0
2025-08-09,S004,M102,Crocin,Painkiller,35,1,0,122,Saturday,August,1
2025-03-21,S009,M110,Cetirizine,Allergy,40,0,1,81,Friday,March,0
2025-10-14,S010,M103,Dolo 650,Painkiller,30,0,0,75,Tuesday,October,0
2025-11-07,S007,M108,Amoxicillin,Antibiotic,180,0,0,76,Friday,November,0
2025-03-23,S008,M117,BP Tablet,Cardiac,320,0,0,59,Sunday,March,1
2025-12-13,S007,M116,Iron Tablet,Supplement,180,0,0,95,Saturday,December,1
2025-03-23,S001,M101,Paracetamol,Painkiller,25,0,0,96,Sunday,March,1
2025-03-16,S005,M105,ORS,Hydration,25,0,0,96,Sunday,March,1
2025-02-24,S006,M105,ORS,Hydration,25,0,0,71,Monday,February,0
2025-07-13,S005,M101,Paracetamol,Painkiller,25,0,0,102,Sunday,July,1
2025-05-04,S006,M119,Eye Drops,Eye Care,160,0,0,86,Sunday,May,1
2025-08-08,S005,M104,Vitamin C,Vitamin,120,0,0,86,Friday,August,0
2025-04-09,S001,M116,Iron Tablet,Supplement,180,0,0,57,Wednesday,April,0
2025-06-05,S009,M107,Metformin,Diabetes,80,0,0,70,Thursday,June,0
2025-12-03,S004,M104,Vitamin C,Vitamin,120,0,0,61,Wednesday,December,0
2025-02-20,S008,M108,Amoxicillin,Antibiotic,180,1,0,84,Thursday,February,0
2025-02-21,S006,M113,Digene,Antacid,60,0,0,79,Friday,February,0
2025-08-22,S010,M115,Calcium Tablet,Supplement,250,0,1,86,Friday,August,0
2025-09-14,S004,M107,Metformin,Diabetes,80,1,0,91,Sunday,September,1
2025-06-07,S009,M110,Cetirizine,Allergy,40,0,0,83,Saturday,June,1
2025-08-01,S001,M106,Insulin,Diabetes,550,0,0,46,Friday,August,0
2025-09-30,S009,M116,Iron Tablet,Supplement,180,0,0,81,Tuesday,September,0
2025-02-20,S005,M115,Calcium Tablet,Supplement,250,0,0,71,Thursday,February,0
2025-09-05,S010,M119,Eye Drops,Eye Care,160,0,0,81,Friday,September,0
2025-01-02,S005,M110,Cetirizine,Allergy,40,1,0,96,Thursday,January,0
2025-09-26,S010,M112,Cough Syrup,Cough,140,1,0,98,Friday,September,0
2025-07-29,S001,M120,Hand Sanitizer,Hygiene,90,0,0,73,Tuesday,July,0
2025-11-09,S005,M118,Asthma Inhaler,Respiratory,450,0,0,54,Sunday,November,1
2025-03-09,S010,M114,Pantoprazole,Antacid,110,0,0,78,Sunday,March,1
2025-05-03,S003,M120,Hand Sanitizer,Hygiene,90,1,0,91,Saturday,May,1
2025-07-06,S003,M104,Vitamin C,Vitamin,120,1,0,110,Sunday,July,1
2025-12-30,S003,M120,Hand Sanitizer,Hygiene,90,0,0,80,Tuesday,December,0
2025-02-25,S009,M114,Pantoprazole,Antacid,110,0,0,87,Tuesday,February,0
2025-01-23,S004,M101,Paracetamol,Painkiller,25,0,0,65,Thursday,January,0
2025-08-25,S006,M107,Metformin,Diabetes,80,0,0,91,Monday,August,0
2025-09-29,S010,M118,Asthma Inhaler,Respiratory,450,0,0,61,Monday,September,0
2025-08-22,S008,M120,Hand Sanitizer,Hygiene,90,0,0,88,Friday,August,0
2025-02-19,S010,M108,Amoxicillin,Antibiotic,180,0,0,64,Wednesday,February,0
2025-09-24,S010,M116,Iron Tablet,Supplement,180,0,0,70,Wednesday,September,0
2025-09-08,S006,M116,Iron Tablet,Supplement,180,1,0,79,Monday,September,0
2025-06-26,S004,M114,Pantoprazole,Antacid,110,0,0,59,Thursday,June,0
2025-03-29,S010,M105,ORS,Hydration,25,0,1,118,Saturday,March,1
2025-05-17,S007,M116,Iron Tablet,Supplement,180,0,0,67,Saturday,May,1
2025-03-11,S003,M103,Dolo 650,Painkiller,30,0,0,92,Tuesday,March,0
2025-06-27,S003,M105,ORS,Hydration,25,1,0,111,Friday,June,0
2025-10-08,S002,M105,ORS,Hydration,25,1,0,96,Wednesday,October,0
2025-06-09,S008,M120,Hand Sanitizer,Hygiene,90,0,0,74,Monday,June,0
2025-04-30,S008,M102,Crocin,Painkiller,35,1,0,97,Wednesday,April,0
2025-11-03,S006,M116,Iron Tablet,Supplement,180,0,0,63,Monday,November,0
2025-12-25,S003,M110,Cetirizine,Allergy,40,0,0,69,Thursday,December,0
2025-02-10,S009,M118,Asthma Inhaler,Respiratory,450,0,0,51,Monday,February,0
2025-09-04,S004,M116,Iron Tablet,Supplement,180,1,0,101,Thursday,September,0
2025-10-16,S001,M116,Iron Tablet,Supplement,180,0,0,79,Thursday,October,0
2025-12-27,S008,M113,Digene,Antacid,60,1,1,109,Saturday,December,1
2025-06-30,S008,M112,Cough Syrup,Cough,140,1,0,84,Monday,June,0
2025-03-03,S004,M111,Benadryl,Cough,90,1,0,98,Monday,March,0
2025-08-05,S003,M105,ORS,Hydration,25,0,0,64,Tuesday,August,0
2025-05-01,S008,M116,Iron Tablet,Supplement,180,0,0,65,Thursday,May,0
2025-05-12,S004,M109,Azithromycin,Antibiotic,220,0,0,75,Monday,May,0
2025-07-28,S001,M112,Cough Syrup,Cough,140,1,0,101,Monday,July,0
2025-07-10,S003,M118,Asthma Inhaler,Respiratory,450,0,0,47,Thursday,July,0
2025-12-12,S009,M107,Metformin,Diabetes,80,0,0,91,Friday,December,0
2025-07-18,S001,M103,Dolo 650,Painkiller,30,0,0,90,Friday,July,0
2025-04-22,S006,M110,Cetirizine,Allergy,40,0,0,69,Tuesday,April,0
2025-12-22,S007,M105,ORS,Hydration,25,0,0,65,Monday,December,0
2025-08-22,S007,M101,Paracetamol,Painkiller,25,0,0,90,Friday,August,0
2025-01-19,S009,M107,Metformin,Diabetes,80,0,0,77,Sunday,January,1
2025-06-16,S005,M114,Pantoprazole,Antacid,110,0,0,88,Monday,June,0
2025-06-04,S007,M120,Hand Sanitizer,Hygiene,90,0,0,70,Wednesday,June,0
2025-03-25,S009,M111,Benadryl,Cough,90,1,0,96,Tuesday,March,0
2025-07-01,S007,M120,Hand Sanitizer,Hygiene,90,0,0,73,Tuesday,July,0
2025-04-23,S007,M109,Azithromycin,Antibiotic,220,1,0,78,Wednesday,April,0
2025-02-07,S006,M118,Asthma Inhaler,Respiratory,450,1,0,74,Friday,February,0
2025-06-22,S009,M110,Cetirizine,Allergy,40,0,0,95,Sunday,June,1
2025-05-01,S007,M107,Metformin,Diabetes,80,0,0,62,Thursday,May,0
2025-08-09,S009,M106,Insulin,Diabetes,550,0,0,53,Saturday,August,1
2025-11-26,S005,M106,Insulin,Diabetes,550,0,1,58,Wednesday,November,0
2025-04-09,S008,M106,Insulin,Diabetes,550,0,0,52,Wednesday,April,0
2025-07-29,S009,M107,Metformin,Diabetes,80,0,1,92,Tuesday,July,0
2025-08-19,S008,M109,Azithromycin,Antibiotic,220,0,0,68,Tuesday,August,0
2025-03-01,S010,M117,BP Tablet,Cardiac,320,0,0,69,Saturday,March,1
2025-07-01,S010,M116,Iron Tablet,Supplement,180,0,0,58,Tuesday,July,0
2025-10-13,S010,M101,Paracetamol,Painkiller,25,1,0,84,Monday,October,0
2025-11-05,S008,M104,Vitamin C,Vitamin,120,0,0,67,Wednesday,November,0
2025-06-26,S009,M107,Metformin,Diabetes,80,0,0,89,Thursday,June,0
2025-06-23,S004,M101,Paracetamol,Painkiller,25,0,0,84,Monday,June,0
2025-08-26,S004,M107,Metformin,Diabetes,80,0,0,84,Tuesday,August,0
2025-03-11,S004,M106,Insulin,Diabetes,550,1,0,66,Tuesday,March,0
2025-05-14,S010,M115,Calcium Tablet,Supplement,250,0,0,78,Wednesday,May,0
2025-08-16,S005,M109,Azithromycin,Antibiotic,220,1,0,94,Saturday,August,1
2025-08-28,S009,M111,Benadryl,Cough,90,0,0,81,Thursday,August,0
2025-12-12,S010,M120,Hand Sanitizer,Hygiene,90,1,0,98,Friday,December,0
2025-08-11,S006,M103,Dolo 650,Painkiller,30,0,0,78,Monday,August,0
2025-07-03,S007,M106,Insulin,Diabetes,550,1,0,62,Thursday,July,0
2025-08-22,S006,M101,Paracetamol,Painkiller,25,0,0,85,Friday,August,0
2025-08-09,S003,M104,Vitamin C,Vitamin,120,1,0,95,Saturday,August,1
2025-02-13,S001,M105,ORS,Hydration,25,0,0,82,Thursday,February,0
2025-06-27,S008,M116,Iron Tablet,Supplement,180,1,0,82,Friday,June,0
2025-09-18,S002,M102,Crocin,Painkiller,35,0,1,103,Thursday,September,0
2025-04-10,S007,M117,BP Tablet,Cardiac,320,0,0,68,Thursday,April,0
2025-08-05,S009,M110,Cetirizine,Allergy,40,1,1,116,Tuesday,August,0
2025-12-21,S001,M109,Azithromycin,Antibiotic,220,0,0,93,Sunday,December,1
2025-03-19,S004,M108,Amoxicillin,Antibiotic,180,1,1,103,Wednesday,March,0
2025-06-03,S009,M102,Crocin,Painkiller,35,0,0,78,Tuesday,June,0
2025-08-13,S008,M101,Paracetamol,Painkiller,25,0,1,103,Wednesday,August,0
2025-05-11,S007,M110,Cetirizine,Allergy,40,0,0,93,Sunday,May,1
2025-05-21,S008,M105,ORS,Hydration,25,1,0,106,Wednesday,May,0
2025-10-10,S007,M105,ORS,Hydration,25,0,0,85,Friday,October,0
2025-05-20,S002,M105,ORS,Hydration,25,0,0,76,Tuesday,May,0
2025-01-28,S006,M117,BP Tablet,Cardiac,320,1,0,77,Tuesday,January,0
2025-01-22,S003,M119,Eye Drops,Eye Care,160,1,0,100,Wednesday,January,0
2025-10-04,S008,M103,Dolo 650,Painkiller,30,0,0,97,Saturday,October,1
2025-07-20,S001,M108,Amoxicillin,Antibiotic,180,1,0,113,Sunday,July,1
2025-08-30,S006,M108,Amoxicillin,Antibiotic,180,0,0,89,Saturday,August,1
2025-09-30,S006,M108,Amoxicillin,Antibiotic,180,1,0,83,Tuesday,September,0
2025-06-21,S002,M108,Amoxicillin,Antibiotic,180,0,0,71,Saturday,June,1
2025-02-14,S010,M105,ORS,Hydration,25,0,0,69,Friday,February,0
2025-03-26,S006,M115,Calcium Tablet,Supplement,250,0,1,97,Wednesday,March,0
2025-05-04,S002,M104,Vitamin C,Vitamin,120,0,0,82,Sunday,May,1
2025-05-11,S007,M116,Iron Tablet,Supplement,180,0,0,81,Sunday,May,1
2025-04-26,S002,M112,Cough Syrup,Cough,140,0,0,76,Saturday,April,1
2025-02-05,S002,M107,Metformin,Diabetes,80,0,0,85,Wednesday,February,0
2025-08-12,S002,M120,Hand Sanitizer,Hygiene,90,0,0,70,Tuesday,August,0
2025-08-10,S005,M110,Cetirizine,Allergy,40,0,0,100,Sunday,August,1
2025-07-28,S005,M120,Hand Sanitizer,Hygiene,90,0,0,76,Monday,July,0
2025-02-26,S009,M109,Azithromycin,Antibiotic,220,0,0,57,Wednesday,February,0
2025-10-20,S003,M119,Eye Drops,Eye Care,160,0,0,57,Monday,October,0
2025-06-04,S003,M106,Insulin,Diabetes,550,0,0,50,Wednesday,June,0
2025-04-06,S005,M119,Eye Drops,Eye Care,160,0,0,79,Sunday,April,1
2025-11-29,S010,M102,Crocin,Painkiller,35,0,0,99,Saturday,November,1
2025-06-24,S001,M109,Azithromycin,Antibiotic,220,1,0,75,Tuesday,June,0
2025-09-08,S001,M101,Paracetamol,Painkiller,25,0,0,66,Monday,September,0
2025-09-26,S008,M117,BP Tablet,Cardiac,320,0,0,53,Friday,September,0
2025-04-17,S007,M117,BP Tablet,Cardiac,320,0,0,78,Thursday,April,0
2025-05-17,S010,M109,Azithromycin,Antibiotic,220,1,0,98,Saturday,May,1
2025-01-14,S010,M110,Cetirizine,Allergy,40,1,0,103,Tuesday,January,0
2025-07-24,S007,M111,Benadryl,Cough,90,0,0,86,Thursday,July,0
2025-07-19,S006,M118,Asthma Inhaler,Respiratory,450,1,0,96,Saturday,July,1
2025-02-08,S006,M103,Dolo 650,Painkiller,30,0,1,99,Saturday,February,1
2025-06-26,S010,M108,Amoxicillin,Antibiotic,180,0,0,81,Thursday,June,0
2025-09-25,S010,M109,Azithromycin,Antibiotic,220,0,0,81,Thursday,September,0
2025-12-09,S009,M116,Iron Tablet,Supplement,180,0,0,66,Tuesday,December,0
2025-03-24,S006,M110,Cetirizine,Allergy,40,0,0,68,Monday,March,0
2025-11-01,S001,M116,Iron Tablet,Supplement,180,0,0,83,Saturday,November,1
2025-09-23,S005,M107,Metformin,Diabetes,80,0,0,79,Tuesday,September,0
2025-03-26,S008,M111,Benadryl,Cough,90,1,0,98,Wednesday,March,0
2025-09-17,S009,M105,ORS,Hydration,25,1,0,93,Wednesday,September,0
2025-09-12,S009,M111,Benadryl,Cough,90,0,0,64,Friday,September,0
2025-08-01,S009,M119,Eye Drops,Eye Care,160,1,0,85,Friday,August,0
2025-08-15,S009,M113,Digene,Antacid,60,1,0,97,Friday,August,0
2025-12-29,S004,M103,Dolo 650,Painkiller,30,1,0,108,Monday,December,0
2025-11-11,S010,M115,Calcium Tablet,Supplement,250,0,0,63,Tuesday,November,0
2025-06-17,S004,M113,Digene,Antacid,60,1,1,119,Tuesday,June,0
2025-12-10,S004,M114,Pantoprazole,Antacid,110,0,0,61,Wednesday,December,0
2025-12-21,S007,M101,Paracetamol,Painkiller,25,0,0,86,Sunday,December,1
2025-05-28,S007,M116,Iron Tablet,Supplement,180,0,0,71,Wednesday,May,0
2025-03-03,S010,M103,Dolo 650,Painkiller,30,1,0,108,Monday,March,0
2025-06-28,S003,M114,Pantoprazole,Antacid,110,0,0,86,Saturday,June,1
2025-09-25,S010,M111,Benadryl,Cough,90,0,0,84,Thursday,September,0
2025-01-09,S010,M103,Dolo 650,Painkiller,30,0,0,79,Thursday,January,0
2025-04-22,S005,M106,Insulin,Diabetes,550,0,0,64,Tuesday,April,0
2025-08-07,S003,M112,Cough Syrup,Cough,140,0,0,67,Thursday,August,0
2025-04-04,S007,M105,ORS,Hydration,25,0,0,73,Friday,April,0
2025-09-04,S003,M103,Dolo 650,Painkiller,30,0,0,75,Thursday,September,0
2025-03-28,S008,M114,Pantoprazole,Antacid,110,0,0,86,Friday,March,0
2025-07-10,S007,M120,Hand Sanitizer,Hygiene,90,1,1,105,Thursday,July,0
2025-01-05,S003,M117,BP Tablet,Cardiac,320,0,0,65,Sunday,January,1
2025-06-02,S007,M116,Iron Tablet,Supplement,180,0,0,71,Monday,June,0
2025-04-17,S001,M105,ORS,Hydration,25,0,0,63,Thursday,April,0
2025-06-03,S002,M103,Dolo 650,Painkiller,30,1,0,84,Tuesday,June,0
2025-07-13,S005,M104,Vitamin C,Vitamin,120,1,1,109,Sunday,July,1
2025-10-06,S008,M119,Eye Drops,Eye Care,160,0,0,72,Monday,October,0
2025-02-05,S007,M107,Metformin,Diabetes,80,0,0,75,Wednesday,February,0
2025-06-03,S001,M116,Iron Tablet,Supplement,180,0,0,81,Tuesday,June,0
2025-05-04,S002,M102,Crocin,Painkiller,35,1,1,138,Sunday,May,1
2025-01-13,S006,M111,Benadryl,Cough,90,0,1,79,Monday,January,0
2025-01-28,S009,M114,Pantoprazole,Antacid,110,0,0,60,Tuesday,January,0
2025-06-12,S002,M112,Cough Syrup,Cough,140,0,0,81,Thursday,June,0
2025-06-23,S008,M110,Cetirizine,Allergy,40,0,0,92,Monday,June,0
2025-06-26,S004,M108,Amoxicillin,Antibiotic,180,1,0,82,Thursday,June,0
2025-10-10,S005,M104,Vitamin C,Vitamin,120,1,0,85,Friday,October,0
2025-04-15,S004,M106,Insulin,Diabetes,550,1,0,80,Tuesday,April,0
2025-07-12,S008,M120,Hand Sanitizer,Hygiene,90,0,0,89,Saturday,July,1
2025-06-07,S002,M117,BP Tablet,Cardiac,320,0,0,64,Saturday,June,1
2025-08-14,S008,M118,Asthma Inhaler,Respiratory,450,0,0,63,Thursday,August,0
2025-07-26,S007,M110,Cetirizine,Allergy,40,0,0,92,Saturday,July,1
2025-06-26,S007,M101,Paracetamol,Painkiller,25,0,1,105,Thursday,June,0
2025-08-15,S003,M106,Insulin,Diabetes,550,1,0,69,Friday,August,0
2025-07-12,S003,M107,Metformin,Diabetes,80,0,0,95,Saturday,July,1
2025-03-29,S006,M104,Vitamin C,Vitamin,120,0,0,93,Saturday,March,1
2025-02-07,S002,M114,Pantoprazole,Antacid,110,1,0,95,Friday,February,0
2025-10-14,S001,M111,Benadryl,Cough,90,0,0,89,Tuesday,October,0
2025-05-07,S007,M119,Eye Drops,Eye Care,160,0,1,84,Wednesday,May,0
2025-07-15,S004,M103,Dolo 650,Painkiller,30,1,0,110,Tuesday,July,0
2025-12-21,S005,M117,BP Tablet,Cardiac,320,1,0,92,Sunday,December,1
2025-07-06,S009,M116,Iron Tablet,Supplement,180,0,0,93,Sunday,July,1
2025-09-19,S006,M101,Paracetamol,Painkiller,25,0,0,88,Friday,September,0
2025-04-06,S010,M113,Digene,Antacid,60,1,0,118,Sunday,April,1
2025-02-24,S008,M113,Digene,Antacid,60,0,0,87,Monday,February,0
2025-10-29,S008,M101,Paracetamol,Painkiller,25,1,0,106,Wednesday,October,0
2025-08-23,S008,M118,Asthma Inhaler,Respiratory,450,0,0,74,Saturday,August,1
2025-12-01,S005,M116,Iron Tablet,Supplement,180,0,0,61,Monday,December,0
2025-11-19,S002,M104,Vitamin C,Vitamin,120,0,0,87,Wednesday,November,0
2025-10-25,S010,M116,Iron Tablet,Supplement,180,0,0,82,Saturday,October,1
2025-02-25,S003,M105,ORS,Hydration,25,1,0,106,Tuesday,February,0
2025-05-19,S002,M108,Amoxicillin,Antibiotic,180,0,0,82,Monday,May,0
2025-11-12,S010,M108,Amoxicillin,Antibiotic,180,0,0,61,Wednesday,November,0
2025-09-14,S009,M104,Vitamin C,Vitamin,120,0,0,74,Sunday,September,1
2025-02-01,S005,M120,Hand Sanitizer,Hygiene,90,0,0,82,Saturday,February,1
2025-04-24,S006,M112,Cough Syrup,Cough,140,1,0,98,Thursday,April,0
2025-03-02,S004,M110,Cetirizine,Allergy,40,0,0,77,Sunday,March,1
2025-12-12,S006,M102,Crocin,Painkiller,35,0,0,69,Friday,December,0
2025-12-04,S005,M117,BP Tablet,Cardiac,320,0,0,67,Thursday,December,0
2025-07-16,S004,M103,Dolo 650,Painkiller,30,0,0,77,Wednesday,July,0
2025-05-03,S009,M118,Asthma Inhaler,Respiratory,450,0,1,81,Saturday,May,1
2025-10-06,S008,M111,Benadryl,Cough,90,0,0,68,Monday,October,0
2025-08-10,S010,M113,Digene,Antacid,60,0,1,109,Sunday,August,1
2025-09-02,S008,M107,Metformin,Diabetes,80,0,0,82,Tuesday,September,0
2025-06-21,S009,M104,Vitamin C,Vitamin,120,0,0,99,Saturday,June,1
2025-05-04,S003,M114,Pantoprazole,Antacid,110,1,0,108,Sunday,May,1
2025-04-28,S010,M113,Digene,Antacid,60,0,1,92,Monday,April,0
2025-04-02,S010,M117,BP Tablet,Cardiac,320,0,0,71,Wednesday,April,0
2025-01-08,S003,M103,Dolo 650,Painkiller,30,0,0,92,Wednesday,January,0
2025-01-17,S006,M119,Eye Drops,Eye Care,160,0,0,62,Friday,January,0
2025-01-10,S004,M101,Paracetamol,Painkiller,25,0,0,77,Friday,January,0
2025-05-05,S005,M110,Cetirizine,Allergy,40,1,0,90,Monday,May,0
2025-07-28,S009,M101,Paracetamol,Painkiller,25,0,1,94,Monday,July,0
2025-05-01,S006,M102,Crocin,Painkiller,35,0,0,82,Thursday,May,0
2025-05-07,S006,M120,Hand Sanitizer,Hygiene,90,0,0,79,Wednesday,May,0
2025-05-06,S008,M101,Paracetamol,Painkiller,25,0,0,85,Tuesday,May,0
2025-04-17,S003,M103,Dolo 650,Painkiller,30,0,0,66,Thursday,April,0
2025-01-20,S007,M112,Cough Syrup,Cough,140,1,0,86,Monday,January,0
2025-07-04,S007,M116,Iron Tablet,Supplement,180,0,0,80,Friday,July,0
2025-08-21,S010,M112,Cough Syrup,Cough,140,0,0,82,Thursday,August,0
2025-10-27,S008,M101,Paracetamol,Painkiller,25,0,0,68,Monday,October,0
2025-04-16,S002,M102,Crocin,Painkiller,35,0,1,95,Wednesday,April,0
2025-01-18,S009,M119,Eye Drops,Eye Care,160,0,0,85,Saturday,January,1
2025-08-30,S006,M105,ORS,Hydration,25,0,1,103,Saturday,August,1
2025-04-07,S007,M120,Hand Sanitizer,Hygiene,90,1,0,103,Monday,April,0
2025-09-19,S003,M109,Azithromycin,Antibiotic,220,1,0,83,Friday,September,0
2025-08-14,S004,M115,Calcium Tablet,Supplement,250,1,0,94,Thursday,August,0
2025-04-22,S004,M110,Cetirizine,Allergy,40,0,0,80,Tuesday,April,0
2025-08-30,S005,M120,Hand Sanitizer,Hygiene,90,1,0,119,Saturday,August,1
2025-06-16,S004,M114,Pantoprazole,Antacid,110,1,0,97,Monday,June,0
2025-07-01,S006,M107,Metformin,Diabetes,80,0,0,90,Tuesday,July,0
2025-08-16,S005,M112,Cough Syrup,Cough,140,1,0,103,Saturday,August,1
2025-08-05,S008,M105,ORS,Hydration,25,1,0,102,Tuesday,August,0
2025-11-12,S008,M118,Asthma Inhaler,Respiratory,450,1,0,79,Wednesday,November,0
2025-04-09,S003,M106,Insulin,Diabetes,550,0,0,40,Wednesday,April,0
2025-11-17,S004,M110,Cetirizine,Allergy,40,0,0,93,Monday,November,0
2025-04-02,S003,M107,Metformin,Diabetes,80,1,0,102,Wednesday,April,0
2025-05-13,S002,M112,Cough Syrup,Cough,140,0,0,82,Tuesday,May,0
2025-03-19,S009,M109,Azithromycin,Antibiotic,220,0,0,78,Wednesday,March,0
2025-02-16,S003,M106,Insulin,Diabetes,550,0,0,63,Sunday,February,1
2025-04-27,S006,M108,Amoxicillin,Antibiotic,180,0,0,89,Sunday,April,1
2025-09-07,S003,M104,Vitamin C,Vitamin,120,0,0,80,Sunday,September,1
2025-08-15,S009,M102,Crocin,Painkiller,35,0,0,76,Friday,August,0
2025-03-12,S004,M116,Iron Tablet,Supplement,180,0,0,58,Wednesday,March,0
2025-11-27,S006,M106,Insulin,Diabetes,550,0,1,66,Thursday,November,0
2025-07-25,S001,M102,Crocin,Painkiller,35,0,0,67,Friday,July,0
2025-07-25,S001,M117,BP Tablet,Cardiac,320,0,0,65,Friday,July,0
2025-10-12,S010,M103,Dolo 650,Painkiller,30,1,0,122,Sunday,October,1
2025-06-13,S001,M109,Azithromycin,Antibiotic,220,0,0,61,Friday,June,0
2025-12-23,S010,M118,Asthma Inhaler,Respiratory,450,0,0,59,Tuesday,December,0
2025-08-29,S001,M120,Hand Sanitizer,Hygiene,90,0,0,70,Friday,August,0
2025-11-09,S006,M111,Benadryl,Cough,90,0,0,98,Sunday,November,1
2025-01-15,S009,M112,Cough Syrup,Cough,140,0,0,60,Wednesday,January,0
2025-05-04,S003,M120,Hand Sanitizer,Hygiene,90,0,1,92,Sunday,May,1
2025-07-14,S002,M115,Calcium Tablet,Supplement,250,1,0,93,Monday,July,0
2025-01-08,S007,M109,Azithromycin,Antibiotic,220,1,1,96,Wednesday,January,0
2025-05-25,S003,M115,Calcium Tablet,Supplement,250,0,0,88,Sunday,May,1
2025-06-15,S003,M112,Cough Syrup,Cough,140,0,0,74,Sunday,June,1
2025-04-08,S007,M103,Dolo 650,Painkiller,30,0,0,67,Tuesday,April,0
2025-10-08,S001,M105,ORS,Hydration,25,1,0,113,Wednesday,October,0
2025-04-14,S003,M111,Benadryl,Cough,90,0,0,71,Monday,April,0
2025-02-25,S009,M101,Paracetamol,Painkiller,25,1,0,94,Tuesday,February,0
2025-05-22,S008,M115,Calcium Tablet,Supplement,250,0,0,79,Thursday,May,0
2025-01-17,S003,M119,Eye Drops,Eye Care,160,0,0,79,Friday,January,0
2025-06-16,S006,M104,Vitamin C,Vitamin,120,1,0,89,Monday,June,0
2025-01-02,S003,M107,Metformin,Diabetes,80,0,0,66,Thursday,January,0
2025-09-29,S010,M106,Insulin,Diabetes,550,0,0,56,Monday,September,0
2025-11-25,S005,M120,Hand Sanitizer,Hygiene,90,0,0,79,Tuesday,November,0
2025-04-12,S006,M106,Insulin,Diabetes,550,0,0,52,Saturday,April,1
2025-06-12,S002,M103,Dolo 650,Painkiller,30,0,0,72,Thursday,June,0
2025-11-26,S008,M102,Crocin,Painkiller,35,0,0,84,Wednesday,November,0
2025-09-12,S008,M116,Iron Tablet,Supplement,180,0,0,62,Friday,September,0
2025-02-28,S006,M104,Vitamin C,Vitamin,120,0,0,68,Friday,February,0
2025-05-17,S003,M118,Asthma Inhaler,Respiratory,450,0,0,73,Saturday,May,1
2025-05-07,S002,M112,Cough Syrup,Cough,140,0,1,97,Wednesday,May,0
2025-09-14,S009,M115,Calcium Tablet,Supplement,250,1,1,126,Sunday,September,1
2025-05-17,S002,M108,Amoxicillin,Antibiotic,180,1,0,102,Saturday,May,1
2025-05-31,S009,M119,Eye Drops,Eye Care,160,0,0,76,Saturday,May,1
2025-04-15,S009,M102,Crocin,Painkiller,35,1,0,112,Tuesday,April,0
2025-04-20,S002,M102,Crocin,Painkiller,35,0,0,99,Sunday,April,1
2025-08-31,S003,M114,Pantoprazole,Antacid,110,1,0,94,Sunday,August,1
2025-02-15,S001,M112,Cough Syrup,Cough,140,0,0,97,Saturday,February,1
2025-12-13,S005,M113,Digene,Antacid,60,1,0,120,Saturday,December,1
2025-04-28,S006,M105,ORS,Hydration,25,0,0,89,Monday,April,0
2025-01-05,S003,M108,Amoxicillin,Antibiotic,180,0,0,75,Sunday,January,1
2025-05-17,S002,M108,Amoxicillin,Antibiotic,180,1,0,96,Saturday,May,1
2025-11-08,S002,M117,BP Tablet,Cardiac,320,1,0,90,Saturday,November,1
2025-06-24,S003,M104,Vitamin C,Vitamin,120,1,0,92,Tuesday,June,0
2025-01-22,S003,M118,Asthma Inhaler,Respiratory,450,0,0,53,Wednesday,January,0
2025-11-29,S008,M117,BP Tablet,Cardiac,320,0,0,62,Saturday,November,1
2025-01-10,S003,M105,ORS,Hydration,25,0,1,97,Friday,January,0
2025-12-22,S007,M110,Cetirizine,Allergy,40,1,0,87,Monday,December,0
2025-06-24,S007,M111,Benadryl,Cough,90,0,0,85,Tuesday,June,0
2025-10-27,S006,M119,Eye Drops,Eye Care,160,0,0,66,Monday,October,0
2025-09-24,S006,M112,Cough Syrup,Cough,140,1,0,100,Wednesday,September,0
2025-03-22,S007,M115,Calcium Tablet,Supplement,250,0,0,62,Saturday,March,1
2025-06-13,S009,M109,Azithromycin,Antibiotic,220,1,0,76,Friday,June,0
2025-07-01,S004,M105,ORS,Hydration,25,0,0,66,Tuesday,July,0
2025-07-19,S005,M113,Digene,Antacid,60,0,0,77,Saturday,July,1
2025-05-12,S006,M113,Digene,Antacid,60,0,1,97,Monday,May,0
2025-12-13,S008,M115,Calcium Tablet,Supplement,250,0,0,81,Saturday,December,1
2025-08-20,S003,M112,Cough Syrup,Cough,140,0,0,73,Wednesday,August,0
2025-06-08,S006,M103,Dolo 650,Painkiller,30,1,0,108,Sunday,June,1
2025-08-02,S008,M119,Eye Drops,Eye Care,160,1,0,103,Saturday,August,1
2025-10-13,S001,M107,Metformin,Diabetes,80,0,0,79,Monday,October,0
2025-05-28,S006,M113,Digene,Antacid,60,0,0,76,Wednesday,May,0
2025-07-10,S002,M117,BP Tablet,Cardiac,320,0,0,56,Thursday,July,0
2025-03-30,S005,M115,Calcium Tablet,Supplement,250,0,0,65,Sunday,March,1
2025-04-13,S001,M119,Eye Drops,Eye Care,160,0,0,87,Sunday,April,1
2025-10-05,S006,M111,Benadryl,Cough,90,0,0,76,Sunday,October,1
2025-08-27,S002,M106,Insulin,Diabetes,550,1,0,83,Wednesday,August,0
2025-06-17,S003,M108,Amoxicillin,Antibiotic,180,0,0,61,Tuesday,June,0
2025-01-16,S003,M111,Benadryl,Cough,90,0,0,89,Thursday,January,0
2025-10-10,S006,M101,Paracetamol,Painkiller,25,0,0,78,Friday,October,0
2025-11-20,S001,M101,Paracetamol,Painkiller,25,0,0,64,Thursday,November,0
2025-06-26,S010,M105,ORS,Hydration,25,0,0,69,Thursday,June,0
2025-12-30,S009,M106,Insulin,Diabetes,550,0,0,43,Tuesday,December,0
2025-03-26,S003,M105,ORS,Hydration,25,0,0,66,Wednesday,March,0
2025-04-08,S002,M111,Benadryl,Cough,90,0,0,85,Tuesday,April,0
2025-04-23,S002,M106,Insulin,Diabetes,550,0,0,51,Wednesday,April,0
2025-07-20,S005,M115,Calcium Tablet,Supplement,250,0,1,106,Sunday,July,1
2025-08-09,S001,M105,ORS,Hydration,25,0,0,99,Saturday,August,1
2025-01-08,S005,M102,Crocin,Painkiller,35,0,0,78,Wednesday,January,0
2025-01-02,S009,M108,Amoxicillin,Antibiotic,180,0,0,85,Thursday,January,0
2025-07-19,S004,M118,Asthma Inhaler,Respiratory,450,0,0,54,Saturday,July,1
2025-10-13,S008,M109,Azithromycin,Antibiotic,220,1,0,80,Monday,October,0
2025-09-18,S004,M101,Paracetamol,Painkiller,25,0,0,82,Thursday,September,0
2025-07-02,S006,M106,Insulin,Diabetes,550,0,0,51,Wednesday,July,0
2025-04-08,S009,M119,Eye Drops,Eye Care,160,0,0,64,Tuesday,April,0
2025-11-11,S007,M105,ORS,Hydration,25,1,0,109,Tuesday,November,0
2025-10-05,S008,M109,Azithromycin,Antibiotic,220,0,0,76,Sunday,October,1
2025-01-15,S009,M120,Hand Sanitizer,Hygiene,90,0,1,82,Wednesday,January,0
2025-07-29,S005,M114,Pantoprazole,Antacid,110,0,0,60,Tuesday,July,0
2025-06-14,S007,M117,BP Tablet,Cardiac,320,0,0,71,Saturday,June,1
2025-07-22,S010,M114,Pantoprazole,Antacid,110,0,0,66,Tuesday,July,0
2025-10-29,S005,M112,Cough Syrup,Cough,140,0,0,59,Wednesday,October,0
2025-10-24,S001,M105,ORS,Hydration,25,0,1,100,Friday,October,0
2025-11-04,S008,M120,Hand Sanitizer,Hygiene,90,0,0,65,Tuesday,November,0
2025-03-28,S010,M104,Vitamin C,Vitamin,120,0,0,84,Friday,March,0
2025-10-15,S003,M118,Asthma Inhaler,Respiratory,450,0,0,70,Wednesday,October,0
2025-06-09,S009,M104,Vitamin C,Vitamin,120,1,0,93,Monday,June,0
2025-08-11,S004,M117,BP Tablet,Cardiac,320,0,0,64,Monday,August,0
2025-12-21,S005,M104,Vitamin C,Vitamin,120,1,0,110,Sunday,December,1
2025-10-06,S010,M114,Pantoprazole,Antacid,110,0,0,63,Monday,October,0
2025-12-05,S003,M117,BP Tablet,Cardiac,320,0,1,67,Friday,December,0
2025-04-12,S006,M113,Digene,Antacid,60,1,0,120,Saturday,April,1
2025-09-26,S009,M116,Iron Tablet,Supplement,180,0,0,86,Friday,September,0
2025-11-23,S002,M105,ORS,Hydration,25,0,1,112,Sunday,November,1
2025-04-20,S002,M111,Benadryl,Cough,90,1,0,117,Sunday,April,1
2025-12-02,S010,M106,Insulin,Diabetes,550,0,0,59,Tuesday,December,0
2025-05-25,S010,M102,Crocin,Painkiller,35,0,1,88,Sunday,May,1
2025-07-03,S001,M119,Eye Drops,Eye Care,160,0,0,59,Thursday,July,0
2025-05-31,S003,M111,Benadryl,Cough,90,0,0,81,Saturday,May,1
2025-04-13,S010,M107,Metformin,Diabetes,80,0,0,89,Sunday,April,1
2025-07-22,S008,M118,Asthma Inhaler,Respiratory,450,0,0,47,Tuesday,July,0
2025-02-25,S005,M109,Azithromycin,Antibiotic,220,1,0,88,Tuesday,February,0
2025-09-21,S009,M114,Pantoprazole,Antacid,110,0,1,99,Sunday,September,1
2025-10-05,S004,M115,Calcium Tablet,Supplement,250,0,0,80,Sunday,October,1
2025-04-08,S007,M111,Benadryl,Cough,90,0,0,62,Tuesday,April,0
2025-06-04,S006,M109,Azithromycin,Antibiotic,220,0,0,76,Wednesday,June,0
2025-10-15,S007,M106,Insulin,Diabetes,550,0,0,48,Wednesday,October,0
2025-09-11,S007,M113,Digene,Antacid,60,0,0,66,Thursday,September,0
2025-08-20,S010,M103,Dolo 650,Painkiller,30,0,1,88,Wednesday,August,0
2025-12-27,S004,M112,Cough Syrup,Cough,140,0,0,77,Saturday,December,1
2025-11-13,S004,M109,Azithromycin,Antibiotic,220,1,0,88,Thursday,November,0
2025-06-23,S005,M106,Insulin,Diabetes,550,0,0,39,Monday,June,0
2025-09-18,S006,M113,Digene,Antacid,60,0,1,84,Thursday,September,0
2025-01-25,S001,M105,ORS,Hydration,25,0,0,85,Saturday,January,1
2025-09-05,S003,M106,Insulin,Diabetes,550,0,0,65,Friday,September,0
2025-09-24,S010,M117,BP Tablet,Cardiac,320,0,0,58,Wednesday,September,0
2025-09-21,S003,M103,Dolo 650,Painkiller,30,0,0,102,Sunday,September,1
2025-10-29,S008,M120,Hand Sanitizer,Hygiene,90,0,0,87,Wednesday,October,0
2025-04-22,S005,M105,ORS,Hydration,25,0,1,80,Tuesday,April,0
2025-04-21,S001,M101,Paracetamol,Painkiller,25,0,0,64,Monday,April,0
2025-09-07,S007,M109,Azithromycin,Antibiotic,220,1,0,99,Sunday,September,1
2025-02-15,S006,M101,Paracetamol,Painkiller,25,1,0,117,Saturday,February,1
2025-01-07,S005,M102,Crocin,Painkiller,35,0,0,68,Tuesday,January,0
2025-02-03,S001,M116,Iron Tablet,Supplement,180,1,0,96,Monday,February,0
2025-03-22,S003,M115,Calcium Tablet,Supplement,250,0,0,88,Saturday,March,1
2025-07-24,S008,M114,Pantoprazole,Antacid,110,0,0,75,Thursday,July,0
2025-07-29,S005,M110,Cetirizine,Allergy,40,0,1,92,Tuesday,July,0
2025-01-22,S004,M103,Dolo 650,Painkiller,30,0,0,64,Wednesday,January,0
2025-09-30,S010,M116,Iron Tablet,Supplement,180,0,0,80,Tuesday,September,0
2025-02-12,S002,M114,Pantoprazole,Antacid,110,1,0,108,Wednesday,February,0
2025-07-15,S002,M102,Crocin,Painkiller,35,1,0,106,Tuesday,July,0
2025-06-17,S006,M113,Digene,Antacid,60,0,0,78,Tuesday,June,0
2025-06-14,S001,M101,Paracetamol,Painkiller,25,0,0,102,Saturday,June,1
2025-03-14,S004,M110,Cetirizine,Allergy,40,1,0,113,Friday,March,0
2025-11-16,S007,M114,Pantoprazole,Antacid,110,0,0,96,Sunday,November,1
2025-02-01,S002,M112,Cough Syrup,Cough,140,0,0,95,Saturday,February,1
2025-04-18,S001,M104,Vitamin C,Vitamin,120,1,0,103,Friday,April,0
2025-02-14,S007,M104,Vitamin C,Vitamin,120,0,0,82,Friday,February,0
2025-03-01,S004,M104,Vitamin C,Vitamin,120,0,0,98,Saturday,March,1
2025-03-02,S005,M116,Iron Tablet,Supplement,180,1,1,124,Sunday,March,1
2025-05-17,S005,M104,Vitamin C,Vitamin,120,0,0,78,Saturday,May,1
2025-12-22,S002,M102,Crocin,Painkiller,35,0,0,87,Monday,December,0
2025-03-23,S005,M111,Benadryl,Cough,90,1,0,104,Sunday,March,1
2025-02-27,S004,M105,ORS,Hydration,25,1,0,101,Thursday,February,0
2025-06-23,S006,M110,Cetirizine,Allergy,40,1,0,84,Monday,June,0
2025-05-11,S003,M116,Iron Tablet,Supplement,180,1,0,96,Sunday,May,1
2025-11-28,S002,M110,Cetirizine,Allergy,40,0,0,77,Friday,November,0
2025-01-26,S002,M119,Eye Drops,Eye Care,160,0,0,80,Sunday,January,1
2025-06-10,S001,M104,Vitamin C,Vitamin,120,1,0,79,Tuesday,June,0
2025-02-23,S003,M116,Iron Tablet,Supplement,180,1,0,92,Sunday,February,1
2025-09-05,S006,M114,Pantoprazole,Antacid,110,0,0,62,Friday,September,0
2025-01-07,S004,M119,Eye Drops,Eye Care,160,0,0,84,Tuesday,January,0
2025-03-20,S002,M113,Digene,Antacid,60,1,0,107,Thursday,March,0
2025-08-11,S005,M115,Calcium Tablet,Supplement,250,1,0,92,Monday,August,0
2025-10-13,S002,M103,Dolo 650,Painkiller,30,0,0,82,Monday,October,0
2025-10-24,S009,M118,Asthma Inhaler,Respiratory,450,0,0,50,Friday,October,0
2025-08-24,S001,M118,Asthma Inhaler,Respiratory,450,0,0,72,Sunday,August,1
2025-07-11,S010,M113,Digene,Antacid,60,0,0,76,Friday,July,0
2025-05-08,S009,M106,Insulin,Diabetes,550,0,0,47,Thursday,May,0
2025-08-31,S009,M113,Digene,Antacid,60,0,0,83,Sunday,August,1
2025-11-01,S006,M119,Eye Drops,Eye Care,160,0,0,90,Saturday,November,1
2025-10-03,S006,M119,Eye Drops,Eye Care,160,0,0,65,Friday,October,0
2025-01-01,S006,M101,Paracetamol,Painkiller,25,0,1,88,Wednesday,January,0
2025-06-02,S001,M103,Dolo 650,Painkiller,30,1,0,100,Monday,June,0
2025-02-26,S008,M112,Cough Syrup,Cough,140,0,0,65,Wednesday,February,0
2025-09-14,S006,M104,Vitamin C,Vitamin,120,0,0,86,Sunday,September,1
2025-12-22,S002,M106,Insulin,Diabetes,550,0,0,46,Monday,December,0
2025-05-03,S002,M103,Dolo 650,Painkiller,30,0,0,102,Saturday,May,1
2025-11-05,S007,M113,Digene,Antacid,60,0,0,70,Wednesday,November,0
2025-09-24,S002,M104,Vitamin C,Vitamin,120,0,0,63,Wednesday,September,0
2025-12-05,S005,M111,Benadryl,Cough,90,0,0,76,Friday,December,0
2025-06-01,S008,M105,ORS,Hydration,25,1,0,115,Sunday,June,1
2025-01-15,S008,M115,Calcium Tablet,Supplement,250,0,0,52,Wednesday,January,0
2025-04-30,S009,M110,Cetirizine,Allergy,40,0,0,65,Wednesday,April,0
2025-11-04,S005,M111,Benadryl,Cough,90,0,1,99,Tuesday,November,0
2025-02-12,S002,M105,ORS,Hydration,25,0,0,90,Wednesday,February,0
2025-03-01,S009,M105,ORS,Hydration,25,0,0,73,Saturday,March,1
2025-07-24,S007,M116,Iron Tablet,Supplement,180,0,0,82,Thursday,July,0
2025-10-18,S003,M114,Pantoprazole,Antacid,110,0,0,88,Saturday,October,1
2025-12-16,S007,M111,Benadryl,Cough,90,0,0,88,Tuesday,December,0
2025-11-29,S007,M105,ORS,Hydration,25,0,0,102,Saturday,November,1
2025-12-01,S003,M117,BP Tablet,Cardiac,320,0,0,65,Monday,December,0
2025-05-27,S006,M114,Pantoprazole,Antacid,110,0,0,75,Tuesday,May,0
2025-09-14,S001,M116,Iron Tablet,Supplement,180,0,0,70,Sunday,September,1
2025-04-26,S010,M110,Cetirizine,Allergy,40,0,0,97,Saturday,April,1
2025-12-27,S007,M107,Metformin,Diabetes,80,0,0,86,Saturday,December,1
2025-02-26,S010,M115,Calcium Tablet,Supplement,250,1,1,96,Wednesday,February,0
2025-06-17,S003,M114,Pantoprazole,Antacid,110,0,0,89,Tuesday,June,0
2025-06-27,S004,M120,Hand Sanitizer,Hygiene,90,1,0,91,Friday,June,0
2025-07-29,S009,M119,Eye Drops,Eye Care,160,1,1,101,Tuesday,July,0
2025-06-18,S009,M111,Benadryl,Cough,90,0,0,90,Wednesday,June,0
2025-03-12,S001,M107,Metformin,Diabetes,80,1,0,107,Wednesday,March,0
2025-12-30,S009,M103,Dolo 650,Painkiller,30,0,0,88,Tuesday,December,0
2025-03-04,S008,M112,Cough Syrup,Cough,140,0,0,80,Tuesday,March,0
2025-12-09,S008,M101,Paracetamol,Painkiller,25,0,0,79,Tuesday,December,0
2025-01-31,S003,M109,Azithromycin,Antibiotic,220,1,0,74,Friday,January,0
2025-09-26,S009,M118,Asthma Inhaler,Respiratory,450,0,0,71,Friday,September,0
2025-12-18,S007,M110,Cetirizine,Allergy,40,1,0,90,Thursday,December,0
2025-05-09,S004,M109,Azithromycin,Antibiotic,220,1,1,96,Friday,May,0
2025-08-01,S002,M114,Pantoprazole,Antacid,110,0,1,76,Friday,August,0
2025-05-02,S010,M107,Metformin,Diabetes,80,0,1,101,Friday,May,0
2025-06-11,S005,M116,Iron Tablet,Supplement,180,1,0,92,Wednesday,June,0
2025-03-23,S004,M119,Eye Drops,Eye Care,160,0,0,93,Sunday,March,1
2025-10-19,S010,M112,Cough Syrup,Cough,140,0,0,71,Sunday,October,1
2025-03-21,S004,M104,Vitamin C,Vitamin,120,0,0,82,Friday,March,0
2025-04-19,S007,M110,Cetirizine,Allergy,40,0,0,101,Saturday,April,1
2025-02-21,S010,M114,Pantoprazole,Antacid,110,0,0,76,Friday,February,0
2025-10-29,S008,M117,BP Tablet,Cardiac,320,0,1,72,Wednesday,October,0
2025-08-03,S006,M102,Crocin,Painkiller,35,1,1,111,Sunday,August,1
2025-09-10,S008,M116,Iron Tablet,Supplement,180,0,0,81,Wednesday,September,0
2025-03-18,S006,M102,Crocin,Painkiller,35,0,0,85,Tuesday,March,0
2025-03-18,S005,M104,Vitamin C,Vitamin,120,1,0,91,Tuesday,March,0
2025-02-20,S009,M107,Metformin,Diabetes,80,1,0,87,Thursday,February,0
2025-12-30,S007,M111,Benadryl,Cough,90,1,0,82,Tuesday,December,0
2025-09-11,S002,M117,BP Tablet,Cardiac,320,0,0,64,Thursday,September,0
2025-01-31,S004,M111,Benadryl,Cough,90,0,1,104,Friday,January,0
2025-03-24,S005,M107,Metformin,Diabetes,80,1,1,125,Monday,March,0
2025-04-10,S001,M109,Azithromycin,Antibiotic,220,1,0,90,Thursday,April,0
2025-08-26,S004,M109,Azithromycin,Antibiotic,220,0,0,76,Tuesday,August,0
2025-05-09,S007,M113,Digene,Antacid,60,0,0,74,Friday,May,0
2025-12-18,S004,M119,Eye Drops,Eye Care,160,1,0,83,Thursday,December,0
2025-09-23,S005,M103,Dolo 650,Painkiller,30,1,0,95,Tuesday,September,0
2025-09-25,S001,M102,Crocin,Painkiller,35,0,0,85,Thursday,September,0
2025-10-24,S005,M102,Crocin,Painkiller,35,0,0,70,Friday,October,0
2025-06-10,S008,M106,Insulin,Diabetes,550,0,0,59,Tuesday,June,0
2025-12-01,S008,M102,Crocin,Painkiller,35,0,0,76,Monday,December,0
2025-03-13,S008,M116,Iron Tablet,Supplement,180,0,0,66,Thursday,March,0
2025-03-04,S007,M106,Insulin,Diabetes,550,1,0,81,Tuesday,March,0
2025-07-17,S008,M112,Cough Syrup,Cough,140,0,0,80,Thursday,July,0
2025-08-02,S001,M115,Calcium Tablet,Supplement,250,1,1,126,Saturday,August,1
2025-10-20,S005,M107,Metformin,Diabetes,80,1,0,81,Monday,October,0
2025-09-22,S008,M111,Benadryl,Cough,90,1,0,86,Monday,September,0
2025-11-27,S003,M105,ORS,Hydration,25,0,0,93,Thursday,November,0
2025-07-12,S010,M112,Cough Syrup,Cough,140,0,0,96,Saturday,July,1
2025-11-16,S008,M111,Benadryl,Cough,90,0,0,82,Sunday,November,1
2025-04-04,S004,M108,Amoxicillin,Antibiotic,180,0,0,72,Friday,April,0
2025-05-21,S004,M116,Iron Tablet,Supplement,180,0,0,73,Wednesday,May,0
2025-04-30,S005,M107,Metformin,Diabetes,80,0,0,72,Wednesday,April,0
2025-04-27,S008,M115,Calcium Tablet,Supplement,250,0,0,82,Sunday,April,1
2025-11-05,S007,M107,Metformin,Diabetes,80,0,0,76,Wednesday,November,0
2025-07-13,S006,M119,Eye Drops,Eye Care,160,1,0,94,Sunday,July,1
2025-06-25,S009,M107,Metformin,Diabetes,80,0,0,72,Wednesday,June,0
2025-09-07,S007,M102,Crocin,Painkiller,35,0,0,103,Sunday,September,1
2025-09-09,S008,M106,Insulin,Diabetes,550,0,0,43,Tuesday,September,0
2025-03-01,S010,M112,Cough Syrup,Cough,140,0,0,73,Saturday,March,1
2025-11-06,S004,M103,Dolo 650,Painkiller,30,0,1,85,Thursday,November,0
2025-11-21,S001,M106,Insulin,Diabetes,550,0,0,40,Friday,November,0
2025-08-12,S006,M112,Cough Syrup,Cough,140,0,0,74,Tuesday,August,0
2025-11-20,S007,M109,Azithromycin,Antibiotic,220,0,0,56,Thursday,November,0
2025-11-27,S001,M109,Azithromycin,Antibiotic,220,0,0,84,Thursday,November,0
2025-07-24,S001,M119,Eye Drops,Eye Care,160,0,0,75,Thursday,July,0
2025-04-28,S005,M106,Insulin,Diabetes,550,1,0,81,Monday,April,0
2025-05-16,S007,M111,Benadryl,Cough,90,1,0,105,Friday,May,0
2025-12-18,S006,M112,Cough Syrup,Cough,140,0,0,77,Thursday,December,0
2025-12-18,S004,M120,Hand Sanitizer,Hygiene,90,0,0,82,Thursday,December,0
2025-04-24,S002,M114,Pantoprazole,Antacid,110,0,0,61,Thursday,April,0
2025-09-20,S001,M116,Iron Tablet,Supplement,180,0,0,96,Saturday,September,1
2025-12-22,S010,M118,Asthma Inhaler,Respiratory,450,0,0,59,Monday,December,0
2025-02-21,S004,M112,Cough Syrup,Cough,140,0,0,64,Friday,February,0
2025-08-19,S004,M103,Dolo 650,Painkiller,30,0,0,80,Tuesday,August,0
2025-10-22,S003,M109,Azithromycin,Antibiotic,220,0,0,69,Wednesday,October,0
2025-02-12,S005,M110,Cetirizine,Allergy,40,0,0,75,Wednesday,February,0
2025-01-30,S006,M117,BP Tablet,Cardiac,320,0,0,52,Thursday,January,0
2025-05-24,S006,M103,Dolo 650,Painkiller,30,1,0,117,Saturday,May,1
2025-11-24,S006,M115,Calcium Tablet,Supplement,250,1,0,102,Monday,November,0
2025-10-21,S001,M116,Iron Tablet,Supplement,180,0,0,82,Tuesday,October,0
2025-10-09,S009,M109,Azithromycin,Antibiotic,220,1,0,81,Thursday,October,0
2025-11-08,S003,M103,Dolo 650,Painkiller,30,0,0,91,Saturday,November,1
2025-09-04,S002,M102,Crocin,Painkiller,35,0,0,86,Thursday,September,0
2025-12-14,S009,M119,Eye Drops,Eye Care,160,0,0,91,Sunday,December,1
2025-12-09,S009,M110,Cetirizine,Allergy,40,0,0,64,Tuesday,December,0
2025-11-05,S008,M105,ORS,Hydration,25,0,0,75,Wednesday,November,0
2025-07-25,S005,M111,Benadryl,Cough,90,0,0,75,Friday,July,0
2025-04-03,S004,M117,BP Tablet,Cardiac,320,1,0,77,Thursday,April,0
2025-01-24,S010,M108,Amoxicillin,Antibiotic,180,0,0,56,Friday,January,0
2025-01-04,S002,M109,Azithromycin,Antibiotic,220,0,0,69,Saturday,January,1
2025-10-18,S006,M107,Metformin,Diabetes,80,1,0,97,Saturday,October,1
2025-02-18,S006,M104,Vitamin C,Vitamin,120,0,0,60,Tuesday,February,0
2025-03-06,S006,M119,Eye Drops,Eye Care,160,0,0,80,Thursday,March,0
2025-09-03,S008,M110,Cetirizine,Allergy,40,1,0,96,Wednesday,September,0
2025-06-19,S009,M117,BP Tablet,Cardiac,320,0,0,54,Thursday,June,0
2025-04-15,S003,M118,Asthma Inhaler,Respiratory,450,0,1,72,Tuesday,April,0
2025-06-06,S006,M101,Paracetamol,Painkiller,25,0,0,63,Friday,June,0
2025-03-05,S009,M112,Cough Syrup,Cough,140,0,0,84,Wednesday,March,0
2025-09-06,S004,M115,Calcium Tablet,Supplement,250,1,1,122,Saturday,September,1
2025-12-03,S004,M110,Cetirizine,Allergy,40,0,0,69,Wednesday,December,0
2025-12-08,S008,M116,Iron Tablet,Supplement,180,0,0,70,Monday,December,0
2025-01-02,S001,M104,Vitamin C,Vitamin,120,0,0,84,Thursday,January,0
2025-02-11,S003,M109,Azithromycin,Antibiotic,220,1,0,104,Tuesday,February,0
2025-08-31,S003,M112,Cough Syrup,Cough,140,0,0,91,Sunday,August,1
2025-02-14,S007,M111,Benadryl,Cough,90,0,0,67,Friday,February,0
2025-02-19,S008,M120,Hand Sanitizer,Hygiene,90,0,0,76,Wednesday,February,0
2025-12-19,S009,M114,Pantoprazole,Antacid,110,0,0,70,Friday,December,0
2025-02-08,S004,M114,Pantoprazole,Antacid,110,1,0,106,Saturday,February,1
2025-05-09,S002,M102,Crocin,Painkiller,35,0,1,103,Friday,May,0
2025-07-03,S007,M104,Vitamin C,Vitamin,120,0,0,64,Thursday,July,0
2025-09-21,S003,M105,ORS,Hydration,25,1,0,123,Sunday,September,1
2025-08-09,S007,M108,Amoxicillin,Antibiotic,180,0,0,82,Saturday,August,1
2025-09-04,S008,M104,Vitamin C,Vitamin,120,0,0,77,Thursday,September,0
2025-09-30,S003,M116,Iron Tablet,Supplement,180,1,0,104,Tuesday,September,0
2025-04-10,S008,M119,Eye Drops,Eye Care,160,0,0,60,Thursday,April,0
2025-09-14,S005,M117,BP Tablet,Cardiac,320,1,0,107,Sunday,September,1
2025-01-11,S009,M108,Amoxicillin,Antibiotic,180,0,0,70,Saturday,January,1
2025-07-01,S003,M113,Digene,Antacid,60,0,0,84,Tuesday,July,0
2025-10-19,S008,M102,Crocin,Painkiller,35,0,0,91,Sunday,October,1
2025-04-29,S004,M120,Hand Sanitizer,Hygiene,90,1,0,94,Tuesday,April,0
2025-10-24,S005,M108,Amoxicillin,Antibiotic,180,0,0,72,Friday,October,0
2025-07-17,S003,M103,Dolo 650,Painkiller,30,0,0,89,Thursday,July,0
2025-09-17,S008,M112,Cough Syrup,Cough,140,0,0,88,Wednesday,September,0
2025-04-25,S007,M106,Insulin,Diabetes,550,0,0,53,Friday,April,0
2025-06-10,S005,M103,Dolo 650,Painkiller,30,0,1,78,Tuesday,June,0
2025-12-16,S002,M107,Metformin,Diabetes,80,0,0,78,Tuesday,December,0
2025-04-04,S004,M118,Asthma Inhaler,Respiratory,450,0,0,65,Friday,April,0
2025-10-20,S005,M107,Metformin,Diabetes,80,0,0,73,Monday,October,0
2025-03-05,S009,M106,Insulin,Diabetes,550,1,0,85,Wednesday,March,0
2025-06-21,S001,M105,ORS,Hydration,25,0,0,87,Saturday,June,1
2025-05-21,S006,M118,Asthma Inhaler,Respiratory,450,1,0,83,Wednesday,May,0
2025-07-01,S010,M113,Digene,Antacid,60,1,0,90,Tuesday,July,0
2025-07-12,S008,M113,Digene,Antacid,60,0,1,113,Saturday,July,1
2025-02-17,S001,M102,Crocin,Painkiller,35,1,0,86,Monday,February,0
2025-01-27,S005,M119,Eye Drops,Eye Care,160,0,0,79,Monday,January,0
2025-01-05,S002,M110,Cetirizine,Allergy,40,1,0,101,Sunday,January,1
2025-05-02,S005,M116,Iron Tablet,Supplement,180,0,0,72,Friday,May,0
2025-05-01,S007,M107,Metformin,Diabetes,80,0,0,78,Thursday,May,0
2025-10-24,S005,M107,Metformin,Diabetes,80,0,1,89,Friday,October,0
2025-10-18,S010,M102,Crocin,Painkiller,35,0,0,99,Saturday,October,1
2025-12-15,S010,M116,Iron Tablet,Supplement,180,0,0,58,Monday,December,0
2025-09-05,S009,M118,Asthma Inhaler,Respiratory,450,1,0,71,Friday,September,0
2025-08-04,S006,M108,Amoxicillin,Antibiotic,180,0,1,96,Monday,August,0
2025-08-18,S006,M104,Vitamin C,Vitamin,120,1,0,82,Monday,August,0
2025-12-05,S002,M111,Benadryl,Cough,90,0,0,90,Friday,December,0
2025-07-14,S001,M116,Iron Tablet,Supplement,180,0,0,83,Monday,July,0
2025-06-11,S004,M119,Eye Drops,Eye Care,160,0,0,74,Wednesday,June,0
2025-04-26,S008,M115,Calcium Tablet,Supplement,250,0,0,86,Saturday,April,1
2025-11-26,S008,M111,Benadryl,Cough,90,1,0,105,Wednesday,November,0
2025-02-27,S004,M108,Amoxicillin,Antibiotic,180,0,0,85,Thursday,February,0
2025-09-26,S006,M117,BP Tablet,Cardiac,320,1,0,84,Friday,September,0
2025-09-15,S007,M106,Insulin,Diabetes,550,1,0,68,Monday,September,0
2025-05-06,S006,M114,Pantoprazole,Antacid,110,0,0,84,Tuesday,May,0
2025-10-24,S009,M115,Calcium Tablet,Supplement,250,1,0,93,Friday,October,0
2025-05-17,S009,M119,Eye Drops,Eye Care,160,0,0,67,Saturday,May,1
2025-01-01,S010,M110,Cetirizine,Allergy,40,0,0,86,Wednesday,January,0
2025-08-29,S002,M111,Benadryl,Cough,90,0,0,89,Friday,August,0
2025-12-03,S005,M118,Asthma Inhaler,Respiratory,450,0,0,59,Wednesday,December,0
2025-11-12,S009,M107,Metformin,Diabetes,80,1,0,102,Wednesday,November,0
2025-06-01,S007,M113,Digene,Antacid,60,0,0,77,Sunday,June,1
2025-03-05,S010,M118,Asthma Inhaler,Respiratory,450,0,0,72,Wednesday,March,0
2025-02-26,S001,M116,Iron Tablet,Supplement,180,0,0,69,Wednesday,February,0
2025-12-30,S007,M105,ORS,Hydration,25,0,0,81,Tuesday,December,0
2025-12-18,S006,M106,Insulin,Diabetes,550,0,0,56,Thursday,December,0
2025-09-17,S007,M103,Dolo 650,Painkiller,30,0,0,84,Wednesday,September,0
2025-01-25,S010,M103,Dolo 650,Painkiller,30,0,1,107,Saturday,January,1
2025-12-01,S005,M115,Calcium Tablet,Supplement,250,1,0,73,Monday,December,0
2025-06-16,S002,M101,Paracetamol,Painkiller,25,0,0,68,Monday,June,0
2025-08-03,S002,M105,ORS,Hydration,25,0,0,92,Sunday,August,1
2025-09-25,S001,M117,BP Tablet,Cardiac,320,0,0,63,Thursday,September,0
2025-06-27,S008,M119,Eye Drops,Eye Care,160,1,0,98,Friday,June,0
2025-10-13,S002,M104,Vitamin C,Vitamin,120,0,0,84,Monday,October,0
2025-11-23,S003,M114,Pantoprazole,Antacid,110,1,1,107,Sunday,November,1
2025-02-12,S006,M103,Dolo 650,Painkiller,30,0,0,90,Wednesday,February,0
2025-02-27,S001,M106,Insulin,Diabetes,550,0,0,46,Thursday,February,0
2025-05-23,S003,M110,Cetirizine,Allergy,40,0,0,72,Friday,May,0
2025-10-03,S009,M104,Vitamin C,Vitamin,120,0,0,89,Friday,October,0
2025-04-24,S007,M111,Benadryl,Cough,90,1,0,107,Thursday,April,0
2025-08-08,S010,M118,Asthma Inhaler,Respiratory,450,1,0,83,Friday,August,0
2025-01-14,S010,M110,Cetirizine,Allergy,40,0,0,79,Tuesday,January,0
2025-09-16,S006,M103,Dolo 650,Painkiller,30,1,0,99,Tuesday,September,0
2025-03-20,S009,M103,Dolo 650,Painkiller,30,0,0,83,Thursday,March,0
2025-05-30,S003,M120,Hand Sanitizer,Hygiene,90,0,0,70,Friday,May,0
2025-07-13,S008,M110,Cetirizine,Allergy,40,0,0,93,Sunday,July,1
2025-09-16,S001,M106,Insulin,Diabetes,550,0,1,54,Tuesday,September,0
2025-09-29,S002,M105,ORS,Hydration,25,0,0,74,Monday,September,0
2025-11-09,S005,M118,Asthma Inhaler,Respiratory,450,1,0,94,Sunday,November,1
2025-11-28,S001,M116,Iron Tablet,Supplement,180,0,0,78,Friday,November,0
2025-02-23,S009,M108,Amoxicillin,Antibiotic,180,0,0,86,Sunday,February,1
2025-07-30,S006,M113,Digene,Antacid,60,0,1,90,Wednesday,July,0
2025-04-04,S005,M103,Dolo 650,Painkiller,30,1,0,96,Friday,April,0
2025-09-09,S008,M119,Eye Drops,Eye Care,160,0,0,80,Tuesday,September,0
2025-10-24,S003,M109,Azithromycin,Antibiotic,220,0,0,67,Friday,October,0
2025-10-19,S002,M106,Insulin,Diabetes,550,0,0,67,Sunday,October,1
2025-03-24,S009,M102,Crocin,Painkiller,35,0,0,71,Monday,March,0
2025-12-28,S008,M119,Eye Drops,Eye Care,160,0,0,76,Sunday,December,1
2025-04-08,S008,M118,Asthma Inhaler,Respiratory,450,1,0,71,Tuesday,April,0
2025-09-06,S006,M101,Paracetamol,Painkiller,25,0,0,77,Saturday,September,1
2025-05-11,S003,M105,ORS,Hydration,25,0,0,81,Sunday,May,1
2025-10-14,S001,M110,Cetirizine,Allergy,40,1,0,85,Tuesday,October,0
2025-03-16,S005,M101,Paracetamol,Painkiller,25,0,0,83,Sunday,March,1
2025-08-25,S004,M112,Cough Syrup,Cough,140,1,0,101,Monday,August,0
2025-07-18,S002,M120,Hand Sanitizer,Hygiene,90,0,0,87,Friday,July,0
2025-05-15,S009,M116,Iron Tablet,Supplement,180,0,0,81,Thursday,May,0
2025-05-21,S005,M119,Eye Drops,Eye Care,160,0,0,72,Wednesday,May,0
2025-11-24,S004,M109,Azithromycin,Antibiotic,220,0,0,83,Monday,November,0
2025-05-22,S001,M120,Hand Sanitizer,Hygiene,90,1,1,118,Thursday,May,0
2025-04-04,S005,M104,Vitamin C,Vitamin,120,0,0,59,Friday,April,0
2025-11-15,S006,M103,Dolo 650,Painkiller,30,0,0,90,Saturday,November,1
2025-03-10,S009,M112,Cough Syrup,Cough,140,0,0,66,Monday,March,0
2025-11-12,S009,M120,Hand Sanitizer,Hygiene,90,1,0,108,Wednesday,November,0
2025-05-25,S001,M114,Pantoprazole,Antacid,110,1,0,115,Sunday,May,1
2025-12-12,S002,M106,Insulin,Diabetes,550,0,0,41,Friday,December,0
2025-01-15,S005,M106,Insulin,Diabetes,550,0,0,65,Wednesday,January,0
2025-03-08,S004,M114,Pantoprazole,Antacid,110,0,0,73,Saturday,March,1
2025-10-22,S005,M112,Cough Syrup,Cough,140,1,0,107,Wednesday,October,0
2025-07-15,S006,M111,Benadryl,Cough,90,0,0,65,Tuesday,July,0
2025-06-14,S006,M101,Paracetamol,Painkiller,25,1,0,116,Saturday,June,1
2025-01-08,S010,M103,Dolo 650,Painkiller,30,1,0,93,Wednesday,January,0
2025-08-07,S006,M117,BP Tablet,Cardiac,320,0,0,60,Thursday,August,0
2025-01-23,S007,M106,Insulin,Diabetes,550,1,0,59,Thursday,January,0
2025-04-08,S009,M109,Azithromycin,Antibiotic,220,1,0,82,Tuesday,April,0
2025-09-01,S001,M116,Iron Tablet,Supplement,180,0,0,81,Monday,September,0
2025-12-25,S004,M104,Vitamin C,Vitamin,120,0,0,68,Thursday,December,0
2025-08-24,S004,M112,Cough Syrup,Cough,140,0,0,79,Sunday,August,1
2025-03-05,S010,M117,BP Tablet,Cardiac,320,1,0,75,Wednesday,March,0
2025-07-20,S010,M109,Azithromycin,Antibiotic,220,1,1,118,Sunday,July,1
2025-08-28,S004,M107,Metformin,Diabetes,80,0,0,77,Thursday,August,0
2025-04-30,S003,M107,Metformin,Diabetes,80,1,0,90,Wednesday,April,0
2025-02-20,S008,M110,Cetirizine,Allergy,40,1,1,99,Thursday,February,0
2025-12-29,S005,M107,Metformin,Diabetes,80,1,0,100,Monday,December,0
2025-06-10,S003,M118,Asthma Inhaler,Respiratory,450,0,0,69,Tuesday,June,0
2025-03-21,S004,M110,Cetirizine,Allergy,40,0,0,73,Friday,March,0
2025-07-29,S001,M101,Paracetamol,Painkiller,25,1,0,86,Tuesday,July,0
2025-05-06,S010,M102,Crocin,Painkiller,35,1,0,112,Tuesday,May,0
2025-05-09,S004,M102,Crocin,Painkiller,35,1,1,123,Friday,May,0
2025-11-11,S005,M116,Iron Tablet,Supplement,180,1,0,104,Tuesday,November,0
2025-03-20,S010,M103,Dolo 650,Painkiller,30,0,0,65,Thursday,March,0
2025-08-12,S010,M120,Hand Sanitizer,Hygiene,90,0,0,88,Tuesday,August,0
2025-03-10,S010,M111,Benadryl,Cough,90,1,0,93,Monday,March,0
2025-09-18,S010,M112,Cough Syrup,Cough,140,0,0,74,Thursday,September,0
2025-02-10,S002,M114,Pantoprazole,Antacid,110,1,0,108,Monday,February,0
2025-10-06,S001,M110,Cetirizine,Allergy,40,0,0,75,Monday,October,0
2025-04-03,S009,M120,Hand Sanitizer,Hygiene,90,0,0,72,Thursday,April,0
2025-01-13,S003,M116,Iron Tablet,Supplement,180,0,0,78,Monday,January,0
2025-11-01,S003,M116,Iron Tablet,Supplement,180,0,0,78,Saturday,November,1
2025-10-12,S008,M117,BP Tablet,Cardiac,320,0,0,59,Sunday,October,1
2025-06-30,S002,M119,Eye Drops,Eye Care,160,1,0,79,Monday,June,0
2025-09-18,S002,M120,Hand Sanitizer,Hygiene,90,1,0,81,Thursday,September,0
2025-05-30,S002,M101,Paracetamol,Painkiller,25,0,0,77,Friday,May,0
2025-07-31,S001,M102,Crocin,Painkiller,35,0,0,79,Thursday,July,0
2025-06-08,S006,M119,Eye Drops,Eye Care,160,0,0,71,Sunday,June,1
2025-12-06,S008,M108,Amoxicillin,Antibiotic,180,0,0,88,Saturday,December,1
2025-03-10,S008,M112,Cough Syrup,Cough,140,0,0,71,Monday,March,0
2025-06-07,S002,M116,Iron Tablet,Supplement,180,1,0,101,Saturday,June,1
2025-02-08,S006,M116,Iron Tablet,Supplement,180,0,0,93,Saturday,February,1
2025-07-31,S004,M118,Asthma Inhaler,Respiratory,450,0,0,60,Thursday,July,0
2025-06-08,S009,M103,Dolo 650,Painkiller,30,0,0,85,Sunday,June,1
2025-11-18,S008,M111,Benadryl,Cough,90,0,0,75,Tuesday,November,0
2025-03-06,S004,M117,BP Tablet,Cardiac,320,0,0,79,Thursday,March,0
2025-08-07,S004,M111,Benadryl,Cough,90,0,0,73,Thursday,August,0
2025-06-02,S005,M107,Metformin,Diabetes,80,1,0,96,Monday,June,0
2025-03-07,S006,M101,Paracetamol,Painkiller,25,0,0,80,Friday,March,0
2025-10-01,S006,M102,Crocin,Painkiller,35,0,0,82,Wednesday,October,0
2025-01-15,S008,M116,Iron Tablet,Supplement,180,0,0,56,Wednesday,January,0
2025-03-08,S005,M110,Cetirizine,Allergy,40,0,0,102,Saturday,March,1
2025-11-13,S004,M105,ORS,Hydration,25,0,0,72,Thursday,November,0
2025-09-14,S010,M101,Paracetamol,Painkiller,25,0,0,77,Sunday,September,1
2025-03-02,S004,M110,Cetirizine,Allergy,40,0,0,74,Sunday,March,1
2025-01-16,S008,M106,Insulin,Diabetes,550,1,0,58,Thursday,January,0
2025-11-14,S002,M102,Crocin,Painkiller,35,0,0,84,Friday,November,0
2025-05-03,S009,M106,Insulin,Diabetes,550,0,0,64,Saturday,May,1
2025-07-07,S004,M105,ORS,Hydration,25,0,0,72,Monday,July,0
2025-12-13,S007,M118,Asthma Inhaler,Respiratory,450,1,0,84,Saturday,December,1
2025-12-11,S003,M113,Digene,Antacid,60,0,0,69,Thursday,December,0
2025-12-06,S002,M113,Digene,Antacid,60,1,0,101,Saturday,December,1
2025-12-30,S008,M108,Amoxicillin,Antibiotic,180,0,0,61,Tuesday,December,0
2025-04-21,S009,M118,Asthma Inhaler,Respiratory,450,0,0,62,Monday,April,0
2025-12-29,S005,M118,Asthma Inhaler,Respiratory,450,0,1,76,Monday,December,0
2025-03-13,S006,M101,Paracetamol,Painkiller,25,0,0,86,Thursday,March,0
2025-07-25,S008,M103,Dolo 650,Painkiller,30,0,0,76,Friday,July,0
2025-12-02,S010,M103,Dolo 650,Painkiller,30,0,0,92,Tuesday,December,0
2025-08-18,S008,M106,Insulin,Diabetes,550,0,0,44,Monday,August,0
2025-07-23,S003,M107,Metformin,Diabetes,80,1,1,106,Wednesday,July,0
2025-03-13,S005,M103,Dolo 650,Painkiller,30,0,1,96,Thursday,March,0
2025-08-13,S008,M105,ORS,Hydration,25,0,0,68,Wednesday,August,0
2025-01-11,S004,M116,Iron Tablet,Supplement,180,0,0,92,Saturday,January,1
2025-12-08,S001,M103,Dolo 650,Painkiller,30,0,0,82,Monday,December,0
2025-02-25,S003,M102,Crocin,Painkiller,35,1,0,94,Tuesday,February,0
2025-02-10,S004,M107,Metformin,Diabetes,80,0,0,81,Monday,February,0
2025-10-27,S006,M117,BP Tablet,Cardiac,320,1,0,89,Monday,October,0
2025-02-07,S003,M101,Paracetamol,Painkiller,25,0,0,77,Friday,February,0
2025-02-07,S003,M119,Eye Drops,Eye Care,160,0,0,86,Friday,February,0
2025-01-02,S007,M101,Paracetamol,Painkiller,25,0,0,72,Thursday,January,0
2025-06-14,S003,M112,Cough Syrup,Cough,140,1,0,105,Saturday,June,1
2025-06-20,S003,M114,Pantoprazole,Antacid,110,0,0,73,Friday,June,0
2025-03-20,S005,M101,Paracetamol,Painkiller,25,1,0,103,Thursday,March,0
2025-05-12,S003,M119,Eye Drops,Eye Care,160,0,0,67,Monday,May,0
2025-08-21,S005,M117,BP Tablet,Cardiac,320,0,0,78,Thursday,August,0
2025-08-01,S009,M110,Cetirizine,Allergy,40,0,0,83,Friday,August,0
2025-05-02,S003,M110,Cetirizine,Allergy,40,0,0,91,Friday,May,0
2025-05-19,S008,M118,Asthma Inhaler,Respiratory,450,0,0,68,Monday,May,0
2025-07-08,S010,M105,ORS,Hydration,25,0,0,91,Tuesday,July,0
2025-06-08,S005,M105,ORS,Hydration,25,1,0,93,Sunday,June,1
2025-11-19,S010,M118,Asthma Inhaler,Respiratory,450,0,0,70,Wednesday,November,0
2025-12-25,S006,M111,Benadryl,Cough,90,1,0,99,Thursday,December,0
2025-12-26,S010,M120,Hand Sanitizer,Hygiene,90,1,0,89,Friday,December,0
2025-12-23,S003,M115,Calcium Tablet,Supplement,250,1,0,77,Tuesday,December,0
2025-10-26,S008,M108,Amoxicillin,Antibiotic,180,0,0,95,Sunday,October,1
2025-02-10,S001,M118,Asthma Inhaler,Respiratory,450,0,0,56,Monday,February,0
2025-09-27,S009,M102,Crocin,Painkiller,35,1,1,120,Saturday,September,1
2025-04-20,S008,M119,Eye Drops,Eye Care,160,0,0,95,Sunday,April,1
2025-03-30,S009,M102,Crocin,Painkiller,35,0,0,97,Sunday,March,1
2025-11-21,S005,M107,Metformin,Diabetes,80,0,0,90,Friday,November,0
2025-09-21,S004,M113,Digene,Antacid,60,0,0,72,Sunday,September,1
2025-06-12,S004,M115,Calcium Tablet,Supplement,250,0,0,58,Thursday,June,0
2025-10-03,S003,M104,Vitamin C,Vitamin,120,0,0,66,Friday,October,0
2025-05-23,S002,M103,Dolo 650,Painkiller,30,1,0,109,Friday,May,0
2025-08-23,S006,M101,Paracetamol,Painkiller,25,1,0,103,Saturday,August,1
2025-05-17,S002,M119,Eye Drops,Eye Care,160,1,0,89,Saturday,May,1
2025-04-13,S010,M110,Cetirizine,Allergy,40,0,1,97,Sunday,April,1
2025-03-30,S008,M108,Amoxicillin,Antibiotic,180,0,0,90,Sunday,March,1
2025-01-15,S001,M113,Digene,Antacid,60,0,0,68,Wednesday,January,0
2025-04-21,S009,M103,Dolo 650,Painkiller,30,1,0,101,Monday,April,0
2025-04-07,S001,M101,Paracetamol,Painkiller,25,1,0,88,Monday,April,0
2025-12-25,S008,M103,Dolo 650,Painkiller,30,0,0,66,Thursday,December,0
2025-01-18,S005,M116,Iron Tablet,Supplement,180,0,0,95,Saturday,January,1
2025-09-01,S010,M110,Cetirizine,Allergy,40,1,0,87,Monday,September,0
2025-11-14,S005,M119,Eye Drops,Eye Care,160,0,0,59,Friday,November,0
2025-11-12,S007,M112,Cough Syrup,Cough,140,0,0,65,Wednesday,November,0
2025-03-26,S004,M103,Dolo 650,Painkiller,30,0,0,90,Wednesday,March,0
2025-09-14,S007,M110,Cetirizine,Allergy,40,0,1,115,Sunday,September,1
2025-10-26,S008,M107,Metformin,Diabetes,80,1,0,99,Sunday,October,1
2025-02-13,S008,M112,Cough Syrup,Cough,140,0,0,77,Thursday,February,0
2025-08-25,S005,M106,Insulin,Diabetes,550,0,0,57,Monday,August,0
2025-05-11,S006,M108,Amoxicillin,Antibiotic,180,0,0,89,Sunday,May,1
2025-07-16,S005,M101,Paracetamol,Painkiller,25,0,0,87,Wednesday,July,0
2025-02-25,S008,M113,Digene,Antacid,60,0,0,83,Tuesday,February,0
2025-09-24,S002,M109,Azithromycin,Antibiotic,220,0,0,58,Wednesday,September,0
2025-12-22,S007,M113,Digene,Antacid,60,0,0,70,Monday,December,0
2025-04-28,S007,M112,Cough Syrup,Cough,140,0,0,60,Monday,April,0
2025-07-12,S006,M116,Iron Tablet,Supplement,180,0,0,77,Saturday,July,1
2025-05-19,S004,M118,Asthma Inhaler,Respiratory,450,0,0,68,Monday,May,0
2025-06-15,S004,M119,Eye Drops,Eye Care,160,0,0,95,Sunday,June,1
2025-03-07,S008,M103,Dolo 650,Painkiller,30,0,0,93,Friday,March,0
2025-09-25,S009,M116,Iron Tablet,Supplement,180,1,0,77,Thursday,September,0
2025-07-21,S003,M118,Asthma Inhaler,Respiratory,450,0,0,70,Monday,July,0
2025-07-01,S010,M104,Vitamin C,Vitamin,120,1,0,108,Tuesday,July,0
2025-02-24,S010,M118,Asthma Inhaler,Respiratory,450,0,0,45,Monday,February,0
2025-08-17,S004,M103,Dolo 650,Painkiller,30,1,0,103,Sunday,August,1
2025-01-01,S005,M108,Amoxicillin,Antibiotic,180,0,0,65,Wednesday,January,0
2025-07-28,S001,M105,ORS,Hydration,25,1,0,100,Monday,July,0
2025-09-10,S001,M110,Cetirizine,Allergy,40,1,0,94,Wednesday,September,0
2025-04-21,S003,M111,Benadryl,Cough,90,1,0,82,Monday,April,0
2025-04-07,S010,M106,Insulin,Diabetes,550,0,0,40,Monday,April,0
2025-09-10,S002,M105,ORS,Hydration,25,0,0,79,Wednesday,September,0
2025-09-01,S004,M118,Asthma Inhaler,Respiratory,450,1,0,66,Monday,September,0
2025-09-02,S006,M119,Eye Drops,Eye Care,160,0,0,86,Tuesday,September,0
2025-01-14,S009,M112,Cough Syrup,Cough,140,1,0,104,Tuesday,January,0
2025-05-28,S003,M105,ORS,Hydration,25,0,1,94,Wednesday,May,0
2025-02-23,S004,M119,Eye Drops,Eye Care,160,0,0,88,Sunday,February,1
2025-02-24,S007,M103,Dolo 650,Painkiller,30,0,0,88,Monday,February,0
2025-05-02,S009,M103,Dolo 650,Painkiller,30,1,0,94,Friday,May,0
2025-08-11,S009,M107,Metformin,Diabetes,80,0,0,68,Monday,August,0
2025-06-12,S003,M103,Dolo 650,Painkiller,30,0,0,84,Thursday,June,0
2025-05-13,S001,M108,Amoxicillin,Antibiotic,180,0,1,71,Tuesday,May,0
2025-05-26,S004,M113,Digene,Antacid,60,0,0,80,Monday,May,0
2025-06-14,S006,M108,Amoxicillin,Antibiotic,180,0,0,86,Saturday,June,1
2025-02-15,S009,M101,Paracetamol,Painkiller,25,0,0,77,Saturday,February,1
2025-07-20,S008,M105,ORS,Hydration,25,0,0,81,Sunday,July,1
2025-01-20,S010,M108,Amoxicillin,Antibiotic,180,1,0,81,Monday,January,0
2025-07-15,S004,M115,Calcium Tablet,Supplement,250,1,0,74,Tuesday,July,0
2025-11-17,S001,M120,Hand Sanitizer,Hygiene,90,0,0,66,Monday,November,0
2025-12-18,S004,M117,BP Tablet,Cardiac,320,0,0,58,Thursday,December,0
2025-04-04,S002,M102,Crocin,Painkiller,35,0,0,75,Friday,April,0
2025-04-15,S002,M105,ORS,Hydration,25,1,1,119,Tuesday,April,0
2025-10-20,S006,M106,Insulin,Diabetes,550,0,0,55,Monday,October,0
2025-06-12,S002,M106,Insulin,Diabetes,550,0,1,75,Thursday,June,0
2025-11-16,S004,M102,Crocin,Painkiller,35,1,0,96,Sunday,November,1
2025-12-20,S006,M110,Cetirizine,Allergy,40,0,0,96,Saturday,December,1
2025-07-28,S006,M103,Dolo 650,Painkiller,30,0,0,71,Monday,July,0
2025-07-24,S004,M120,Hand Sanitizer,Hygiene,90,0,0,84,Thursday,July,0
2025-03-19,S004,M119,Eye Drops,Eye Care,160,1,0,103,Wednesday,March,0
2025-02-10,S007,M117,BP Tablet,Cardiac,320,0,0,75,Monday,February,0
2025-06-14,S003,M113,Digene,Antacid,60,1,0,99,Saturday,June,1
2025-11-24,S002,M113,Digene,Antacid,60,0,0,77,Monday,November,0
2025-03-03,S005,M107,Metformin,Diabetes,80,1,0,83,Monday,March,0
2025-07-09,S005,M119,Eye Drops,Eye Care,160,0,0,64,Wednesday,July,0
2025-08-01,S006,M105,ORS,Hydration,25,0,0,90,Friday,August,0
2025-08-28,S010,M112,Cough Syrup,Cough,140,1,0,78,Thursday,August,0
2025-06-26,S005,M108,Amoxicillin,Antibiotic,180,0,0,58,Thursday,June,0
2025-05-01,S007,M110,Cetirizine,Allergy,40,0,0,68,Thursday,May,0
2025-04-25,S002,M114,Pantoprazole,Antacid,110,0,0,83,Friday,April,0
2025-03-29,S003,M111,Benadryl,Cough,90,1,0,101,Saturday,March,1
2025-08-06,S006,M109,Azithromycin,Antibiotic,220,0,0,69,Wednesday,August,0
2025-08-17,S004,M116,Iron Tablet,Supplement,180,1,0,106,Sunday,August,1
2025-06-04,S005,M113,Digene,Antacid,60,0,0,64,Wednesday,June,0
2025-09-11,S006,M118,Asthma Inhaler,Respiratory,450,0,0,69,Thursday,September,0
2025-03-23,S001,M114,Pantoprazole,Antacid,110,0,0,81,Sunday,March,1
2025-09-25,S006,M101,Paracetamol,Painkiller,25,0,0,80,Thursday,September,0
2025-06-11,S009,M116,Iron Tablet,Supplement,180,1,0,101,Wednesday,June,0
2025-12-06,S001,M108,Amoxicillin,Antibiotic,180,0,0,78,Saturday,December,1
2025-11-19,S002,M102,Crocin,Painkiller,35,0,0,91,Wednesday,November,0
2025-07-27,S009,M120,Hand Sanitizer,Hygiene,90,0,0,100,Sunday,July,1
2025-11-10,S001,M102,Crocin,Painkiller,35,0,0,64,Monday,November,0
2025-11-23,S001,M110,Cetirizine,Allergy,40,0,0,75,Sunday,November,1
2025-08-29,S005,M114,Pantoprazole,Antacid,110,1,0,82,Friday,August,0
2025-09-09,S004,M101,Paracetamol,Painkiller,25,0,0,85,Tuesday,September,0
2025-02-14,S009,M103,Dolo 650,Painkiller,30,0,0,85,Friday,February,0
2025-03-19,S005,M112,Cough Syrup,Cough,140,0,0,78,Wednesday,March,0
2025-10-06,S001,M113,Digene,Antacid,60,1,0,112,Monday,October,0
2025-06-16,S008,M114,Pantoprazole,Antacid,110,0,0,75,Monday,June,0
2025-09-24,S007,M118,Asthma Inhaler,Respiratory,450,0,1,85,Wednesday,September,0
2025-11-07,S003,M108,Amoxicillin,Antibiotic,180,0,0,61,Friday,November,0
2025-05-06,S008,M120,Hand Sanitizer,Hygiene,90,0,0,90,Tuesday,May,0
2025-07-14,S005,M110,Cetirizine,Allergy,40,0,0,65,Monday,July,0
2025-07-14,S003,M110,Cetirizine,Allergy,40,1,0,84,Monday,July,0
2025-01-13,S007,M101,Paracetamol,Painkiller,25,1,0,106,Monday,January,0
2025-05-08,S008,M116,Iron Tablet,Supplement,180,0,0,82,Thursday,May,0
2025-02-25,S007,M105,ORS,Hydration,25,0,0,64,Tuesday,February,0
2025-01-04,S002,M112,Cough Syrup,Cough,140,0,0,79,Saturday,January,1
2025-08-08,S001,M112,Cough Syrup,Cough,140,0,0,61,Friday,August,0
2025-03-01,S003,M101,Paracetamol,Painkiller,25,0,0,92,Saturday,March,1
2025-09-13,S010,M105,ORS,Hydration,25,0,1,100,Saturday,September,1
2025-09-12,S006,M115,Calcium Tablet,Supplement,250,0,1,91,Friday,September,0
2025-06-02,S002,M101,Paracetamol,Painkiller,25,0,0,89,Monday,June,0
2025-05-09,S008,M103,Dolo 650,Painkiller,30,0,0,92,Friday,May,0
2025-01-05,S008,M104,Vitamin C,Vitamin,120,1,0,99,Sunday,January,1
2025-08-06,S002,M106,Insulin,Diabetes,550,0,0,55,Wednesday,August,0
2025-04-09,S007,M112,Cough Syrup,Cough,140,0,0,83,Wednesday,April,0
2025-01-07,S006,M109,Azithromycin,Antibiotic,220,0,0,64,Tuesday,January,0
2025-03-15,S006,M114,Pantoprazole,Antacid,110,1,0,115,Saturday,March,1
2025-02-16,S006,M112,Cough Syrup,Cough,140,1,0,98,Sunday,February,1
2025-06-02,S008,M112,Cough Syrup,Cough,140,0,0,87,Monday,June,0
2025-02-02,S003,M113,Digene,Antacid,60,0,0,86,Sunday,February,1
2025-08-20,S009,M110,Cetirizine,Allergy,40,0,1,97,Wednesday,August,0
2025-01-09,S004,M106,Insulin,Diabetes,550,0,0,43,Thursday,January,0
2025-08-18,S009,M116,Iron Tablet,Supplement,180,1,0,80,Monday,August,0
2025-02-25,S002,M119,Eye Drops,Eye Care,160,0,0,74,Tuesday,February,0
2025-03-08,S009,M112,Cough Syrup,Cough,140,1,1,114,Saturday,March,1
2025-10-08,S006,M112,Cough Syrup,Cough,140,0,0,80,Wednesday,October,0
2025-05-14,S004,M111,Benadryl,Cough,90,0,0,60,Wednesday,May,0
2025-10-10,S007,M110,Cetirizine,Allergy,40,0,0,83,Friday,October,0
2025-12-03,S010,M112,Cough Syrup,Cough,140,1,0,99,Wednesday,December,0
2025-11-27,S010,M120,Hand Sanitizer,Hygiene,90,0,1,93,Thursday,November,0
2025-01-07,S001,M101,Paracetamol,Painkiller,25,0,0,79,Tuesday,January,0
2025-03-24,S003,M105,ORS,Hydration,25,0,0,85,Monday,March,0
2025-11-28,S002,M117,BP Tablet,Cardiac,320,0,0,67,Friday,November,0
2025-12-26,S007,M104,Vitamin C,Vitamin,120,0,0,61,Friday,December,0
2025-05-25,S001,M101,Paracetamol,Painkiller,25,1,0,112,Sunday,May,1
2025-12-06,S004,M102,Crocin,Painkiller,35,0,1,95,Saturday,December,1
2025-12-22,S005,M110,Cetirizine,Allergy,40,0,0,74,Monday,December,0
2025-04-23,S010,M119,Eye Drops,Eye Care,160,1,0,85,Wednesday,April,0
2025-08-19,S009,M106,Insulin,Diabetes,550,0,0,60,Tuesday,August,0
2025-09-10,S009,M111,Benadryl,Cough,90,0,0,88,Wednesday,September,0
2025-09-15,S004,M108,Amoxicillin,Antibiotic,180,1,0,95,Monday,September,0
2025-02-22,S008,M117,BP Tablet,Cardiac,320,0,0,85,Saturday,February,1
2025-06-28,S001,M104,Vitamin C,Vitamin,120,1,0,117,Saturday,June,1
2025-06-27,S009,M116,Iron Tablet,Supplement,180,0,0,59,Friday,June,0
2025-12-01,S001,M118,Asthma Inhaler,Respiratory,450,1,0,70,Monday,December,0
2025-05-30,S001,M116,Iron Tablet,Supplement,180,0,0,61,Friday,May,0
2025-02-02,S007,M116,Iron Tablet,Supplement,180,0,1,81,Sunday,February,1
2025-09-18,S005,M114,Pantoprazole,Antacid,110,0,0,88,Thursday,September,0
2025-12-02,S005,M117,BP Tablet,Cardiac,320,0,0,72,Tuesday,December,0
2025-08-17,S005,M106,Insulin,Diabetes,550,0,1,71,Sunday,August,1
2025-08-12,S001,M106,Insulin,Diabetes,550,0,0,62,Tuesday,August,0
2025-05-20,S006,M112,Cough Syrup,Cough,140,0,0,63,Tuesday,May,0
2025-11-18,S009,M115,Calcium Tablet,Supplement,250,1,0,89,Tuesday,November,0
2025-07-09,S007,M112,Cough Syrup,Cough,140,0,0,69,Wednesday,July,0
2025-02-05,S009,M111,Benadryl,Cough,90,0,0,72,Wednesday,February,0
2025-05-24,S002,M116,Iron Tablet,Supplement,180,0,0,95,Saturday,May,1
2025-04-10,S003,M104,Vitamin C,Vitamin,120,1,0,100,Thursday,April,0
2025-04-04,S003,M115,Calcium Tablet,Supplement,250,1,0,80,Friday,April,0
2025-05-10,S008,M102,Crocin,Painkiller,35,1,0,110,Saturday,May,1
2025-09-26,S003,M104,Vitamin C,Vitamin,120,0,0,89,Friday,September,0
2025-10-29,S006,M117,BP Tablet,Cardiac,320,1,0,92,Wednesday,October,0
2025-06-30,S010,M120,Hand Sanitizer,Hygiene,90,1,0,80,Monday,June,0
2025-03-19,S009,M117,BP Tablet,Cardiac,320,1,0,86,Wednesday,March,0
2025-11-06,S009,M106,Insulin,Diabetes,550,0,0,37,Thursday,November,0
2025-11-06,S004,M104,Vitamin C,Vitamin,120,0,0,67,Thursday,November,0
2025-05-25,S008,M119,Eye Drops,Eye Care,160,0,0,78,Sunday,May,1
2025-03-23,S007,M105,ORS,Hydration,25,0,1,93,Sunday,March,1
2025-11-13,S002,M116,Iron Tablet,Supplement,180,0,0,62,Thursday,November,0
2025-12-15,S005,M107,Metformin,Diabetes,80,1,0,103,Monday,December,0
2025-11-26,S007,M103,Dolo 650,Painkiller,30,0,0,66,Wednesday,November,0
2025-12-09,S002,M119,Eye Drops,Eye Care,160,1,0,82,Tuesday,December,0
2025-02-23,S003,M105,ORS,Hydration,25,0,0,80,Sunday,February,1
2025-07-18,S001,M112,Cough Syrup,Cough,140,1,0,107,Friday,July,0
2025-08-22,S005,M113,Digene,Antacid,60,1,0,87,Friday,August,0
2025-10-14,S003,M105,ORS,Hydration,25,0,0,87,Tuesday,October,0
2025-06-16,S008,M101,Paracetamol,Painkiller,25,0,0,80,Monday,June,0
2025-05-22,S010,M114,Pantoprazole,Antacid,110,0,0,70,Thursday,May,0
2025-04-23,S004,M111,Benadryl,Cough,90,0,0,78,Wednesday,April,0
2025-06-18,S005,M117,BP Tablet,Cardiac,320,0,0,79,Wednesday,June,0
2025-03-25,S008,M101,Paracetamol,Painkiller,25,1,0,95,Tuesday,March,0
2025-06-10,S001,M118,Asthma Inhaler,Respiratory,450,0,0,55,Tuesday,June,0
2025-12-10,S001,M116,Iron Tablet,Supplement,180,0,0,60,Wednesday,December,0
2025-01-22,S010,M103,Dolo 650,Painkiller,30,0,0,71,Wednesday,January,0
2025-04-03,S007,M103,Dolo 650,Painkiller,30,0,0,89,Thursday,April,0
2025-04-05,S002,M110,Cetirizine,Allergy,40,1,0,98,Saturday,April,1
2025-11-25,S010,M107,Metformin,Diabetes,80,0,0,74,Tuesday,November,0
2025-02-07,S007,M113,Digene,Antacid,60,0,0,72,Friday,February,0
2025-11-12,S009,M113,Digene,Antacid,60,0,0,63,Wednesday,November,0
2025-05-07,S001,M105,ORS,Hydration,25,0,1,82,Wednesday,May,0
2025-07-30,S005,M110,Cetirizine,Allergy,40,1,0,99,Wednesday,July,0
2025-10-21,S007,M102,Crocin,Painkiller,35,1,0,98,Tuesday,October,0
2025-12-28,S005,M105,ORS,Hydration,25,0,0,99,Sunday,December,1
2025-06-29,S004,M102,Crocin,Painkiller,35,0,0,84,Sunday,June,1
2025-09-13,S001,M106,Insulin,Diabetes,550,1,0,77,Saturday,September,1
2025-09-04,S006,M116,Iron Tablet,Supplement,180,0,1,100,Thursday,September,0
2025-11-02,S007,M114,Pantoprazole,Antacid,110,1,0,119,Sunday,November,1
2025-02-09,S003,M109,Azithromycin,Antibiotic,220,0,0,64,Sunday,February,1
2025-05-01,S001,M113,Digene,Antacid,60,0,0,84,Thursday,May,0
2025-10-01,S005,M115,Calcium Tablet,Supplement,250,0,0,52,Wednesday,October,0
2025-04-28,S007,M115,Calcium Tablet,Supplement,250,0,0,61,Monday,April,0
2025-01-30,S010,M113,Digene,Antacid,60,1,0,94,Thursday,January,0
2025-12-15,S004,M116,Iron Tablet,Supplement,180,0,0,60,Monday,December,0
2025-09-18,S010,M110,Cetirizine,Allergy,40,0,0,75,Thursday,September,0
2025-10-05,S008,M111,Benadryl,Cough,90,0,0,74,Sunday,October,1
2025-05-23,S006,M108,Amoxicillin,Antibiotic,180,0,0,77,Friday,May,0
2025-03-25,S010,M110,Cetirizine,Allergy,40,1,0,95,Tuesday,March,0
2025-07-20,S010,M107,Metformin,Diabetes,80,0,0,79,Sunday,July,1
2025-10-15,S009,M104,Vitamin C,Vitamin,120,0,0,86,Wednesday,October,0
2025-02-18,S005,M113,Digene,Antacid,60,0,1,78,Tuesday,February,0
2025-08-05,S007,M107,Metformin,Diabetes,80,0,0,69,Tuesday,August,0
2025-08-07,S008,M120,Hand Sanitizer,Hygiene,90,0,0,86,Thursday,August,0
2025-12-22,S002,M119,Eye Drops,Eye Care,160,1,0,83,Monday,December,0
2025-04-20,S008,M115,Calcium Tablet,Supplement,250,1,0,110,Sunday,April,1
2025-03-25,S010,M116,Iron Tablet,Supplement,180,1,0,106,Tuesday,March,0
2025-12-10,S004,M119,Eye Drops,Eye Care,160,1,0,85,Wednesday,December,0
2025-05-24,S007,M108,Amoxicillin,Antibiotic,180,0,0,86,Saturday,May,1
2025-12-10,S010,M115,Calcium Tablet,Supplement,250,0,0,78,Wednesday,December,0
2025-06-06,S001,M112,Cough Syrup,Cough,140,1,1,95,Friday,June,0
2025-05-15,S004,M115,Calcium Tablet,Supplement,250,1,0,89,Thursday,May,0
2025-12-02,S004,M116,Iron Tablet,Supplement,180,1,0,79,Tuesday,December,0
2025-02-17,S008,M115,Calcium Tablet,Supplement,250,0,0,73,Monday,February,0
2025-11-14,S005,M118,Asthma Inhaler,Respiratory,450,0,0,60,Friday,November,0
2025-02-26,S008,M120,Hand Sanitizer,Hygiene,90,0,0,90,Wednesday,February,0
2025-11-03,S001,M105,ORS,Hydration,25,1,0,99,Monday,November,0
2025-03-18,S007,M115,Calcium Tablet,Supplement,250,0,0,74,Tuesday,March,0
2025-03-09,S003,M102,Crocin,Painkiller,35,0,0,76,Sunday,March,1
2025-03-23,S007,M103,Dolo 650,Painkiller,30,0,0,73,Sunday,March,1
2025-11-23,S005,M107,Metformin,Diabetes,80,1,0,100,Sunday,November,1
2025-12-12,S007,M101,Paracetamol,Painkiller,25,1,0,92,Friday,December,0
2025-07-21,S007,M116,Iron Tablet,Supplement,180,0,0,56,Monday,July,0
2025-04-09,S004,M112,Cough Syrup,Cough,140,1,0,83,Wednesday,April,0
2025-09-23,S003,M107,Metformin,Diabetes,80,1,0,110,Tuesday,September,0
2025-08-07,S003,M119,Eye Drops,Eye Care,160,1,0,85,Thursday,August,0
2025-09-04,S005,M114,Pantoprazole,Antacid,110,1,0,99,Thursday,September,0
2025-06-27,S001,M111,Benadryl,Cough,90,1,0,92,Friday,June,0
2025-12-24,S010,M107,Metformin,Diabetes,80,0,0,62,Wednesday,December,0
2025-01-26,S010,M116,Iron Tablet,Supplement,180,0,0,74,Sunday,January,1
2025-09-19,S009,M113,Digene,Antacid,60,0,0,76,Friday,September,0
2025-11-29,S007,M105,ORS,Hydration,25,0,0,87,Saturday,November,1
2025-09-27,S002,M115,Calcium Tablet,Supplement,250,0,0,85,Saturday,September,1
2025-01-30,S009,M102,Crocin,Painkiller,35,0,0,75,Thursday,January,0
2025-06-21,S004,M105,ORS,Hydration,25,0,1,96,Saturday,June,1
2025-02-18,S005,M108,Amoxicillin,Antibiotic,180,1,0,87,Tuesday,February,0
2025-12-04,S004,M108,Amoxicillin,Antibiotic,180,1,0,91,Thursday,December,0
2025-07-13,S006,M107,Metformin,Diabetes,80,0,0,92,Sunday,July,1
2025-09-30,S008,M117,BP Tablet,Cardiac,320,1,0,83,Tuesday,September,0
2025-03-18,S001,M115,Calcium Tablet,Supplement,250,1,1,93,Tuesday,March,0
2025-12-14,S001,M115,Calcium Tablet,Supplement,250,0,0,86,Sunday,December,1
2025-01-20,S008,M118,Asthma Inhaler,Respiratory,450,0,0,42,Monday,January,0
2025-11-20,S006,M104,Vitamin C,Vitamin,120,0,0,84,Thursday,November,0
2025-05-22,S004,M107,Metformin,Diabetes,80,1,0,89,Thursday,May,0
2025-12-11,S004,M114,Pantoprazole,Antacid,110,0,0,82,Thursday,December,0
2025-05-01,S008,M116,Iron Tablet,Supplement,180,0,0,59,Thursday,May,0
2025-01-02,S006,M109,Azithromycin,Antibiotic,220,0,0,83,Thursday,January,0
2025-09-20,S007,M109,Azithromycin,Antibiotic,220,0,1,86,Saturday,September,1
2025-11-01,S001,M105,ORS,Hydration,25,0,0,88,Saturday,November,1
2025-07-22,S005,M110,Cetirizine,Allergy,40,0,0,71,Tuesday,July,0
2025-07-29,S010,M103,Dolo 650,Painkiller,30,1,0,93,Tuesday,July,0
2025-04-13,S008,M120,Hand Sanitizer,Hygiene,90,0,0,78,Sunday,April,1
2025-12-23,S008,M104,Vitamin C,Vitamin,120,0,0,60,Tuesday,December,0
2025-08-08,S010,M107,Metformin,Diabetes,80,1,0,107,Friday,August,0
2025-10-12,S007,M114,Pantoprazole,Antacid,110,0,0,92,Sunday,October,1
2025-04-22,S001,M115,Calcium Tablet,Supplement,250,1,0,81,Tuesday,April,0
2025-10-07,S009,M119,Eye Drops,Eye Care,160,0,0,68,Tuesday,October,0
2025-12-26,S010,M111,Benadryl,Cough,90,1,0,105,Friday,December,0
2025-04-26,S003,M104,Vitamin C,Vitamin,120,0,1,86,Saturday,April,1
2025-01-02,S003,M111,Benadryl,Cough,90,0,0,72,Thursday,January,0
2025-09-25,S006,M111,Benadryl,Cough,90,1,0,81,Thursday,September,0
2025-10-20,S005,M118,Asthma Inhaler,Respiratory,450,1,0,81,Monday,October,0
2025-09-12,S004,M108,Amoxicillin,Antibiotic,180,0,0,59,Friday,September,0
2025-08-08,S009,M120,Hand Sanitizer,Hygiene,90,0,0,68,Friday,August,0
2025-10-02,S005,M110,Cetirizine,Allergy,40,0,0,76,Thursday,October,0
2025-03-21,S002,M105,ORS,Hydration,25,1,0,92,Friday,March,0
2025-08-06,S001,M110,Cetirizine,Allergy,40,1,0,84,Wednesday,August,0
2025-06-23,S005,M116,Iron Tablet,Supplement,180,1,0,78,Monday,June,0
2025-06-01,S009,M104,Vitamin C,Vitamin,120,0,0,99,Sunday,June,1
2025-12-03,S005,M118,Asthma Inhaler,Respiratory,450,0,0,57,Wednesday,December,0
2025-08-16,S002,M103,Dolo 650,Painkiller,30,0,0,103,Saturday,August,1
2025-10-04,S002,M119,Eye Drops,Eye Care,160,0,0,90,Saturday,October,1
2025-12-05,S008,M116,Iron Tablet,Supplement,180,1,0,92,Friday,December,0
2025-08-12,S004,M102,Crocin,Painkiller,35,1,0,104,Tuesday,August,0
2025-09-06,S007,M117,BP Tablet,Cardiac,320,0,0,69,Saturday,September,1
2025-06-08,S005,M113,Digene,Antacid,60,0,0,86,Sunday,June,1
2025-12-22,S001,M105,ORS,Hydration,25,0,0,80,Monday,December,0
2025-12-06,S010,M112,Cough Syrup,Cough,140,1,0,111,Saturday,December,1
2025-01-07,S006,M117,BP Tablet,Cardiac,320,0,0,76,Tuesday,January,0
2025-12-13,S001,M119,Eye Drops,Eye Care,160,0,0,85,Saturday,December,1
2025-01-10,S010,M106,Insulin,Diabetes,550,0,1,69,Friday,January,0
2025-10-27,S008,M117,BP Tablet,Cardiac,320,1,0,79,Monday,October,0
2025-06-15,S002,M115,Calcium Tablet,Supplement,250,0,0,62,Sunday,June,1
2025-01-20,S004,M107,Metformin,Diabetes,80,1,0,102,Monday,January,0
2025-09-16,S004,M120,Hand Sanitizer,Hygiene,90,1,0,108,Tuesday,September,0
2025-10-23,S001,M106,Insulin,Diabetes,550,0,0,42,Thursday,October,0
2025-12-17,S009,M112,Cough Syrup,Cough,140,0,0,59,Wednesday,December,0
2025-09-21,S008,M104,Vitamin C,Vitamin,120,1,0,90,Sunday,September,1
2025-11-19,S009,M106,Insulin,Diabetes,550,1,0,68,Wednesday,November,0
2025-07-24,S007,M119,Eye Drops,Eye Care,160,0,0,84,Thursday,July,0
2025-02-05,S001,M119,Eye Drops,Eye Care,160,0,0,74,Wednesday,February,0
2025-08-09,S005,M112,Cough Syrup,Cough,140,1,0,91,Saturday,August,1
2025-12-23,S004,M104,Vitamin C,Vitamin,120,0,0,87,Tuesday,December,0
2025-06-01,S004,M117,BP Tablet,Cardiac,320,0,0,81,Sunday,June,1
2025-01-13,S006,M110,Cetirizine,Allergy,40,0,0,78,Monday,January,0
2025-12-09,S009,M113,Digene,Antacid,60,1,0,84,Tuesday,December,0
2025-07-25,S010,M113,Digene,Antacid,60,0,0,88,Friday,July,0
2025-01-06,S007,M109,Azithromycin,Antibiotic,220,0,0,57,Monday,January,0
2025-10-25,S009,M113,Digene,Antacid,60,0,0,100,Saturday,October,1
2025-09-02,S002,M105,ORS,Hydration,25,0,0,78,Tuesday,September,0
2025-08-05,S001,M105,ORS,Hydration,25,0,0,81,Tuesday,August,0
2025-06-29,S006,M115,Calcium Tablet,Supplement,250,1,0,110,Sunday,June,1
2025-10-15,S010,M106,Insulin,Diabetes,550,0,0,56,Wednesday,October,0
2025-06-06,S008,M102,Crocin,Painkiller,35,1,0,113,Friday,June,0
2025-06-22,S005,M114,Pantoprazole,Antacid,110,1,0,89,Sunday,June,1
2025-06-04,S004,M111,Benadryl,Cough,90,0,0,64,Wednesday,June,0
2025-10-24,S010,M104,Vitamin C,Vitamin,120,0,0,68,Friday,October,0
2025-07-26,S009,M104,Vitamin C,Vitamin,120,1,0,114,Saturday,July,1
2025-05-16,S002,M119,Eye Drops,Eye Care,160,0,0,68,Friday,May,0
2025-09-25,S004,M106,Insulin,Diabetes,550,0,0,45,Thursday,September,0
2025-10-01,S008,M105,ORS,Hydration,25,1,0,90,Wednesday,October,0
2025-02-08,S009,M103,Dolo 650,Painkiller,30,1,0,94,Saturday,February,1
2025-01-25,S002,M117,BP Tablet,Cardiac,320,0,0,67,Saturday,January,1
2025-07-29,S007,M114,Pantoprazole,Antacid,110,0,0,75,Tuesday,July,0
2025-05-08,S002,M111,Benadryl,Cough,90,0,0,70,Thursday,May,0
2025-01-11,S003,M106,Insulin,Diabetes,550,0,0,64,Saturday,January,1
2025-09-01,S004,M110,Cetirizine,Allergy,40,1,0,86,Monday,September,0
2025-09-01,S003,M113,Digene,Antacid,60,0,0,87,Monday,September,0
2025-10-16,S007,M107,Metformin,Diabetes,80,1,1,126,Thursday,October,0
2025-01-13,S003,M113,Digene,Antacid,60,0,0,63,Monday,January,0
2025-09-19,S002,M113,Digene,Antacid,60,1,0,95,Friday,September,0
2025-03-29,S002,M110,Cetirizine,Allergy,40,1,0,111,Saturday,March,1
2025-12-16,S005,M115,Calcium Tablet,Supplement,250,0,0,58,Tuesday,December,0
2025-02-03,S010,M103,Dolo 650,Painkiller,30,0,0,78,Monday,February,0
2025-05-20,S002,M106,Insulin,Diabetes,550,0,0,43,Tuesday,May,0
2025-03-21,S009,M109,Azithromycin,Antibiotic,220,0,0,57,Friday,March,0
2025-09-28,S007,M116,Iron Tablet,Supplement,180,0,1,94,Sunday,September,1
2025-10-04,S007,M102,Crocin,Painkiller,35,0,0,103,Saturday,October,1
2025-04-10,S002,M113,Digene,Antacid,60,0,0,71,Thursday,April,0
2025-08-13,S008,M111,Benadryl,Cough,90,0,0,75,Wednesday,August,0
2025-11-02,S001,M115,Calcium Tablet,Supplement,250,0,0,78,Sunday,November,1
2025-02-26,S010,M119,Eye Drops,Eye Care,160,0,0,61,Wednesday,February,0
2025-11-11,S010,M116,Iron Tablet,Supplement,180,0,0,70,Tuesday,November,0
2025-07-14,S004,M115,Calcium Tablet,Supplement,250,0,0,53,Monday,July,0
2025-08-22,S006,M112,Cough Syrup,Cough,140,0,0,59,Friday,August,0
2025-05-02,S010,M111,Benadryl,Cough,90,0,0,62,Friday,May,0
2025-09-04,S001,M101,Paracetamol,Painkiller,25,0,0,65,Thursday,September,0
2025-09-28,S005,M108,Amoxicillin,Antibiotic,180,1,0,90,Sunday,September,1
2025-12-31,S010,M106,Insulin,Diabetes,550,1,1,82,Wednesday,December,0
2025-02-28,S008,M117,BP Tablet,Cardiac,320,0,0,57,Friday,February,0
2025-01-03,S005,M107,Metformin,Diabetes,80,1,0,98,Friday,January,0
2025-02-22,S005,M111,Benadryl,Cough,90,0,0,92,Saturday,February,1
2025-04-22,S006,M120,Hand Sanitizer,Hygiene,90,0,0,79,Tuesday,April,0
2025-04-13,S009,M120,Hand Sanitizer,Hygiene,90,0,0,76,Sunday,April,1
2025-06-02,S006,M103,Dolo 650,Painkiller,30,0,0,89,Monday,June,0
2025-03-12,S001,M118,Asthma Inhaler,Respiratory,450,1,0,78,Wednesday,March,0
2025-06-08,S006,M108,Amoxicillin,Antibiotic,180,0,0,90,Sunday,June,1
2025-08-17,S009,M119,Eye Drops,Eye Care,160,0,0,86,Sunday,August,1
2025-08-21,S005,M106,Insulin,Diabetes,550,0,0,54,Thursday,August,0
2025-08-14,S009,M106,Insulin,Diabetes,550,0,1,54,Thursday,August,0
2025-12-26,S009,M113,Digene,Antacid,60,1,0,89,Friday,December,0
2025-09-08,S009,M117,BP Tablet,Cardiac,320,1,1,86,Monday,September,0
2025-06-10,S002,M113,Digene,Antacid,60,0,0,84,Tuesday,June,0
2025-08-31,S007,M110,Cetirizine,Allergy,40,0,0,84,Sunday,August,1
2025-03-13,S002,M101,Paracetamol,Painkiller,25,0,0,65,Thursday,March,0
2025-02-09,S006,M115,Calcium Tablet,Supplement,250,0,0,90,Sunday,February,1
2025-01-12,S001,M108,Amoxicillin,Antibiotic,180,0,0,76,Sunday,January,1
2025-01-01,S009,M120,Hand Sanitizer,Hygiene,90,1,0,81,Wednesday,January,0
2025-05-04,S004,M117,BP Tablet,Cardiac,320,0,0,62,Sunday,May,1
2025-04-26,S009,M112,Cough Syrup,Cough,140,0,0,98,Saturday,April,1
2025-04-18,S003,M108,Amoxicillin,Antibiotic,180,0,0,64,Friday,April,0
2025-07-29,S010,M104,Vitamin C,Vitamin,120,0,0,79,Tuesday,July,0
2025-07-06,S006,M119,Eye Drops,Eye Care,160,1,0,107,Sunday,July,1
2025-03-15,S005,M107,Metformin,Diabetes,80,0,0,91,Saturday,March,1
2025-06-10,S010,M120,Hand Sanitizer,Hygiene,90,1,1,100,Tuesday,June,0
2025-10-15,S004,M119,Eye Drops,Eye Care,160,0,0,84,Wednesday,October,0
2025-05-28,S006,M119,Eye Drops,Eye Care,160,1,0,94,Wednesday,May,0
2025-06-06,S002,M101,Paracetamol,Painkiller,25,0,0,93,Friday,June,0
2025-01-15,S002,M119,Eye Drops,Eye Care,160,1,0,94,Wednesday,January,0
2025-03-18,S010,M105,ORS,Hydration,25,1,0,97,Tuesday,March,0
2025-07-06,S007,M104,Vitamin C,Vitamin,120,0,1,86,Sunday,July,1
2025-04-29,S005,M111,Benadryl,Cough,90,0,0,90,Tuesday,April,0
2025-04-27,S001,M112,Cough Syrup,Cough,140,0,0,88,Sunday,April,1
2025-03-02,S002,M120,Hand Sanitizer,Hygiene,90,0,1,93,Sunday,March,1
2025-08-01,S004,M119,Eye Drops,Eye Care,160,1,0,88,Friday,August,0
2025-12-29,S008,M108,Amoxicillin,Antibiotic,180,0,0,59,Monday,December,0
2025-07-23,S006,M117,BP Tablet,Cardiac,320,0,0,64,Wednesday,July,0
2025-12-11,S009,M120,Hand Sanitizer,Hygiene,90,0,0,78,Thursday,December,0
2025-08-16,S004,M116,Iron Tablet,Supplement,180,1,0,109,Saturday,August,1
2025-08-05,S002,M108,Amoxicillin,Antibiotic,180,1,0,98,Tuesday,August,0
2025-08-13,S009,M110,Cetirizine,Allergy,40,0,0,87,Wednesday,August,0
2025-08-15,S006,M108,Amoxicillin,Antibiotic,180,0,1,84,Friday,August,0
2025-08-31,S010,M119,Eye Drops,Eye Care,160,1,0,95,Sunday,August,1
2025-08-02,S007,M102,Crocin,Painkiller,35,0,0,76,Saturday,August,1
2025-06-29,S003,M110,Cetirizine,Allergy,40,0,0,103,Sunday,June,1
2025-08-13,S001,M107,Metformin,Diabetes,80,1,0,84,Wednesday,August,0
2025-02-06,S007,M113,Digene,Antacid,60,0,1,106,Thursday,February,0
2025-05-06,S003,M118,Asthma Inhaler,Respiratory,450,1,0,67,Tuesday,May,0
2025-06-22,S006,M120,Hand Sanitizer,Hygiene,90,0,0,77,Sunday,June,1
2025-05-31,S010,M116,Iron Tablet,Supplement,180,0,0,82,Saturday,May,1
2025-10-26,S007,M106,Insulin,Diabetes,550,0,0,65,Sunday,October,1
2025-08-22,S006,M108,Amoxicillin,Antibiotic,180,0,0,72,Friday,August,0
2025-03-29,S008,M103,Dolo 650,Painkiller,30,0,0,79,Saturday,March,1
2025-09-01,S001,M120,Hand Sanitizer,Hygiene,90,0,0,60,Monday,September,0
2025-11-14,S009,M105,ORS,Hydration,25,1,0,98,Friday,November,0
2025-07-04,S001,M111,Benadryl,Cough,90,0,0,69,Friday,July,0
2025-11-13,S002,M105,ORS,Hydration,25,0,0,66,Thursday,November,0
2025-11-27,S010,M101,Paracetamol,Painkiller,25,1,0,87,Thursday,November,0
2025-08-24,S004,M112,Cough Syrup,Cough,140,1,0,93,Sunday,August,1
2025-11-18,S002,M111,Benadryl,Cough,90,0,0,72,Tuesday,November,0
2025-12-30,S002,M103,Dolo 650,Painkiller,30,0,0,86,Tuesday,December,0
2025-06-11,S007,M115,Calcium Tablet,Supplement,250,1,0,77,Wednesday,June,0
2025-10-28,S008,M104,Vitamin C,Vitamin,120,1,0,80,Tuesday,October,0
2025-11-24,S003,M116,Iron Tablet,Supplement,180,0,1,101,Monday,November,0
2025-10-04,S006,M106,Insulin,Diabetes,550,1,0,89,Saturday,October,1
2025-12-29,S002,M120,Hand Sanitizer,Hygiene,90,0,1,95,Monday,December,0
2025-08-28,S001,M118,Asthma Inhaler,Respiratory,450,0,1,87,Thursday,August,0
2025-01-09,S002,M105,ORS,Hydration,25,0,0,90,Thursday,January,0
2025-12-15,S002,M114,Pantoprazole,Antacid,110,0,0,60,Monday,December,0
2025-08-07,S005,M118,Asthma Inhaler,Respiratory,450,0,0,67,Thursday,August,0
2025-10-27,S002,M103,Dolo 650,Painkiller,30,1,0,97,Monday,October,0
2025-04-13,S010,M115,Calcium Tablet,Supplement,250,0,0,80,Sunday,April,1
2025-06-22,S009,M107,Metformin,Diabetes,80,1,0,93,Sunday,June,1
2025-10-23,S007,M120,Hand Sanitizer,Hygiene,90,1,0,81,Thursday,October,0
2025-10-27,S005,M102,Crocin,Painkiller,35,0,0,79,Monday,October,0
2025-12-02,S004,M107,Metformin,Diabetes,80,0,0,72,Tuesday,December,0
2025-12-14,S004,M104,Vitamin C,Vitamin,120,0,1,90,Sunday,December,1
2025-01-14,S009,M116,Iron Tablet,Supplement,180,1,0,105,Tuesday,January,0
2025-06-05,S009,M110,Cetirizine,Allergy,40,1,0,98,Thursday,June,0
2025-10-08,S009,M110,Cetirizine,Allergy,40,0,0,85,Wednesday,October,0
2025-09-18,S003,M117,BP Tablet,Cardiac,320,1,0,85,Thursday,September,0
2025-10-09,S003,M110,Cetirizine,Allergy,40,0,0,72,Thursday,October,0
2025-07-28,S010,M118,Asthma Inhaler,Respiratory,450,0,0,57,Monday,July,0
2025-01-25,S002,M109,Azithromycin,Antibiotic,220,0,0,91,Saturday,January,1
2025-12-07,S005,M118,Asthma Inhaler,Respiratory,450,0,0,78,Sunday,December,1
2025-10-02,S004,M119,Eye Drops,Eye Care,160,1,0,97,Thursday,October,0
2025-06-30,S005,M113,Digene,Antacid,60,1,0,82,Monday,June,0
2025-02-07,S008,M110,Cetirizine,Allergy,40,1,0,90,Friday,February,0
2025-10-07,S008,M112,Cough Syrup,Cough,140,0,0,87,Tuesday,October,0
2025-06-15,S002,M104,Vitamin C,Vitamin,120,0,0,70,Sunday,June,1
2025-11-19,S002,M108,Amoxicillin,Antibiotic,180,0,0,57,Wednesday,November,0
2025-04-13,S009,M117,BP Tablet,Cardiac,320,1,0,95,Sunday,April,1
2025-01-02,S006,M114,Pantoprazole,Antacid,110,0,1,78,Thursday,January,0
2025-07-11,S001,M120,Hand Sanitizer,Hygiene,90,0,0,76,Friday,July,0
2025-10-20,S009,M105,ORS,Hydration,25,0,0,93,Monday,October,0
2025-07-29,S006,M113,Digene,Antacid,60,0,0,81,Tuesday,July,0
2025-05-02,S003,M102,Crocin,Painkiller,35,1,0,83,Friday,May,0
2025-12-13,S003,M108,Amoxicillin,Antibiotic,180,0,0,91,Saturday,December,1
2025-07-19,S006,M105,ORS,Hydration,25,1,0,120,Saturday,July,1
2025-11-07,S001,M118,Asthma Inhaler,Respiratory,450,0,0,58,Friday,November,0
2025-04-18,S007,M115,Calcium Tablet,Supplement,250,0,1,82,Friday,April,0
2025-07-23,S003,M108,Amoxicillin,Antibiotic,180,1,0,86,Wednesday,July,0
2025-01-04,S010,M107,Metformin,Diabetes,80,0,0,81,Saturday,January,1
2025-06-22,S010,M106,Insulin,Diabetes,550,1,0,74,Sunday,June,1
2025-02-02,S005,M106,Insulin,Diabetes,550,1,0,77,Sunday,February,1
2025-07-31,S001,M105,ORS,Hydration,25,1,1,122,Thursday,July,0
2025-08-11,S001,M116,Iron Tablet,Supplement,180,1,0,103,Monday,August,0
2025-01-15,S001,M102,Crocin,Painkiller,35,1,0,104,Wednesday,January,0
2025-04-21,S001,M104,Vitamin C,Vitamin,120,0,0,83,Monday,April,0
2025-03-09,S003,M120,Hand Sanitizer,Hygiene,90,0,0,71,Sunday,March,1
2025-05-30,S007,M120,Hand Sanitizer,Hygiene,90,0,1,75,Friday,May,0
2025-07-19,S009,M107,Metformin,Diabetes,80,0,0,91,Saturday,July,1
2025-10-10,S004,M108,Amoxicillin,Antibiotic,180,0,0,65,Friday,October,0
2025-12-23,S007,M116,Iron Tablet,Supplement,180,0,0,84,Tuesday,December,0
2025-04-21,S010,M112,Cough Syrup,Cough,140,0,0,77,Monday,April,0
2025-01-30,S008,M113,Digene,Antacid,60,0,0,62,Thursday,January,0
2025-10-06,S007,M118,Asthma Inhaler,Respiratory,450,1,0,80,Monday,October,0
2025-06-08,S001,M112,Cough Syrup,Cough,140,0,0,88,Sunday,June,1
2025-02-08,S010,M111,Benadryl,Cough,90,0,1,93,Saturday,February,1
2025-03-02,S002,M115,Calcium Tablet,Supplement,250,1,0,99,Sunday,March,1
2025-12-14,S001,M110,Cetirizine,Allergy,40,1,0,104,Sunday,December,1
2025-02-13,S008,M120,Hand Sanitizer,Hygiene,90,0,0,72,Thursday,February,0
2025-03-04,S001,M120,Hand Sanitizer,Hygiene,90,1,0,103,Tuesday,March,0
2025-10-29,S008,M118,Asthma Inhaler,Respiratory,450,0,0,67,Wednesday,October,0
2025-12-31,S002,M107,Metformin,Diabetes,80,0,0,73,Wednesday,December,0
2025-11-22,S001,M116,Iron Tablet,Supplement,180,0,1,85,Saturday,November,1
2025-10-02,S002,M112,Cough Syrup,Cough,140,0,0,85,Thursday,October,0
2025-01-12,S010,M112,Cough Syrup,Cough,140,1,0,91,Sunday,January,1
2025-03-11,S003,M110,Cetirizine,Allergy,40,0,1,99,Tuesday,March,0
2025-02-19,S007,M116,Iron Tablet,Supplement,180,0,0,64,Wednesday,February,0
2025-11-16,S002,M105,ORS,Hydration,25,0,0,89,Sunday,November,1
2025-10-10,S007,M104,Vitamin C,Vitamin,120,1,0,80,Friday,October,0
2025-11-15,S003,M105,ORS,Hydration,25,0,0,85,Saturday,November,1
2025-06-14,S006,M104,Vitamin C,Vitamin,120,1,1,114,Saturday,June,1
2025-04-20,S009,M111,Benadryl,Cough,90,0,0,83,Sunday,April,1
2025-02-17,S008,M111,Benadryl,Cough,90,0,0,80,Monday,February,0
2025-04-15,S007,M101,Paracetamol,Painkiller,25,1,0,86,Tuesday,April,0
2025-05-31,S003,M103,Dolo 650,Painkiller,30,1,0,114,Saturday,May,1
2025-02-23,S005,M105,ORS,Hydration,25,0,0,100,Sunday,February,1
2025-12-23,S010,M118,Asthma Inhaler,Respiratory,450,0,1,84,Tuesday,December,0
2025-03-18,S003,M104,Vitamin C,Vitamin,120,0,0,72,Tuesday,March,0
2025-05-15,S004,M119,Eye Drops,Eye Care,160,0,0,83,Thursday,May,0
2025-05-11,S007,M112,Cough Syrup,Cough,140,0,0,96,Sunday,May,1
2025-02-09,S002,M119,Eye Drops,Eye Care,160,0,1,108,Sunday,February,1
2025-05-01,S004,M106,Insulin,Diabetes,550,0,0,53,Thursday,May,0
2025-06-09,S008,M105,ORS,Hydration,25,0,0,66,Monday,June,0
2025-08-18,S006,M107,Metformin,Diabetes,80,0,1,76,Monday,August,0
2025-05-07,S007,M120,Hand Sanitizer,Hygiene,90,0,0,66,Wednesday,May,0
2025-10-14,S006,M116,Iron Tablet,Supplement,180,0,0,75,Tuesday,October,0
2025-10-23,S010,M108,Amoxicillin,Antibiotic,180,0,1,82,Thursday,October,0
2025-05-01,S007,M103,Dolo 650,Painkiller,30,0,0,70,Thursday,May,0
2025-12-05,S005,M104,Vitamin C,Vitamin,120,1,0,99,Friday,December,0
2025-02-13,S002,M110,Cetirizine,Allergy,40,1,0,94,Thursday,February,0
2025-12-12,S010,M105,ORS,Hydration,25,0,0,76,Friday,December,0
2025-07-27,S005,M101,Paracetamol,Painkiller,25,1,0,106,Sunday,July,1
2025-01-27,S006,M120,Hand Sanitizer,Hygiene,90,1,0,82,Monday,January,0
2025-12-02,S002,M116,Iron Tablet,Supplement,180,1,0,95,Tuesday,December,0
2025-07-05,S007,M116,Iron Tablet,Supplement,180,0,1,94,Saturday,July,1
2025-03-13,S009,M112,Cough Syrup,Cough,140,0,1,80,Thursday,March,0
2025-02-17,S005,M120,Hand Sanitizer,Hygiene,90,0,0,89,Monday,February,0
2025-05-19,S003,M115,Calcium Tablet,Supplement,250,0,0,63,Monday,May,0
2025-10-26,S001,M102,Crocin,Painkiller,35,0,0,83,Sunday,October,1
2025-09-22,S004,M117,BP Tablet,Cardiac,320,0,0,50,Monday,September,0
2025-02-27,S005,M113,Digene,Antacid,60,0,0,75,Thursday,February,0
2025-02-20,S006,M104,Vitamin C,Vitamin,120,0,0,77,Thursday,February,0
2025-08-31,S007,M112,Cough Syrup,Cough,140,0,0,87,Sunday,August,1
2025-09-11,S003,M118,Asthma Inhaler,Respiratory,450,1,0,81,Thursday,September,0
2025-04-28,S004,M107,Metformin,Diabetes,80,0,0,84,Monday,April,0
2025-06-24,S003,M111,Benadryl,Cough,90,1,0,99,Tuesday,June,0
2025-12-21,S006,M113,Digene,Antacid,60,1,0,98,Sunday,December,1
2025-02-28,S007,M108,Amoxicillin,Antibiotic,180,0,0,77,Friday,February,0
2025-08-29,S004,M113,Digene,Antacid,60,1,0,99,Friday,August,0
2025-07-29,S006,M108,Amoxicillin,Antibiotic,180,0,0,65,Tuesday,July,0
2025-06-27,S003,M116,Iron Tablet,Supplement,180,1,0,91,Friday,June,0
2025-12-04,S004,M101,Paracetamol,Painkiller,25,0,0,66,Thursday,December,0
2025-09-23,S002,M111,Benadryl,Cough,90,0,0,80,Tuesday,September,0
2025-10-30,S003,M106,Insulin,Diabetes,550,0,0,58,Thursday,October,0
2025-01-12,S004,M113,Digene,Antacid,60,0,0,86,Sunday,January,1
2025-04-21,S010,M104,Vitamin C,Vitamin,120,1,0,96,Monday,April,0
2025-07-30,S006,M116,Iron Tablet,Supplement,180,1,0,76,Wednesday,July,0
2025-09-27,S007,M113,Digene,Antacid,60,0,0,74,Saturday,September,1
2025-07-27,S006,M116,Iron Tablet,Supplement,180,0,0,66,Sunday,July,1
2025-12-09,S008,M106,Insulin,Diabetes,550,0,0,60,Tuesday,December,0
2025-08-21,S003,M113,Digene,Antacid,60,1,0,101,Thursday,August,0
2025-09-28,S003,M114,Pantoprazole,Antacid,110,0,1,99,Sunday,September,1
2025-07-21,S003,M114,Pantoprazole,Antacid,110,1,0,84,Monday,July,0
2025-08-23,S007,M116,Iron Tablet,Supplement,180,0,0,89,Saturday,August,1
2025-04-26,S006,M120,Hand Sanitizer,Hygiene,90,0,0,88,Saturday,April,1
2025-07-18,S006,M118,Asthma Inhaler,Respiratory,450,1,0,74,Friday,July,0
2025-06-05,S005,M117,BP Tablet,Cardiac,320,0,0,60,Thursday,June,0
2025-08-14,S003,M107,Metformin,Diabetes,80,0,0,91,Thursday,August,0
2025-07-31,S008,M108,Amoxicillin,Antibiotic,180,0,0,86,Thursday,July,0
2025-03-17,S009,M116,Iron Tablet,Supplement,180,1,0,96,Monday,March,0
2025-01-16,S010,M119,Eye Drops,Eye Care,160,1,1,98,Thursday,January,0
2025-05-08,S010,M115,Calcium Tablet,Supplement,250,0,0,58,Thursday,May,0
2025-02-19,S003,M112,Cough Syrup,Cough,140,1,0,79,Wednesday,February,0
2025-09-27,S006,M101,Paracetamol,Painkiller,25,0,0,101,Saturday,September,1
2025-08-20,S003,M120,Hand Sanitizer,Hygiene,90,1,0,82,Wednesday,August,0
2025-05-28,S005,M115,Calcium Tablet,Supplement,250,0,0,79,Wednesday,May,0
2025-06-04,S001,M114,Pantoprazole,Antacid,110,0,0,72,Wednesday,June,0
2025-09-08,S008,M103,Dolo 650,Painkiller,30,0,0,64,Monday,September,0
2025-11-19,S007,M117,BP Tablet,Cardiac,320,1,0,93,Wednesday,November,0
2025-02-04,S003,M102,Crocin,Painkiller,35,0,0,84,Tuesday,February,0
2025-10-10,S009,M103,Dolo 650,Painkiller,30,0,0,92,Friday,October,0
2025-02-28,S008,M117,BP Tablet,Cardiac,320,0,0,63,Friday,February,0
2025-01-04,S006,M111,Benadryl,Cough,90,1,0,112,Saturday,January,1
2025-07-09,S004,M114,Pantoprazole,Antacid,110,0,0,63,Wednesday,July,0
2025-02-28,S007,M114,Pantoprazole,Antacid,110,0,1,82,Friday,February,0
2025-05-31,S009,M107,Metformin,Diabetes,80,1,0,120,Saturday,May,1
2025-10-27,S004,M101,Paracetamol,Painkiller,25,0,0,77,Monday,October,0
2025-01-30,S009,M120,Hand Sanitizer,Hygiene,90,1,0,90,Thursday,January,0
2025-03-11,S005,M118,Asthma Inhaler,Respiratory,450,0,0,67,Tuesday,March,0
2025-02-28,S001,M113,Digene,Antacid,60,0,0,83,Friday,February,0
2025-06-23,S005,M102,Crocin,Painkiller,35,1,1,125,Monday,June,0
2025-04-15,S006,M115,Calcium Tablet,Supplement,250,0,1,97,Tuesday,April,0
2025-07-03,S002,M103,Dolo 650,Painkiller,30,0,0,69,Thursday,July,0
2025-08-20,S005,M103,Dolo 650,Painkiller,30,0,0,86,Wednesday,August,0
2025-10-09,S010,M104,Vitamin C,Vitamin,120,0,0,59,Thursday,October,0
2025-03-01,S005,M110,Cetirizine,Allergy,40,0,1,113,Saturday,March,1
2025-11-09,S008,M116,Iron Tablet,Supplement,180,0,0,84,Sunday,November,1
2025-10-11,S005,M116,Iron Tablet,Supplement,180,0,0,66,Saturday,October,1
2025-04-26,S003,M110,Cetirizine,Allergy,40,1,0,118,Saturday,April,1
2025-01-16,S001,M109,Azithromycin,Antibiotic,220,0,0,54,Thursday,January,0
2025-12-11,S003,M118,Asthma Inhaler,Respiratory,450,0,0,48,Thursday,December,0
2025-05-24,S003,M101,Paracetamol,Painkiller,25,0,0,102,Saturday,May,1
2025-12-11,S008,M117,BP Tablet,Cardiac,320,1,0,70,Thursday,December,0
2025-04-22,S003,M101,Paracetamol,Painkiller,25,0,1,96,Tuesday,April,0
2025-03-08,S003,M107,Metformin,Diabetes,80,1,0,107,Saturday,March,1
2025-12-10,S009,M104,Vitamin C,Vitamin,120,1,0,99,Wednesday,December,0
2025-05-19,S009,M113,Digene,Antacid,60,0,0,82,Monday,May,0
2025-08-19,S007,M111,Benadryl,Cough,90,0,0,67,Tuesday,August,0
2025-06-18,S006,M103,Dolo 650,Painkiller,30,1,0,99,Wednesday,June,0
2025-11-06,S009,M109,Azithromycin,Antibiotic,220,0,0,72,Thursday,November,0
2025-12-24,S008,M115,Calcium Tablet,Supplement,250,0,0,79,Wednesday,December,0
2025-12-11,S001,M109,Azithromycin,Antibiotic,220,0,0,76,Thursday,December,0
2025-09-17,S006,M107,Metformin,Diabetes,80,0,0,66,Wednesday,September,0
2025-09-05,S005,M106,Insulin,Diabetes,550,0,0,55,Friday,September,0
2025-08-26,S003,M105,ORS,Hydration,25,0,0,85,Tuesday,August,0
2025-01-03,S005,M104,Vitamin C,Vitamin,120,0,0,78,Friday,January,0
2025-07-14,S003,M103,Dolo 650,Painkiller,30,0,0,87,Monday,July,0
2025-08-24,S008,M111,Benadryl,Cough,90,0,1,101,Sunday,August,1
2025-01-17,S001,M120,Hand Sanitizer,Hygiene,90,1,0,102,Friday,January,0
2025-11-07,S004,M116,Iron Tablet,Supplement,180,0,0,60,Friday,November,0
2025-09-16,S003,M118,Asthma Inhaler,Respiratory,450,0,0,72,Tuesday,September,0
2025-12-03,S002,M118,Asthma Inhaler,Respiratory,450,0,0,64,Wednesday,December,0
2025-07-18,S005,M112,Cough Syrup,Cough,140,0,0,87,Friday,July,0
2025-12-01,S004,M107,Metformin,Diabetes,80,1,0,86,Monday,December,0
2025-05-16,S001,M101,Paracetamol,Painkiller,25,0,0,64,Friday,May,0
2025-07-19,S008,M102,Crocin,Painkiller,35,0,0,88,Saturday,July,1
2025-02-13,S009,M113,Digene,Antacid,60,0,1,101,Thursday,February,0
2025-11-05,S007,M109,Azithromycin,Antibiotic,220,0,0,80,Wednesday,November,0
2025-01-28,S010,M102,Crocin,Painkiller,35,0,0,82,Tuesday,January,0
2025-02-16,S001,M118,Asthma Inhaler,Respiratory,450,0,0,59,Sunday,February,1
2025-09-11,S010,M102,Crocin,Painkiller,35,0,0,78,Thursday,September,0
2025-05-29,S005,M104,Vitamin C,Vitamin,120,1,0,102,Thursday,May,0
2025-10-29,S004,M112,Cough Syrup,Cough,140,0,0,67,Wednesday,October,0
2025-08-28,S006,M117,BP Tablet,Cardiac,320,1,0,76,Thursday,August,0
2025-04-11,S008,M120,Hand Sanitizer,Hygiene,90,1,0,102,Friday,April,0
2025-06-01,S003,M117,BP Tablet,Cardiac,320,1,0,98,Sunday,June,1
2025-09-04,S006,M113,Digene,Antacid,60,1,0,89,Thursday,September,0
2025-07-04,S008,M113,Digene,Antacid,60,0,0,92,Friday,July,0
2025-09-11,S007,M110,Cetirizine,Allergy,40,0,0,79,Thursday,September,0
2025-09-12,S003,M118,Asthma Inhaler,Respiratory,450,0,0,67,Friday,September,0
2025-05-23,S007,M114,Pantoprazole,Antacid,110,1,0,100,Friday,May,0
2025-10-23,S002,M101,Paracetamol,Painkiller,25,1,0,99,Thursday,October,0
2025-03-24,S009,M114,Pantoprazole,Antacid,110,1,0,102,Monday,March,0
2025-02-24,S009,M111,Benadryl,Cough,90,1,0,104,Monday,February,0
2025-10-26,S009,M116,Iron Tablet,Supplement,180,0,0,70,Sunday,October,1
2025-10-07,S002,M117,BP Tablet,Cardiac,320,0,1,68,Tuesday,October,0
2025-12-20,S009,M115,Calcium Tablet,Supplement,250,0,0,70,Saturday,December,1
2025-07-20,S006,M102,Crocin,Painkiller,35,0,0,103,Sunday,July,1
2025-05-25,S008,M105,ORS,Hydration,25,0,0,79,Sunday,May,1
2025-07-22,S004,M107,Metformin,Diabetes,80,1,0,83,Tuesday,July,0
2025-09-16,S009,M115,Calcium Tablet,Supplement,250,1,1,115,Tuesday,September,0
2025-06-14,S008,M113,Digene,Antacid,60,0,0,84,Saturday,June,1
2025-08-28,S004,M104,Vitamin C,Vitamin,120,0,0,76,Thursday,August,0
2025-02-02,S007,M102,Crocin,Painkiller,35,0,0,79,Sunday,February,1
2025-07-11,S010,M119,Eye Drops,Eye Care,160,0,0,87,Friday,July,0
2025-06-08,S005,M115,Calcium Tablet,Supplement,250,0,0,78,Sunday,June,1
2025-09-10,S001,M116,Iron Tablet,Supplement,180,0,0,62,Wednesday,September,0
2025-02-22,S007,M118,Asthma Inhaler,Respiratory,450,0,1,84,Saturday,February,1
2025-08-12,S007,M117,BP Tablet,Cardiac,320,0,0,75,Tuesday,August,0
2025-07-19,S004,M109,Azithromycin,Antibiotic,220,0,0,92,Saturday,July,1
2025-02-25,S003,M108,Amoxicillin,Antibiotic,180,0,0,66,Tuesday,February,0
2025-12-04,S003,M103,Dolo 650,Painkiller,30,0,0,89,Thursday,December,0
2025-02-21,S007,M112,Cough Syrup,Cough,140,1,0,89,Friday,February,0
2025-08-30,S008,M110,Cetirizine,Allergy,40,0,0,74,Saturday,August,1
2025-06-05,S009,M120,Hand Sanitizer,Hygiene,90,0,0,72,Thursday,June,0
2025-11-22,S010,M109,Azithromycin,Antibiotic,220,0,0,93,Saturday,November,1
2025-01-07,S005,M120,Hand Sanitizer,Hygiene,90,0,0,83,Tuesday,January,0
2025-12-19,S005,M102,Crocin,Painkiller,35,0,0,86,Friday,December,0
2025-03-13,S009,M116,Iron Tablet,Supplement,180,0,0,82,Thursday,March,0
2025-07-12,S009,M113,Digene,Antacid,60,0,0,101,Saturday,July,1
2025-01-12,S004,M103,Dolo 650,Painkiller,30,0,0,87,Sunday,January,1
2025-03-28,S003,M113,Digene,Antacid,60,0,0,62,Friday,March,0
2025-01-04,S003,M119,Eye Drops,Eye Care,160,0,0,94,Saturday,January,1
2025-01-05,S007,M117,BP Tablet,Cardiac,320,0,0,81,Sunday,January,1
2025-09-25,S003,M111,Benadryl,Cough,90,1,0,93,Thursday,September,0
2025-01-23,S009,M109,Azithromycin,Antibiotic,220,0,0,56,Thursday,January,0
2025-12-03,S002,M104,Vitamin C,Vitamin,120,0,1,76,Wednesday,December,0
2025-05-24,S006,M108,Amoxicillin,Antibiotic,180,1,0,107,Saturday,May,1
2025-10-20,S005,M103,Dolo 650,Painkiller,30,1,0,110,Monday,October,0
2025-10-05,S009,M116,Iron Tablet,Supplement,180,1,0,98,Sunday,October,1
2025-03-12,S006,M108,Amoxicillin,Antibiotic,180,1,0,85,Wednesday,March,0
2025-03-18,S008,M106,Insulin,Diabetes,550,0,1,58,Tuesday,March,0
2025-03-17,S004,M111,Benadryl,Cough,90,0,1,93,Monday,March,0
2025-01-23,S004,M113,Digene,Antacid,60,1,0,96,Thursday,January,0
2025-06-15,S008,M116,Iron Tablet,Supplement,180,0,0,79,Sunday,June,1
2025-03-29,S004,M102,Crocin,Painkiller,35,0,0,92,Saturday,March,1
2025-02-07,S006,M102,Crocin,Painkiller,35,0,0,77,Friday,February,0
2025-08-13,S009,M113,Digene,Antacid,60,0,0,84,Wednesday,August,0
2025-07-24,S007,M112,Cough Syrup,Cough,140,1,0,89,Thursday,July,0
2025-08-15,S003,M116,Iron Tablet,Supplement,180,0,0,72,Friday,August,0
2025-11-27,S009,M119,Eye Drops,Eye Care,160,1,0,96,Thursday,November,0
2025-03-17,S003,M102,Crocin,Painkiller,35,0,0,63,Monday,March,0
2025-10-29,S004,M112,Cough Syrup,Cough,140,0,1,80,Wednesday,October,0
2025-03-14,S009,M104,Vitamin C,Vitamin,120,0,0,85,Friday,March,0
2025-07-10,S010,M109,Azithromycin,Antibiotic,220,0,0,67,Thursday,July,0
2025-04-28,S009,M117,BP Tablet,Cardiac,320,1,0,98,Monday,April,0
2025-07-26,S010,M118,Asthma Inhaler,Respiratory,450,0,0,73,Saturday,July,1
2025-12-26,S003,M118,Asthma Inhaler,Respiratory,450,0,0,63,Friday,December,0
2025-09-30,S004,M106,Insulin,Diabetes,550,0,0,41,Tuesday,September,0
2025-05-04,S009,M102,Crocin,Painkiller,35,0,1,104,Sunday,May,1
2025-09-13,S010,M106,Insulin,Diabetes,550,0,0,66,Saturday,September,1
2025-04-04,S005,M105,ORS,Hydration,25,0,1,84,Friday,April,0
2025-12-25,S003,M108,Amoxicillin,Antibiotic,180,1,0,76,Thursday,December,0
2025-03-06,S008,M103,Dolo 650,Painkiller,30,0,0,80,Thursday,March,0
2025-10-01,S006,M115,Calcium Tablet,Supplement,250,1,0,88,Wednesday,October,0
2025-06-06,S004,M112,Cough Syrup,Cough,140,0,1,86,Friday,June,0
2025-01-29,S008,M101,Paracetamol,Painkiller,25,0,0,87,Wednesday,January,0
2025-10-29,S001,M109,Azithromycin,Antibiotic,220,0,0,84,Wednesday,October,0
2025-01-22,S007,M110,Cetirizine,Allergy,40,0,1,99,Wednesday,January,0
2025-09-01,S005,M102,Crocin,Painkiller,35,0,0,68,Monday,September,0
2025-03-15,S007,M114,Pantoprazole,Antacid,110,1,0,106,Saturday,March,1
2025-05-02,S007,M106,Insulin,Diabetes,550,0,0,43,Friday,May,0
2025-07-24,S010,M110,Cetirizine,Allergy,40,1,0,112,Thursday,July,0
2025-05-13,S005,M104,Vitamin C,Vitamin,120,1,0,97,Tuesday,May,0
2025-11-21,S007,M112,Cough Syrup,Cough,140,1,0,95,Friday,November,0
2025-07-08,S005,M118,Asthma Inhaler,Respiratory,450,1,0,77,Tuesday,July,0
2025-03-12,S007,M112,Cough Syrup,Cough,140,0,0,59,Wednesday,March,0
2025-02-17,S009,M119,Eye Drops,Eye Care,160,1,0,85,Monday,February,0
2025-09-30,S004,M112,Cough Syrup,Cough,140,0,0,78,Tuesday,September,0
2025-11-03,S005,M101,Paracetamol,Painkiller,25,0,0,78,Monday,November,0
2025-05-19,S007,M108,Amoxicillin,Antibiotic,180,0,0,66,Monday,May,0
2025-07-09,S001,M112,Cough Syrup,Cough,140,0,0,67,Wednesday,July,0
2025-07-09,S008,M120,Hand Sanitizer,Hygiene,90,0,0,81,Wednesday,July,0
2025-12-04,S003,M109,Azithromycin,Antibiotic,220,0,0,58,Thursday,December,0
2025-03-23,S010,M118,Asthma Inhaler,Respiratory,450,0,0,59,Sunday,March,1
2025-12-19,S007,M101,Paracetamol,Painkiller,25,0,0,87,Friday,December,0
2025-02-19,S010,M105,ORS,Hydration,25,0,1,86,Wednesday,February,0
2025-09-27,S005,M117,BP Tablet,Cardiac,320,0,0,77,Saturday,September,1
2025-08-25,S008,M105,ORS,Hydration,25,1,0,95,Monday,August,0
2025-04-25,S009,M118,Asthma Inhaler,Respiratory,450,1,0,81,Friday,April,0
2025-01-30,S010,M103,Dolo 650,Painkiller,30,1,0,112,Thursday,January,0
2025-03-08,S005,M110,Cetirizine,Allergy,40,0,0,84,Saturday,March,1
2025-02-27,S002,M104,Vitamin C,Vitamin,120,0,1,80,Thursday,February,0
2025-05-26,S003,M115,Calcium Tablet,Supplement,250,0,1,88,Monday,May,0
2025-08-21,S003,M104,Vitamin C,Vitamin,120,0,0,77,Thursday,August,0
2025-05-02,S004,M107,Metformin,Diabetes,80,0,0,84,Friday,May,0
2025-07-27,S003,M117,BP Tablet,Cardiac,320,0,0,60,Sunday,July,1
2025-02-08,S008,M107,Metformin,Diabetes,80,0,0,90,Saturday,February,1
2025-12-17,S010,M116,Iron Tablet,Supplement,180,1,0,89,Wednesday,December,0
2025-12-16,S004,M118,Asthma Inhaler,Respiratory,450,0,1,68,Tuesday,December,0
2025-04-12,S009,M113,Digene,Antacid,60,1,0,93,Saturday,April,1
2025-05-11,S007,M115,Calcium Tablet,Supplement,250,1,0,111,Sunday,May,1
2025-11-16,S009,M106,Insulin,Diabetes,550,0,0,69,Sunday,November,1
2025-01-26,S010,M109,Azithromycin,Antibiotic,220,1,0,110,Sunday,January,1
2025-12-11,S003,M105,ORS,Hydration,25,0,0,90,Thursday,December,0
2025-03-04,S006,M104,Vitamin C,Vitamin,120,0,0,61,Tuesday,March,0
2025-05-29,S008,M120,Hand Sanitizer,Hygiene,90,0,0,68,Thursday,May,0
2025-04-29,S005,M109,Azithromycin,Antibiotic,220,1,0,74,Tuesday,April,0
2025-07-27,S007,M109,Azithromycin,Antibiotic,220,0,0,68,Sunday,July,1
2025-02-09,S001,M113,Digene,Antacid,60,0,0,94,Sunday,February,1
2025-11-02,S004,M107,Metformin,Diabetes,80,1,0,118,Sunday,November,1
2025-12-20,S002,M105,ORS,Hydration,25,0,0,74,Saturday,December,1
2025-02-18,S010,M105,ORS,Hydration,25,1,1,108,Tuesday,February,0
2025-03-31,S006,M104,Vitamin C,Vitamin,120,1,0,87,Monday,March,0
2025-07-12,S008,M106,Insulin,Diabetes,550,0,0,62,Saturday,July,1
2025-04-07,S010,M107,Metformin,Diabetes,80,0,0,88,Monday,April,0
2025-06-06,S001,M119,Eye Drops,Eye Care,160,1,0,78,Friday,June,0
2025-05-06,S001,M107,Metformin,Diabetes,80,0,0,72,Tuesday,May,0
2025-03-20,S010,M120,Hand Sanitizer,Hygiene,90,0,0,83,Thursday,March,0
2025-08-06,S004,M110,Cetirizine,Allergy,40,0,0,79,Wednesday,August,0
2025-12-10,S001,M107,Metformin,Diabetes,80,0,0,70,Wednesday,December,0
2025-04-26,S008,M116,Iron Tablet,Supplement,180,0,0,77,Saturday,April,1
2025-02-19,S002,M120,Hand Sanitizer,Hygiene,90,1,0,94,Wednesday,February,0
2025-10-02,S001,M119,Eye Drops,Eye Care,160,0,0,63,Thursday,October,0
2025-08-16,S008,M109,Azithromycin,Antibiotic,220,0,0,68,Saturday,August,1
2025-11-05,S008,M107,Metformin,Diabetes,80,0,1,105,Wednesday,November,0
2025-02-04,S009,M112,Cough Syrup,Cough,140,0,0,81,Tuesday,February,0
2025-04-10,S002,M113,Digene,Antacid,60,0,0,65,Thursday,April,0
2025-10-14,S003,M101,Paracetamol,Painkiller,25,1,0,93,Tuesday,October,0
2025-09-09,S009,M113,Digene,Antacid,60,0,0,82,Tuesday,September,0
2025-05-10,S009,M109,Azithromycin,Antibiotic,220,0,0,84,Saturday,May,1
2025-01-04,S007,M117,BP Tablet,Cardiac,320,0,0,71,Saturday,January,1
2025-01-10,S002,M116,Iron Tablet,Supplement,180,0,0,72,Friday,January,0
2025-01-10,S004,M104,Vitamin C,Vitamin,120,0,0,59,Friday,January,0
2025-11-15,S002,M120,Hand Sanitizer,Hygiene,90,1,0,106,Saturday,November,1
2025-01-08,S005,M117,BP Tablet,Cardiac,320,0,0,76,Wednesday,January,0
2025-10-07,S009,M107,Metformin,Diabetes,80,0,0,74,Tuesday,October,0
2025-09-07,S008,M102,Crocin,Painkiller,35,0,0,78,Sunday,September,1
2025-01-03,S008,M112,Cough Syrup,Cough,140,0,0,88,Friday,January,0
2025-09-27,S007,M107,Metformin,Diabetes,80,1,0,113,Saturday,September,1
2025-07-23,S004,M105,ORS,Hydration,25,0,0,87,Wednesday,July,0
2025-05-18,S004,M105,ORS,Hydration,25,0,1,92,Sunday,May,1
2025-11-07,S005,M116,Iron Tablet,Supplement,180,0,0,73,Friday,November,0
2025-10-01,S003,M119,Eye Drops,Eye Care,160,1,0,85,Wednesday,October,0
2025-07-01,S008,M114,Pantoprazole,Antacid,110,1,0,81,Tuesday,July,0
2025-09-26,S007,M109,Azithromycin,Antibiotic,220,1,0,93,Friday,September,0
2025-04-25,S008,M120,Hand Sanitizer,Hygiene,90,1,0,85,Friday,April,0
2025-07-15,S005,M120,Hand Sanitizer,Hygiene,90,0,0,70,Tuesday,July,0
2025-04-09,S009,M108,Amoxicillin,Antibiotic,180,0,0,67,Wednesday,April,0
2025-01-30,S005,M102,Crocin,Painkiller,35,0,0,63,Thursday,January,0
2025-09-19,S007,M114,Pantoprazole,Antacid,110,0,0,82,Friday,September,0
2025-01-24,S003,M119,Eye Drops,Eye Care,160,1,0,80,Friday,January,0
2025-01-19,S008,M108,Amoxicillin,Antibiotic,180,1,0,103,Sunday,January,1
2025-04-02,S005,M111,Benadryl,Cough,90,0,1,92,Wednesday,April,0
2025-06-30,S004,M117,BP Tablet,Cardiac,320,0,0,61,Monday,June,0
2025-03-05,S008,M105,ORS,Hydration,25,0,0,65,Wednesday,March,0
2025-07-28,S001,M116,Iron Tablet,Supplement,180,1,0,93,Monday,July,0
2025-08-06,S007,M103,Dolo 650,Painkiller,30,0,0,79,Wednesday,August,0
2025-06-08,S007,M107,Metformin,Diabetes,80,1,0,109,Sunday,June,1
2025-04-11,S005,M118,Asthma Inhaler,Respiratory,450,1,0,85,Friday,April,0
2025-11-01,S006,M104,Vitamin C,Vitamin,120,0,0,83,Saturday,November,1
2025-05-29,S006,M117,BP Tablet,Cardiac,320,0,0,74,Thursday,May,0
2025-06-27,S006,M117,BP Tablet,Cardiac,320,0,0,68,Friday,June,0
2025-09-06,S008,M112,Cough Syrup,Cough,140,1,0,95,Saturday,September,1
2025-04-10,S009,M107,Metformin,Diabetes,80,1,0,82,Thursday,April,0
2025-06-23,S009,M105,ORS,Hydration,25,0,0,77,Monday,June,0
2025-06-06,S003,M116,Iron Tablet,Supplement,180,0,0,69,Friday,June,0
2025-11-10,S004,M103,Dolo 650,Painkiller,30,0,0,72,Monday,November,0
2025-03-17,S006,M103,Dolo 650,Painkiller,30,1,0,89,Monday,March,0
2025-10-07,S007,M103,Dolo 650,Painkiller,30,1,0,94,Tuesday,October,0
2025-09-17,S001,M104,Vitamin C,Vitamin,120,1,0,94,Wednesday,September,0
2025-02-22,S002,M106,Insulin,Diabetes,550,0,0,56,Saturday,February,1
2025-08-27,S010,M117,BP Tablet,Cardiac,320,1,0,87,Wednesday,August,0
2025-03-15,S007,M106,Insulin,Diabetes,550,1,0,94,Saturday,March,1
2025-08-02,S009,M107,Metformin,Diabetes,80,0,0,97,Saturday,August,1
2025-09-11,S003,M105,ORS,Hydration,25,1,0,104,Thursday,September,0
2025-04-23,S001,M106,Insulin,Diabetes,550,0,1,81,Wednesday,April,0
2025-06-02,S003,M106,Insulin,Diabetes,550,0,0,44,Monday,June,0
2025-12-01,S005,M101,Paracetamol,Painkiller,25,0,0,91,Monday,December,0
2025-01-27,S002,M103,Dolo 650,Painkiller,30,1,0,112,Monday,January,0
2025-01-25,S001,M101,Paracetamol,Painkiller,25,0,0,88,Saturday,January,1
2025-12-07,S008,M106,Insulin,Diabetes,550,0,1,80,Sunday,December,1
2025-11-15,S002,M112,Cough Syrup,Cough,140,1,0,115,Saturday,November,1
2025-08-03,S006,M112,Cough Syrup,Cough,140,1,0,95,Sunday,August,1
2025-05-16,S005,M120,Hand Sanitizer,Hygiene,90,0,0,63,Friday,May,0
2025-02-19,S005,M114,Pantoprazole,Antacid,110,1,0,90,Wednesday,February,0
2025-09-26,S004,M109,Azithromycin,Antibiotic,220,0,1,83,Friday,September,0
2025-10-06,S001,M103,Dolo 650,Painkiller,30,1,0,97,Monday,October,0
2025-04-06,S007,M105,ORS,Hydration,25,0,0,95,Sunday,April,1
2025-07-20,S002,M114,Pantoprazole,Antacid,110,1,1,114,Sunday,July,1
2025-04-15,S008,M116,Iron Tablet,Supplement,180,0,0,84,Tuesday,April,0
2025-07-29,S005,M107,Metformin,Diabetes,80,0,0,79,Tuesday,July,0
2025-08-06,S005,M114,Pantoprazole,Antacid,110,0,0,82,Wednesday,August,0
2025-12-17,S003,M117,BP Tablet,Cardiac,320,0,0,74,Wednesday,December,0
2025-06-04,S007,M117,BP Tablet,Cardiac,320,0,0,67,Wednesday,June,0
2025-01-04,S010,M116,Iron Tablet,Supplement,180,0,0,82,Saturday,January,1
2025-02-20,S002,M105,ORS,Hydration,25,0,0,70,Thursday,February,0
2025-03-16,S005,M120,Hand Sanitizer,Hygiene,90,1,0,120,Sunday,March,1
2025-05-15,S003,M102,Crocin,Painkiller,35,1,0,83,Thursday,May,0
2025-12-29,S007,M104,Vitamin C,Vitamin,120,0,0,83,Monday,December,0
2025-02-23,S007,M115,Calcium Tablet,Supplement,250,0,1,83,Sunday,February,1
2025-07-08,S007,M107,Metformin,Diabetes,80,1,0,84,Tuesday,July,0
2025-10-24,S004,M101,Paracetamol,Painkiller,25,0,0,65,Friday,October,0
2025-05-25,S003,M119,Eye Drops,Eye Care,160,0,0,72,Sunday,May,1
2025-03-12,S004,M107,Metformin,Diabetes,80,0,0,89,Wednesday,March,0
2025-09-16,S006,M115,Calcium Tablet,Supplement,250,1,0,73,Tuesday,September,0
2025-04-06,S002,M103,Dolo 650,Painkiller,30,0,0,83,Sunday,April,1
2025-01-16,S002,M116,Iron Tablet,Supplement,180,0,0,78,Thursday,January,0
2025-06-24,S010,M112,Cough Syrup,Cough,140,0,0,85,Tuesday,June,0
2025-07-09,S005,M118,Asthma Inhaler,Respiratory,450,0,0,58,Wednesday,July,0
2025-11-26,S006,M112,Cough Syrup,Cough,140,1,0,88,Wednesday,November,0
2025-07-26,S001,M104,Vitamin C,Vitamin,120,0,0,91,Saturday,July,1
2025-04-30,S004,M101,Paracetamol,Painkiller,25,1,1,104,Wednesday,April,0
2025-10-06,S002,M116,Iron Tablet,Supplement,180,0,0,82,Monday,October,0
2025-06-25,S002,M102,Crocin,Painkiller,35,0,0,86,Wednesday,June,0
2025-10-28,S010,M113,Digene,Antacid,60,1,0,85,Tuesday,October,0
2025-09-07,S009,M115,Calcium Tablet,Supplement,250,1,0,98,Sunday,September,1
2025-10-04,S006,M109,Azithromycin,Antibiotic,220,0,0,82,Saturday,October,1
2025-05-11,S007,M105,ORS,Hydration,25,0,0,73,Sunday,May,1
2025-07-20,S009,M108,Amoxicillin,Antibiotic,180,0,0,90,Sunday,July,1
2025-09-05,S002,M116,Iron Tablet,Supplement,180,0,0,61,Friday,September,0
2025-03-02,S010,M105,ORS,Hydration,25,1,0,97,Sunday,March,1
2025-04-16,S003,M109,Azithromycin,Antibiotic,220,1,0,76,Wednesday,April,0
2025-06-17,S002,M115,Calcium Tablet,Supplement,250,0,0,55,Tuesday,June,0
2025-04-08,S001,M114,Pantoprazole,Antacid,110,0,1,79,Tuesday,April,0
2025-09-09,S006,M110,Cetirizine,Allergy,40,1,0,87,Tuesday,September,0
2025-09-18,S001,M112,Cough Syrup,Cough,140,0,0,71,Thursday,September,0
2025-12-16,S010,M120,Hand Sanitizer,Hygiene,90,0,0,88,Tuesday,December,0
2025-08-29,S009,M109,Azithromycin,Antibiotic,220,1,0,97,Friday,August,0
2025-01-22,S009,M112,Cough Syrup,Cough,140,0,0,80,Wednesday,January,0
2025-02-24,S006,M112,Cough Syrup,Cough,140,0,0,88,Monday,February,0
2025-08-27,S002,M107,Metformin,Diabetes,80,0,0,84,Wednesday,August,0
2025-02-16,S007,M119,Eye Drops,Eye Care,160,0,1,93,Sunday,February,1
2025-01-23,S004,M101,Paracetamol,Painkiller,25,0,0,70,Thursday,January,0
2025-11-19,S008,M103,Dolo 650,Painkiller,30,0,0,81,Wednesday,November,0
2025-06-14,S010,M106,Insulin,Diabetes,550,0,0,67,Saturday,June,1
2025-12-09,S007,M101,Paracetamol,Painkiller,25,1,0,93,Tuesday,December,0
2025-01-28,S003,M111,Benadryl,Cough,90,1,0,82,Tuesday,January,0
2025-01-25,S009,M119,Eye Drops,Eye Care,160,1,0,102,Saturday,January,1
2025-12-02,S008,M119,Eye Drops,Eye Care,160,0,1,95,Tuesday,December,0
2025-01-10,S008,M104,Vitamin C,Vitamin,120,0,0,65,Friday,January,0
2025-05-10,S003,M110,Cetirizine,Allergy,40,0,0,102,Saturday,May,1
2025-07-02,S004,M108,Amoxicillin,Antibiotic,180,0,0,73,Wednesday,July,0
2025-03-31,S010,M109,Azithromycin,Antibiotic,220,0,0,56,Monday,March,0
2025-06-13,S001,M110,Cetirizine,Allergy,40,0,0,73,Friday,June,0
2025-12-21,S010,M102,Crocin,Painkiller,35,1,0,118,Sunday,December,1
2025-10-31,S009,M113,Digene,Antacid,60,0,0,81,Friday,October,0
2025-06-27,S009,M102,Crocin,Painkiller,35,0,0,85,Friday,June,0
2025-09-07,S005,M117,BP Tablet,Cardiac,320,0,0,69,Sunday,September,1
2025-01-22,S005,M116,Iron Tablet,Supplement,180,0,0,83,Wednesday,January,0
2025-08-13,S006,M116,Iron Tablet,Supplement,180,1,0,88,Wednesday,August,0
2025-02-28,S010,M109,Azithromycin,Antibiotic,220,0,0,72,Friday,February,0
2025-07-26,S007,M108,Amoxicillin,Antibiotic,180,0,0,92,Saturday,July,1
2025-02-26,S008,M103,Dolo 650,Painkiller,30,1,1,99,Wednesday,February,0
2025-10-11,S005,M113,Digene,Antacid,60,1,0,111,Saturday,October,1
2025-08-07,S006,M116,Iron Tablet,Supplement,180,1,0,77,Thursday,August,0
2025-09-10,S003,M120,Hand Sanitizer,Hygiene,90,1,0,90,Wednesday,September,0
2025-04-11,S004,M115,Calcium Tablet,Supplement,250,0,0,63,Friday,April,0
2025-03-25,S005,M108,Amoxicillin,Antibiotic,180,0,0,70,Tuesday,March,0
2025-03-09,S006,M101,Paracetamol,Painkiller,25,0,0,98,Sunday,March,1
2025-11-10,S008,M109,Azithromycin,Antibiotic,220,0,0,77,Monday,November,0
2025-10-28,S010,M119,Eye Drops,Eye Care,160,0,0,80,Tuesday,October,0
2025-01-18,S009,M105,ORS,Hydration,25,0,0,102,Saturday,January,1
2025-12-06,S010,M111,Benadryl,Cough,90,0,0,79,Saturday,December,1
2025-10-28,S010,M106,Insulin,Diabetes,550,0,1,64,Tuesday,October,0
2025-10-18,S009,M104,Vitamin C,Vitamin,120,0,0,86,Saturday,October,1
2025-11-28,S002,M116,Iron Tablet,Supplement,180,0,0,86,Friday,November,0
2025-01-13,S007,M105,ORS,Hydration,25,0,0,66,Monday,January,0
2025-11-10,S006,M111,Benadryl,Cough,90,0,0,77,Monday,November,0
2025-04-03,S002,M109,Azithromycin,Antibiotic,220,1,0,86,Thursday,April,0
2025-10-27,S006,M114,Pantoprazole,Antacid,110,1,0,108,Monday,October,0
2025-12-15,S010,M111,Benadryl,Cough,90,0,0,71,Monday,December,0
2025-09-24,S010,M120,Hand Sanitizer,Hygiene,90,0,0,89,Wednesday,September,0
2025-05-19,S003,M104,Vitamin C,Vitamin,120,0,0,85,Monday,May,0
2025-06-30,S009,M115,Calcium Tablet,Supplement,250,0,0,71,Monday,June,0
2025-05-23,S010,M115,Calcium Tablet,Supplement,250,1,0,81,Friday,May,0
2025-08-06,S007,M117,BP Tablet,Cardiac,320,1,0,87,Wednesday,August,0
2025-04-29,S007,M103,Dolo 650,Painkiller,30,1,0,87,Tuesday,April,0
2025-02-28,S002,M112,Cough Syrup,Cough,140,0,0,58,Friday,February,0
2025-05-26,S009,M103,Dolo 650,Painkiller,30,1,0,102,Monday,May,0
2025-10-28,S009,M112,Cough Syrup,Cough,140,1,1,110,Tuesday,October,0
2025-04-09,S009,M112,Cough Syrup,Cough,140,1,0,91,Wednesday,April,0
2025-01-07,S010,M105,ORS,Hydration,25,0,0,75,Tuesday,January,0
2025-04-10,S001,M114,Pantoprazole,Antacid,110,1,0,101,Thursday,April,0
2025-09-05,S008,M105,ORS,Hydration,25,0,0,68,Friday,September,0
2025-02-21,S005,M113,Digene,Antacid,60,0,0,92,Friday,February,0
2025-03-26,S010,M112,Cough Syrup,Cough,140,0,0,74,Wednesday,March,0
2025-04-30,S006,M109,Azithromycin,Antibiotic,220,1,0,89,Wednesday,April,0
2025-04-11,S006,M102,Crocin,Painkiller,35,0,1,105,Friday,April,0
2025-04-03,S001,M116,Iron Tablet,Supplement,180,0,1,92,Thursday,April,0
2025-02-16,S009,M107,Metformin,Diabetes,80,1,0,101,Sunday,February,1
2025-09-13,S009,M107,Metformin,Diabetes,80,0,1,111,Saturday,September,1
2025-09-24,S005,M120,Hand Sanitizer,Hygiene,90,0,0,76,Wednesday,September,0
2025-04-04,S005,M102,Crocin,Painkiller,35,0,1,108,Friday,April,0
2025-02-23,S003,M108,Amoxicillin,Antibiotic,180,0,0,90,Sunday,February,1
2025-02-13,S002,M120,Hand Sanitizer,Hygiene,90,1,0,110,Thursday,February,0
2025-01-07,S010,M105,ORS,Hydration,25,0,1,79,Tuesday,January,0
2025-07-23,S005,M116,Iron Tablet,Supplement,180,1,0,106,Wednesday,July,0
2025-09-04,S007,M116,Iron Tablet,Supplement,180,0,0,86,Thursday,September,0
2025-02-13,S007,M118,Asthma Inhaler,Respiratory,450,1,0,83,Thursday,February,0
2025-12-06,S007,M102,Crocin,Painkiller,35,0,0,76,Saturday,December,1
2025-01-21,S010,M106,Insulin,Diabetes,550,0,0,66,Tuesday,January,0
2025-09-01,S007,M115,Calcium Tablet,Supplement,250,0,0,60,Monday,September,0
2025-05-14,S003,M119,Eye Drops,Eye Care,160,1,0,85,Wednesday,May,0
2025-05-24,S010,M102,Crocin,Painkiller,35,0,0,86,Saturday,May,1
2025-07-11,S003,M107,Metformin,Diabetes,80,0,0,68,Friday,July,0
2025-11-07,S010,M117,BP Tablet,Cardiac,320,0,0,59,Friday,November,0
2025-10-07,S002,M101,Paracetamol,Painkiller,25,0,0,79,Tuesday,October,0
2025-01-02,S006,M110,Cetirizine,Allergy,40,1,0,102,Thursday,January,0
2025-02-24,S001,M120,Hand Sanitizer,Hygiene,90,1,0,92,Monday,February,0
2025-12-20,S008,M110,Cetirizine,Allergy,40,0,0,94,Saturday,December,1
2025-09-26,S001,M114,Pantoprazole,Antacid,110,0,0,87,Friday,September,0
2025-11-17,S003,M109,Azithromycin,Antibiotic,220,1,0,104,Monday,November,0
2025-03-26,S005,M110,Cetirizine,Allergy,40,1,0,88,Wednesday,March,0
2025-06-30,S003,M108,Amoxicillin,Antibiotic,180,0,0,68,Monday,June,0
2025-07-07,S005,M112,Cough Syrup,Cough,140,0,0,78,Monday,July,0
2025-07-29,S005,M111,Benadryl,Cough,90,0,0,86,Tuesday,July,0
2025-11-10,S002,M116,Iron Tablet,Supplement,180,0,0,65,Monday,November,0
2025-04-06,S004,M112,Cough Syrup,Cough,140,0,0,86,Sunday,April,1
2025-01-07,S009,M106,Insulin,Diabetes,550,0,0,48,Tuesday,January,0
2025-06-16,S006,M117,BP Tablet,Cardiac,320,1,0,73,Monday,June,0
2025-12-01,S008,M112,Cough Syrup,Cough,140,0,0,61,Monday,December,0
2025-11-14,S009,M102,Crocin,Painkiller,35,0,0,70,Friday,November,0
2025-05-23,S001,M120,Hand Sanitizer,Hygiene,90,0,1,81,Friday,May,0
2025-07-24,S010,M120,Hand Sanitizer,Hygiene,90,0,1,97,Thursday,July,0
2025-04-08,S005,M117,BP Tablet,Cardiac,320,1,0,71,Tuesday,April,0
2025-07-10,S005,M109,Azithromycin,Antibiotic,220,1,0,78,Thursday,July,0
2025-12-26,S004,M113,Digene,Antacid,60,0,0,62,Friday,December,0
2025-07-05,S002,M104,Vitamin C,Vitamin,120,0,0,74,Saturday,July,1
2025-11-19,S007,M110,Cetirizine,Allergy,40,0,0,74,Wednesday,November,0
2025-05-09,S005,M108,Amoxicillin,Antibiotic,180,1,1,102,Friday,May,0
2025-11-20,S001,M114,Pantoprazole,Antacid,110,0,0,72,Thursday,November,0
2025-10-02,S001,M106,Insulin,Diabetes,550,0,0,57,Thursday,October,0
2025-05-11,S010,M109,Azithromycin,Antibiotic,220,1,1,129,Sunday,May,1
2025-03-08,S008,M119,Eye Drops,Eye Care,160,1,0,97,Saturday,March,1
2025-04-14,S005,M108,Amoxicillin,Antibiotic,180,1,0,83,Monday,April,0
2025-08-13,S005,M109,Azithromycin,Antibiotic,220,1,0,78,Wednesday,August,0
2025-08-28,S006,M102,Crocin,Painkiller,35,0,0,73,Thursday,August,0
2025-07-28,S003,M119,Eye Drops,Eye Care,160,0,0,59,Monday,July,0
2025-09-03,S007,M119,Eye Drops,Eye Care,160,0,0,69,Wednesday,September,0
2025-11-04,S008,M117,BP Tablet,Cardiac,320,1,0,76,Tuesday,November,0
2025-12-06,S008,M119,Eye Drops,Eye Care,160,0,0,71,Saturday,December,1
2025-12-06,S001,M113,Digene,Antacid,60,0,0,93,Saturday,December,1
2025-04-05,S008,M107,Metformin,Diabetes,80,0,1,95,Saturday,April,1
2025-01-04,S001,M106,Insulin,Diabetes,550,0,0,51,Saturday,January,1
2025-10-22,S003,M108,Amoxicillin,Antibiotic,180,0,0,73,Wednesday,October,0
2025-05-01,S008,M108,Amoxicillin,Antibiotic,180,1,0,79,Thursday,May,0
2025-06-25,S009,M110,Cetirizine,Allergy,40,0,0,82,Wednesday,June,0
2025-03-19,S007,M101,Paracetamol,Painkiller,25,0,0,86,Wednesday,March,0
2025-07-25,S006,M110,Cetirizine,Allergy,40,1,0,83,Friday,July,0
2025-12-21,S006,M112,Cough Syrup,Cough,140,0,0,80,Sunday,December,1
2025-12-06,S010,M108,Amoxicillin,Antibiotic,180,1,1,102,Saturday,December,1
2025-05-31,S001,M101,Paracetamol,Painkiller,25,0,0,85,Saturday,May,1
2025-08-24,S003,M104,Vitamin C,Vitamin,120,1,0,97,Sunday,August,1
2025-08-25,S010,M111,Benadryl,Cough,90,1,0,101,Monday,August,0
2025-12-22,S005,M116,Iron Tablet,Supplement,180,0,0,60,Monday,December,0
2025-03-16,S003,M118,Asthma Inhaler,Respiratory,450,1,0,78,Sunday,March,1
2025-12-14,S002,M110,Cetirizine,Allergy,40,0,0,99,Sunday,December,1
2025-10-18,S002,M109,Azithromycin,Antibiotic,220,1,0,99,Saturday,October,1
2025-11-12,S005,M102,Crocin,Painkiller,35,0,1,100,Wednesday,November,0
2025-09-06,S005,M118,Asthma Inhaler,Respiratory,450,0,0,59,Saturday,September,1
2025-10-05,S001,M113,Digene,Antacid,60,0,0,78,Sunday,October,1
2025-03-05,S003,M112,Cough Syrup,Cough,140,0,0,75,Wednesday,March,0
2025-10-28,S004,M120,Hand Sanitizer,Hygiene,90,1,0,81,Tuesday,October,0
2025-10-20,S006,M119,Eye Drops,Eye Care,160,0,0,82,Monday,October,0
2025-02-09,S007,M104,Vitamin C,Vitamin,120,0,0,84,Sunday,February,1
2025-07-08,S002,M104,Vitamin C,Vitamin,120,0,0,78,Tuesday,July,0
2025-11-26,S004,M109,Azithromycin,Antibiotic,220,0,0,72,Wednesday,November,0
2025-03-15,S009,M109,Azithromycin,Antibiotic,220,1,0,85,Saturday,March,1
2025-02-03,S001,M112,Cough Syrup,Cough,140,0,0,60,Monday,February,0
2025-08-13,S008,M104,Vitamin C,Vitamin,120,1,0,108,Wednesday,August,0
2025-11-13,S003,M102,Crocin,Painkiller,35,1,0,91,Thursday,November,0
2025-06-22,S009,M119,Eye Drops,Eye Care,160,0,0,74,Sunday,June,1
2025-09-02,S008,M115,Calcium Tablet,Supplement,250,1,0,90,Tuesday,September,0
2025-10-28,S004,M112,Cough Syrup,Cough,140,1,0,108,Tuesday,October,0
2025-04-08,S006,M106,Insulin,Diabetes,550,0,1,67,Tuesday,April,0
2025-11-09,S001,M120,Hand Sanitizer,Hygiene,90,0,0,93,Sunday,November,1
2025-07-25,S004,M120,Hand Sanitizer,Hygiene,90,0,0,82,Friday,July,0
2025-09-04,S004,M106,Insulin,Diabetes,550,1,0,58,Thursday,September,0
2025-02-09,S003,M115,Calcium Tablet,Supplement,250,1,0,109,Sunday,February,1
2025-05-05,S008,M108,Amoxicillin,Antibiotic,180,0,0,70,Monday,May,0
2025-12-22,S003,M101,Paracetamol,Painkiller,25,0,0,83,Monday,December,0
2025-01-20,S002,M101,Paracetamol,Painkiller,25,0,0,72,Monday,January,0
2025-12-15,S006,M120,Hand Sanitizer,Hygiene,90,0,1,102,Monday,December,0
2025-02-06,S004,M106,Insulin,Diabetes,550,1,0,71,Thursday,February,0
2025-11-16,S006,M109,Azithromycin,Antibiotic,220,0,0,81,Sunday,November,1
2025-07-30,S006,M101,Paracetamol,Painkiller,25,0,0,86,Wednesday,July,0
2025-01-30,S001,M110,Cetirizine,Allergy,40,0,0,90,Thursday,January,0
2025-02-01,S009,M112,Cough Syrup,Cough,140,1,1,127,Saturday,February,1
2025-12-07,S002,M117,BP Tablet,Cardiac,320,0,0,60,Sunday,December,1
2025-03-19,S005,M112,Cough Syrup,Cough,140,1,0,83,Wednesday,March,0
2025-11-24,S006,M119,Eye Drops,Eye Care,160,0,1,93,Monday,November,0
2025-09-23,S009,M108,Amoxicillin,Antibiotic,180,0,0,61,Tuesday,September,0
2025-03-18,S008,M109,Azithromycin,Antibiotic,220,0,0,69,Tuesday,March,0
2025-05-09,S005,M116,Iron Tablet,Supplement,180,1,0,81,Friday,May,0
2025-05-03,S008,M103,Dolo 650,Painkiller,30,0,0,95,Saturday,May,1
2025-09-11,S001,M106,Insulin,Diabetes,550,0,0,55,Thursday,September,0
2025-12-30,S009,M108,Amoxicillin,Antibiotic,180,0,0,79,Tuesday,December,0
2025-03-11,S002,M119,Eye Drops,Eye Care,160,0,0,60,Tuesday,March,0
2025-02-11,S004,M103,Dolo 650,Painkiller,30,1,0,86,Tuesday,February,0
2025-02-27,S009,M114,Pantoprazole,Antacid,110,0,0,81,Thursday,February,0
2025-05-11,S008,M116,Iron Tablet,Supplement,180,1,0,86,Sunday,May,1
2025-12-25,S001,M112,Cough Syrup,Cough,140,1,0,87,Thursday,December,0
2025-07-20,S009,M115,Calcium Tablet,Supplement,250,0,1,102,Sunday,July,1
2025-01-28,S008,M103,Dolo 650,Painkiller,30,0,0,70,Tuesday,January,0
2025-02-20,S008,M111,Benadryl,Cough,90,0,0,87,Thursday,February,0
2025-10-31,S010,M110,Cetirizine,Allergy,40,0,0,79,Friday,October,0
2025-08-19,S010,M120,Hand Sanitizer,Hygiene,90,1,0,102,Tuesday,August,0
2025-11-17,S006,M120,Hand Sanitizer,Hygiene,90,0,0,84,Monday,November,0
2025-05-06,S010,M114,Pantoprazole,Antacid,110,1,0,90,Tuesday,May,0
2025-01-27,S003,M109,Azithromycin,Antibiotic,220,0,0,64,Monday,January,0
2025-06-02,S001,M102,Crocin,Painkiller,35,1,0,103,Monday,June,0
2025-02-23,S002,M117,BP Tablet,Cardiac,320,0,1,86,Sunday,February,1
2025-08-19,S003,M108,Amoxicillin,Antibiotic,180,0,0,85,Tuesday,August,0
2025-01-26,S002,M114,Pantoprazole,Antacid,110,0,0,99,Sunday,January,1
2025-02-05,S002,M117,BP Tablet,Cardiac,320,0,0,59,Wednesday,February,0
2025-12-14,S008,M109,Azithromycin,Antibiotic,220,0,0,84,Sunday,December,1
2025-08-23,S001,M110,Cetirizine,Allergy,40,0,0,99,Saturday,August,1
2025-12-25,S008,M117,BP Tablet,Cardiac,320,0,0,65,Thursday,December,0
2025-06-17,S002,M114,Pantoprazole,Antacid,110,1,0,99,Tuesday,June,0
2025-01-12,S006,M114,Pantoprazole,Antacid,110,0,0,95,Sunday,January,1
2025-06-24,S004,M118,Asthma Inhaler,Respiratory,450,0,0,49,Tuesday,June,0
2025-06-29,S002,M118,Asthma Inhaler,Respiratory,450,1,0,100,Sunday,June,1
2025-12-02,S005,M117,BP Tablet,Cardiac,320,0,0,57,Tuesday,December,0
2025-07-06,S004,M114,Pantoprazole,Antacid,110,0,0,80,Sunday,July,1
2025-03-29,S002,M112,Cough Syrup,Cough,140,1,0,112,Saturday,March,1
2025-08-24,S009,M105,ORS,Hydration,25,0,0,99,Sunday,August,1
2025-05-03,S008,M101,Paracetamol,Painkiller,25,1,1,133,Saturday,May,1
2025-03-29,S004,M103,Dolo 650,Painkiller,30,1,0,112,Saturday,March,1
2025-04-04,S001,M112,Cough Syrup,Cough,140,1,0,83,Friday,April,0
2025-02-09,S008,M105,ORS,Hydration,25,0,0,83,Sunday,February,1
2025-05-02,S005,M101,Paracetamol,Painkiller,25,0,0,67,Friday,May,0
2025-03-04,S003,M109,Azithromycin,Antibiotic,220,1,0,86,Tuesday,March,0
2025-09-25,S010,M104,Vitamin C,Vitamin,120,0,0,70,Thursday,September,0
2025-11-28,S010,M106,Insulin,Diabetes,550,0,0,46,Friday,November,0
2025-01-09,S005,M116,Iron Tablet,Supplement,180,0,0,59,Thursday,January,0
2025-11-19,S006,M108,Amoxicillin,Antibiotic,180,0,0,70,Wednesday,November,0
2025-05-06,S008,M110,Cetirizine,Allergy,40,1,1,104,Tuesday,May,0
2025-12-12,S008,M114,Pantoprazole,Antacid,110,0,0,65,Friday,December,0
2025-02-20,S007,M113,Digene,Antacid,60,0,0,91,Thursday,February,0
2025-12-03,S004,M103,Dolo 650,Painkiller,30,0,0,80,Wednesday,December,0
2025-10-03,S003,M107,Metformin,Diabetes,80,0,0,75,Friday,October,0
2025-09-16,S008,M106,Insulin,Diabetes,550,0,0,56,Tuesday,September,0
2025-08-30,S004,M114,Pantoprazole,Antacid,110,0,0,90,Saturday,August,1
2025-09-21,S009,M101,Paracetamol,Painkiller,25,0,0,88,Sunday,September,1
2025-07-09,S001,M114,Pantoprazole,Antacid,110,1,0,88,Wednesday,July,0
2025-10-26,S009,M114,Pantoprazole,Antacid,110,0,0,87,Sunday,October,1
2025-05-08,S002,M105,ORS,Hydration,25,0,0,84,Thursday,May,0
2025-05-20,S009,M103,Dolo 650,Painkiller,30,0,0,89,Tuesday,May,0
2025-06-05,S003,M108,Amoxicillin,Antibiotic,180,0,1,93,Thursday,June,0
2025-01-07,S001,M114,Pantoprazole,Antacid,110,0,0,78,Tuesday,January,0
2025-07-25,S010,M115,Calcium Tablet,Supplement,250,0,0,70,Friday,July,0
2025-02-18,S004,M111,Benadryl,Cough,90,0,0,61,Tuesday,February,0
2025-08-02,S009,M101,Paracetamol,Painkiller,25,0,0,101,Saturday,August,1
2025-05-16,S006,M104,Vitamin C,Vitamin,120,1,0,109,Friday,May,0
2025-05-09,S009,M111,Benadryl,Cough,90,1,0,110,Friday,May,0
2025-05-01,S003,M101,Paracetamol,Painkiller,25,0,0,81,Thursday,May,0
2025-07-05,S002,M102,Crocin,Painkiller,35,0,0,101,Saturday,July,1
2025-04-05,S005,M118,Asthma Inhaler,Respiratory,450,0,0,60,Saturday,April,1
2025-02-16,S002,M110,Cetirizine,Allergy,40,0,0,96,Sunday,February,1
2025-02-13,S010,M101,Paracetamol,Painkiller,25,0,0,75,Thursday,February,0
2025-12-31,S009,M112,Cough Syrup,Cough,140,1,1,102,Wednesday,December,0
2025-01-02,S004,M101,Paracetamol,Painkiller,25,0,0,92,Thursday,January,0
2025-10-26,S009,M112,Cough Syrup,Cough,140,0,0,83,Sunday,October,1
2025-02-23,S005,M102,Crocin,Painkiller,35,1,1,118,Sunday,February,1
2025-02-09,S010,M102,Crocin,Painkiller,35,0,0,92,Sunday,February,1
2025-04-21,S001,M112,Cough Syrup,Cough,140,0,0,77,Monday,April,0
2025-12-31,S006,M111,Benadryl,Cough,90,0,0,79,Wednesday,December,0
2025-07-24,S001,M115,Calcium Tablet,Supplement,250,0,0,61,Thursday,July,0
2025-07-09,S006,M101,Paracetamol,Painkiller,25,0,0,78,Wednesday,July,0
2025-08-07,S010,M118,Asthma Inhaler,Respiratory,450,0,0,70,Thursday,August,0
2025-05-15,S006,M117,BP Tablet,Cardiac,320,0,0,64,Thursday,May,0
2025-12-17,S010,M106,Insulin,Diabetes,550,0,0,67,Wednesday,December,0
2025-07-25,S006,M107,Metformin,Diabetes,80,0,1,103,Friday,July,0
2025-01-17,S002,M117,BP Tablet,Cardiac,320,0,0,72,Friday,January,0
2025-08-11,S008,M116,Iron Tablet,Supplement,180,0,0,72,Monday,August,0
2025-02-06,S001,M110,Cetirizine,Allergy,40,1,0,90,Thursday,February,0
2025-03-25,S010,M106,Insulin,Diabetes,550,1,0,83,Tuesday,March,0
2025-10-10,S005,M104,Vitamin C,Vitamin,120,0,0,60,Friday,October,0
2025-09-25,S003,M110,Cetirizine,Allergy,40,0,0,75,Thursday,September,0
2025-05-24,S008,M102,Crocin,Painkiller,35,1,0,101,Saturday,May,1
2025-02-24,S008,M104,Vitamin C,Vitamin,120,0,0,59,Monday,February,0
2025-02-21,S008,M114,Pantoprazole,Antacid,110,0,0,60,Friday,February,0
2025-11-01,S004,M118,Asthma Inhaler,Respiratory,450,1,0,96,Saturday,November,1
2025-08-17,S001,M104,Vitamin C,Vitamin,120,0,0,94,Sunday,August,1
2025-04-03,S001,M114,Pantoprazole,Antacid,110,0,0,81,Thursday,April,0
2025-06-27,S008,M115,Calcium Tablet,Supplement,250,0,0,77,Friday,June,0
2025-11-25,S006,M118,Asthma Inhaler,Respiratory,450,0,1,57,Tuesday,November,0
2025-07-03,S003,M109,Azithromycin,Antibiotic,220,0,0,71,Thursday,July,0
2025-05-14,S007,M103,Dolo 650,Painkiller,30,1,0,90,Wednesday,May,0
2025-05-29,S010,M109,Azithromycin,Antibiotic,220,1,1,108,Thursday,May,0
2025-05-12,S006,M105,ORS,Hydration,25,0,0,92,Monday,May,0
2025-08-15,S008,M102,Crocin,Painkiller,35,1,0,86,Friday,August,0
2025-10-31,S002,M103,Dolo 650,Painkiller,30,0,0,81,Friday,October,0
2025-05-02,S001,M113,Digene,Antacid,60,0,0,91,Friday,May,0
2025-04-08,S010,M105,ORS,Hydration,25,0,0,75,Tuesday,April,0
2025-06-13,S001,M109,Azithromycin,Antibiotic,220,1,0,77,Friday,June,0
2025-06-06,S001,M114,Pantoprazole,Antacid,110,0,0,66,Friday,June,0
2025-11-17,S009,M108,Amoxicillin,Antibiotic,180,0,0,82,Monday,November,0
2025-12-29,S009,M116,Iron Tablet,Supplement,180,0,0,76,Monday,December,0
2025-06-24,S003,M117,BP Tablet,Cardiac,320,0,0,51,Tuesday,June,0
2025-05-29,S004,M104,Vitamin C,Vitamin,120,1,0,94,Thursday,May,0
2025-09-17,S002,M116,Iron Tablet,Supplement,180,0,0,59,Wednesday,September,0
2025-02-14,S002,M108,Amoxicillin,Antibiotic,180,1,0,78,Friday,February,0
2025-12-09,S008,M101,Paracetamol,Painkiller,25,0,0,75,Tuesday,December,0
2025-11-05,S008,M113,Digene,Antacid,60,0,0,80,Wednesday,November,0
2025-09-11,S009,M101,Paracetamol,Painkiller,25,1,0,97,Thursday,September,0
2025-08-22,S010,M115,Calcium Tablet,Supplement,250,0,0,66,Friday,August,0
2025-07-30,S001,M117,BP Tablet,Cardiac,320,0,0,68,Wednesday,July,0
2025-12-22,S002,M118,Asthma Inhaler,Respiratory,450,0,0,72,Monday,December,0
2025-01-25,S007,M117,BP Tablet,Cardiac,320,0,0,72,Saturday,January,1
2025-06-26,S005,M111,Benadryl,Cough,90,0,0,87,Thursday,June,0
2025-10-17,S002,M115,Calcium Tablet,Supplement,250,1,0,100,Friday,October,0
2025-03-29,S007,M105,ORS,Hydration,25,1,0,113,Saturday,March,1
2025-10-31,S007,M117,BP Tablet,Cardiac,320,0,0,76,Friday,October,0
2025-01-02,S001,M110,Cetirizine,Allergy,40,1,1,125,Thursday,January,0
2025-11-25,S010,M101,Paracetamol,Painkiller,25,0,1,87,Tuesday,November,0
2025-03-21,S007,M105,ORS,Hydration,25,0,0,81,Friday,March,0
2025-06-03,S009,M116,Iron Tablet,Supplement,180,0,0,63,Tuesday,June,0
2025-02-25,S003,M113,Digene,Antacid,60,1,0,107,Tuesday,February,0
2025-07-30,S007,M108,Amoxicillin,Antibiotic,180,0,0,84,Wednesday,July,0
2025-10-11,S003,M105,ORS,Hydration,25,0,0,73,Saturday,October,1
2025-02-01,S003,M110,Cetirizine,Allergy,40,0,0,85,Saturday,February,1
2025-11-16,S004,M116,Iron Tablet,Supplement,180,0,0,66,Sunday,November,1
2025-01-03,S004,M118,Asthma Inhaler,Respiratory,450,1,0,67,Friday,January,0
2025-11-01,S004,M119,Eye Drops,Eye Care,160,0,0,72,Saturday,November,1
2025-09-10,S005,M102,Crocin,Painkiller,35,0,0,83,Wednesday,September,0
2025-05-14,S006,M120,Hand Sanitizer,Hygiene,90,0,0,60,Wednesday,May,0
2025-12-30,S003,M102,Crocin,Painkiller,35,0,0,93,Tuesday,December,0
2025-09-09,S010,M119,Eye Drops,Eye Care,160,0,0,76,Tuesday,September,0
2025-04-29,S006,M119,Eye Drops,Eye Care,160,0,0,60,Tuesday,April,0
2025-05-21,S006,M113,Digene,Antacid,60,0,0,72,Wednesday,May,0
2025-12-17,S001,M101,Paracetamol,Painkiller,25,1,1,120,Wednesday,December,0
2025-02-23,S007,M105,ORS,Hydration,25,0,0,76,Sunday,February,1
2025-05-01,S006,M113,Digene,Antacid,60,1,0,105,Thursday,May,0
2025-10-13,S002,M111,Benadryl,Cough,90,0,0,61,Monday,October,0
2025-05-02,S005,M104,Vitamin C,Vitamin,120,1,0,106,Friday,May,0
2025-05-15,S005,M106,Insulin,Diabetes,550,0,0,59,Thursday,May,0
2025-04-24,S007,M107,Metformin,Diabetes,80,0,0,74,Thursday,April,0
2025-03-03,S004,M117,BP Tablet,Cardiac,320,0,0,73,Monday,March,0
2025-09-04,S007,M120,Hand Sanitizer,Hygiene,90,0,0,78,Thursday,September,0
2025-02-22,S002,M113,Digene,Antacid,60,0,0,96,Saturday,February,1
2025-11-24,S005,M114,Pantoprazole,Antacid,110,0,0,62,Monday,November,0
2025-04-19,S001,M103,Dolo 650,Painkiller,30,1,0,118,Saturday,April,1
2025-10-20,S008,M111,Benadryl,Cough,90,0,0,60,Monday,October,0
2025-11-24,S005,M108,Amoxicillin,Antibiotic,180,0,0,56,Monday,November,0
2025-07-03,S001,M110,Cetirizine,Allergy,40,1,0,101,Thursday,July,0
2025-10-20,S009,M115,Calcium Tablet,Supplement,250,0,0,75,Monday,October,0
2025-07-07,S010,M115,Calcium Tablet,Supplement,250,1,0,83,Monday,July,0
2025-06-22,S008,M104,Vitamin C,Vitamin,120,0,0,79,Sunday,June,1
2025-11-27,S002,M119,Eye Drops,Eye Care,160,0,1,83,Thursday,November,0
2025-05-17,S004,M114,Pantoprazole,Antacid,110,0,0,92,Saturday,May,1
2025-05-04,S005,M120,Hand Sanitizer,Hygiene,90,0,0,82,Sunday,May,1
2025-08-09,S007,M117,BP Tablet,Cardiac,320,1,0,81,Saturday,August,1
2025-09-29,S003,M109,Azithromycin,Antibiotic,220,0,0,70,Monday,September,0
2025-01-28,S006,M118,Asthma Inhaler,Respiratory,450,0,0,61,Tuesday,January,0
2025-01-10,S010,M109,Azithromycin,Antibiotic,220,0,0,77,Friday,January,0
2025-10-19,S008,M118,Asthma Inhaler,Respiratory,450,1,0,88,Sunday,October,1
2025-06-29,S009,M109,Azithromycin,Antibiotic,220,0,0,85,Sunday,June,1
2025-06-04,S002,M115,Calcium Tablet,Supplement,250,0,0,81,Wednesday,June,0
2025-02-20,S003,M104,Vitamin C,Vitamin,120,0,0,80,Thursday,February,0
2025-07-01,S009,M103,Dolo 650,Painkiller,30,0,1,82,Tuesday,July,0
2025-03-03,S004,M109,Azithromycin,Antibiotic,220,1,0,74,Monday,March,0
2025-08-04,S010,M102,Crocin,Painkiller,35,0,0,64,Monday,August,0
2025-03-20,S005,M106,Insulin,Diabetes,550,0,0,49,Thursday,March,0
2025-01-11,S010,M105,ORS,Hydration,25,0,0,80,Saturday,January,1
2025-06-23,S010,M101,Paracetamol,Painkiller,25,0,0,81,Monday,June,0
2025-10-03,S002,M104,Vitamin C,Vitamin,120,0,1,104,Friday,October,0
2025-03-06,S007,M101,Paracetamol,Painkiller,25,0,0,77,Thursday,March,0
2025-02-28,S008,M118,Asthma Inhaler,Respiratory,450,1,0,66,Friday,February,0
2025-04-20,S010,M113,Digene,Antacid,60,1,0,92,Sunday,April,1
2025-01-14,S003,M116,Iron Tablet,Supplement,180,1,0,81,Tuesday,January,0
2025-01-02,S010,M119,Eye Drops,Eye Care,160,0,0,62,Thursday,January,0
2025-07-29,S003,M107,Metformin,Diabetes,80,0,0,64,Tuesday,July,0
2025-07-07,S009,M102,Crocin,Painkiller,35,0,0,91,Monday,July,0
2025-05-18,S008,M109,Azithromycin,Antibiotic,220,0,0,77,Sunday,May,1
2025-10-17,S004,M110,Cetirizine,Allergy,40,0,0,75,Friday,October,0
2025-04-01,S010,M108,Amoxicillin,Antibiotic,180,1,0,106,Tuesday,April,0
2025-09-06,S005,M112,Cough Syrup,Cough,140,0,1,107,Saturday,September,1
2025-09-24,S002,M118,Asthma Inhaler,Respiratory,450,0,0,49,Wednesday,September,0
2025-07-18,S001,M105,ORS,Hydration,25,1,0,103,Friday,July,0
2025-07-11,S003,M118,Asthma Inhaler,Respiratory,450,0,0,50,Friday,July,0
2025-06-26,S001,M120,Hand Sanitizer,Hygiene,90,1,1,113,Thursday,June,0
2025-05-29,S005,M120,Hand Sanitizer,Hygiene,90,1,0,83,Thursday,May,0
2025-09-11,S001,M109,Azithromycin,Antibiotic,220,0,0,84,Thursday,September,0
2025-07-24,S009,M109,Azithromycin,Antibiotic,220,1,0,90,Thursday,July,0
2025-06-22,S004,M115,Calcium Tablet,Supplement,250,0,0,78,Sunday,June,1
2025-12-16,S004,M118,Asthma Inhaler,Respiratory,450,0,0,48,Tuesday,December,0
2025-12-18,S005,M105,ORS,Hydration,25,0,0,68,Thursday,December,0
2025-10-12,S010,M107,Metformin,Diabetes,80,1,0,117,Sunday,October,1
2025-11-18,S004,M105,ORS,Hydration,25,0,1,80,Tuesday,November,0
2025-11-13,S009,M109,Azithromycin,Antibiotic,220,0,0,68,Thursday,November,0
2025-04-23,S004,M111,Benadryl,Cough,90,0,0,87,Wednesday,April,0
2025-07-01,S002,M118,Asthma Inhaler,Respiratory,450,0,0,45,Tuesday,July,0
2025-05-30,S006,M115,Calcium Tablet,Supplement,250,0,0,60,Friday,May,0
2025-08-23,S003,M107,Metformin,Diabetes,80,0,0,79,Saturday,August,1
2025-08-05,S009,M108,Amoxicillin,Antibiotic,180,0,0,76,Tuesday,August,0
2025-03-27,S001,M105,ORS,Hydration,25,1,0,107,Thursday,March,0
2025-02-21,S010,M117,BP Tablet,Cardiac,320,1,0,74,Friday,February,0
2025-02-06,S003,M106,Insulin,Diabetes,550,0,0,37,Thursday,February,0
2025-11-16,S006,M109,Azithromycin,Antibiotic,220,0,0,90,Sunday,November,1
2025-06-06,S008,M116,Iron Tablet,Supplement,180,1,0,81,Friday,June,0
2025-03-03,S008,M106,Insulin,Diabetes,550,0,0,45,Monday,March,0
2025-08-02,S004,M118,Asthma Inhaler,Respiratory,450,0,0,60,Saturday,August,1
2025-07-04,S007,M108,Amoxicillin,Antibiotic,180,0,0,66,Friday,July,0
2025-08-25,S002,M110,Cetirizine,Allergy,40,0,0,76,Monday,August,0
2025-02-02,S006,M114,Pantoprazole,Antacid,110,0,0,77,Sunday,February,1
2025-01-23,S005,M104,Vitamin C,Vitamin,120,0,0,75,Thursday,January,0
2025-11-29,S009,M107,Metformin,Diabetes,80,0,0,71,Saturday,November,1
2025-05-19,S002,M104,Vitamin C,Vitamin,120,0,0,59,Monday,May,0
2025-08-10,S003,M118,Asthma Inhaler,Respiratory,450,0,0,65,Sunday,August,1
2025-05-14,S006,M107,Metformin,Diabetes,80,0,0,67,Wednesday,May,0
2025-09-07,S009,M119,Eye Drops,Eye Care,160,0,0,76,Sunday,September,1
2025-04-03,S007,M106,Insulin,Diabetes,550,1,0,75,Thursday,April,0
2025-10-15,S009,M106,Insulin,Diabetes,550,1,1,85,Wednesday,October,0
2025-10-26,S003,M119,Eye Drops,Eye Care,160,0,0,96,Sunday,October,1
2025-06-25,S002,M116,Iron Tablet,Supplement,180,0,0,60,Wednesday,June,0
2025-09-03,S009,M105,ORS,Hydration,25,0,1,92,Wednesday,September,0
2025-06-02,S010,M106,Insulin,Diabetes,550,0,0,58,Monday,June,0
2025-07-29,S005,M118,Asthma Inhaler,Respiratory,450,0,0,66,Tuesday,July,0
2025-04-15,S008,M117,BP Tablet,Cardiac,320,1,1,84,Tuesday,April,0
2025-11-08,S002,M103,Dolo 650,Painkiller,30,1,0,116,Saturday,November,1
2025-04-11,S006,M118,Asthma Inhaler,Respiratory,450,1,0,85,Friday,April,0
2025-11-27,S006,M115,Calcium Tablet,Supplement,250,1,1,113,Thursday,November,0
2025-02-27,S006,M119,Eye Drops,Eye Care,160,0,0,62,Thursday,February,0
2025-08-27,S010,M101,Paracetamol,Painkiller,25,0,0,64,Wednesday,August,0
2025-08-21,S001,M108,Amoxicillin,Antibiotic,180,0,0,80,Thursday,August,0
2025-05-28,S009,M102,Crocin,Painkiller,35,1,0,104,Wednesday,May,0
2025-10-14,S001,M106,Insulin,Diabetes,550,0,0,48,Tuesday,October,0
2025-02-04,S010,M103,Dolo 650,Painkiller,30,1,0,83,Tuesday,February,0
2025-03-11,S002,M113,Digene,Antacid,60,0,0,68,Tuesday,March,0
2025-12-01,S004,M110,Cetirizine,Allergy,40,0,0,74,Monday,December,0
2025-06-29,S004,M104,Vitamin C,Vitamin,120,0,0,89,Sunday,June,1
2025-03-25,S010,M115,Calcium Tablet,Supplement,250,0,0,70,Tuesday,March,0
2025-08-15,S001,M111,Benadryl,Cough,90,0,1,78,Friday,August,0
2025-04-06,S004,M102,Crocin,Painkiller,35,1,1,127,Sunday,April,1
2025-06-26,S009,M103,Dolo 650,Painkiller,30,0,0,75,Thursday,June,0
2025-11-16,S006,M106,Insulin,Diabetes,550,0,0,69,Sunday,November,1
2025-03-18,S005,M109,Azithromycin,Antibiotic,220,0,0,70,Tuesday,March,0
2025-06-29,S003,M116,Iron Tablet,Supplement,180,0,0,75,Sunday,June,1
2025-04-12,S004,M117,BP Tablet,Cardiac,320,0,0,89,Saturday,April,1
2025-09-05,S010,M103,Dolo 650,Painkiller,30,1,0,95,Friday,September,0
2025-01-31,S006,M112,Cough Syrup,Cough,140,0,0,64,Friday,January,0
2025-03-09,S003,M101,Paracetamol,Painkiller,25,0,0,91,Sunday,March,1
2025-07-21,S005,M108,Amoxicillin,Antibiotic,180,1,1,104,Monday,July,0
2025-09-30,S004,M118,Asthma Inhaler,Respiratory,450,0,0,53,Tuesday,September,0
2025-01-21,S007,M111,Benadryl,Cough,90,0,0,76,Tuesday,January,0
2025-01-26,S005,M113,Digene,Antacid,60,0,0,74,Sunday,January,1
2025-09-15,S005,M109,Azithromycin,Antibiotic,220,1,0,76,Monday,September,0
2025-07-07,S008,M112,Cough Syrup,Cough,140,0,0,67,Monday,July,0
2025-07-20,S010,M114,Pantoprazole,Antacid,110,1,0,107,Sunday,July,1
2025-12-22,S001,M110,Cetirizine,Allergy,40,0,0,64,Monday,December,0
2025-10-25,S006,M104,Vitamin C,Vitamin,120,1,0,119,Saturday,October,1
2025-10-07,S007,M112,Cough Syrup,Cough,140,0,0,69,Tuesday,October,0
2025-12-14,S004,M104,Vitamin C,Vitamin,120,0,0,86,Sunday,December,1
2025-12-02,S007,M111,Benadryl,Cough,90,1,0,104,Tuesday,December,0
2025-03-11,S001,M107,Metformin,Diabetes,80,1,0,91,Tuesday,March,0
2025-05-28,S008,M120,Hand Sanitizer,Hygiene,90,0,0,60,Wednesday,May,0
2025-09-21,S001,M109,Azithromycin,Antibiotic,220,0,0,87,Sunday,September,1
2025-12-15,S003,M102,Crocin,Painkiller,35,0,0,66,Monday,December,0
2025-05-31,S007,M106,Insulin,Diabetes,550,0,0,62,Saturday,May,1
2025-05-29,S007,M112,Cough Syrup,Cough,140,1,0,80,Thursday,May,0
2025-10-13,S006,M113,Digene,Antacid,60,0,0,75,Monday,October,0
2025-05-10,S004,M106,Insulin,Diabetes,550,0,0,64,Saturday,May,1
2025-12-31,S008,M113,Digene,Antacid,60,0,1,102,Wednesday,December,0
2025-11-18,S006,M107,Metformin,Diabetes,80,0,0,80,Tuesday,November,0
2025-07-13,S002,M118,Asthma Inhaler,Respiratory,450,1,1,112,Sunday,July,1
2025-12-02,S007,M102,Crocin,Painkiller,35,0,0,87,Tuesday,December,0
2025-11-12,S010,M120,Hand Sanitizer,Hygiene,90,1,0,96,Wednesday,November,0
2025-02-23,S006,M103,Dolo 650,Painkiller,30,0,0,91,Sunday,February,1
2025-12-11,S005,M107,Metformin,Diabetes,80,0,0,78,Thursday,December,0
2025-12-03,S008,M111,Benadryl,Cough,90,0,0,85,Wednesday,December,0
2025-04-17,S002,M118,Asthma Inhaler,Respiratory,450,0,1,86,Thursday,April,0
2025-11-06,S006,M118,Asthma Inhaler,Respiratory,450,1,1,105,Thursday,November,0
2025-10-15,S007,M118,Asthma Inhaler,Respiratory,450,0,1,87,Wednesday,October,0
2025-10-16,S007,M110,Cetirizine,Allergy,40,0,0,85,Thursday,October,0
2025-02-02,S009,M117,BP Tablet,Cardiac,320,0,0,59,Sunday,February,1
2025-01-11,S003,M111,Benadryl,Cough,90,0,0,87,Saturday,January,1
2025-04-22,S010,M103,Dolo 650,Painkiller,30,1,0,107,Tuesday,April,0
2025-07-05,S010,M108,Amoxicillin,Antibiotic,180,0,0,68,Saturday,July,1
2025-10-10,S006,M113,Digene,Antacid,60,0,0,71,Friday,October,0
2025-07-01,S005,M108,Amoxicillin,Antibiotic,180,0,0,71,Tuesday,July,0
2025-02-13,S001,M105,ORS,Hydration,25,0,0,67,Thursday,February,0
2025-02-20,S010,M116,Iron Tablet,Supplement,180,0,0,70,Thursday,February,0
2025-02-10,S009,M115,Calcium Tablet,Supplement,250,0,1,93,Monday,February,0
2025-05-14,S003,M103,Dolo 650,Painkiller,30,0,1,95,Wednesday,May,0
2025-02-09,S010,M111,Benadryl,Cough,90,0,0,82,Sunday,February,1
2025-07-04,S010,M116,Iron Tablet,Supplement,180,0,0,85,Friday,July,0
2025-04-29,S001,M110,Cetirizine,Allergy,40,0,0,65,Tuesday,April,0
2025-03-25,S003,M109,Azithromycin,Antibiotic,220,0,0,56,Tuesday,March,0
2025-09-12,S005,M106,Insulin,Diabetes,550,0,0,48,Friday,September,0
2025-04-28,S003,M106,Insulin,Diabetes,550,0,0,55,Monday,April,0
2025-09-29,S010,M119,Eye Drops,Eye Care,160,0,0,81,Monday,September,0
2025-07-16,S003,M119,Eye Drops,Eye Care,160,0,0,87,Wednesday,July,0
2025-01-18,S009,M120,Hand Sanitizer,Hygiene,90,0,0,81,Saturday,January,1
2025-03-15,S008,M115,Calcium Tablet,Supplement,250,1,0,110,Saturday,March,1
2025-03-05,S006,M114,Pantoprazole,Antacid,110,0,0,66,Wednesday,March,0
2025-02-23,S008,M104,Vitamin C,Vitamin,120,0,0,85,Sunday,February,1
2025-09-25,S003,M104,Vitamin C,Vitamin,120,0,0,67,Thursday,September,0
2025-04-07,S006,M110,Cetirizine,Allergy,40,0,1,107,Monday,April,0
2025-10-25,S010,M106,Insulin,Diabetes,550,1,0,80,Saturday,October,1
2025-06-17,S009,M102,Crocin,Painkiller,35,1,0,87,Tuesday,June,0
2025-01-11,S004,M109,Azithromycin,Antibiotic,220,1,0,114,Saturday,January,1
2025-02-13,S007,M108,Amoxicillin,Antibiotic,180,0,0,68,Thursday,February,0
2025-09-18,S003,M103,Dolo 650,Painkiller,30,0,0,82,Thursday,September,0
2025-09-03,S007,M115,Calcium Tablet,Supplement,250,0,0,61,Wednesday,September,0
2025-08-28,S005,M106,Insulin,Diabetes,550,0,0,62,Thursday,August,0
2025-03-20,S008,M108,Amoxicillin,Antibiotic,180,1,0,84,Thursday,March,0
2025-11-23,S003,M102,Crocin,Painkiller,35,1,0,107,Sunday,November,1
2025-03-23,S008,M107,Metformin,Diabetes,80,1,0,101,Sunday,March,1
2025-09-27,S008,M115,Calcium Tablet,Supplement,250,0,1,93,Saturday,September,1
2025-11-01,S004,M110,Cetirizine,Allergy,40,0,0,97,Saturday,November,1
2025-03-05,S007,M105,ORS,Hydration,25,0,0,87,Wednesday,March,0
2025-01-16,S002,M112,Cough Syrup,Cough,140,1,0,104,Thursday,January,0
2025-02-03,S010,M101,Paracetamol,Painkiller,25,0,0,87,Monday,February,0
2025-11-05,S004,M118,Asthma Inhaler,Respiratory,450,0,0,43,Wednesday,November,0
2025-01-10,S003,M101,Paracetamol,Painkiller,25,1,0,109,Friday,January,0
2025-10-31,S008,M104,Vitamin C,Vitamin,120,1,0,85,Friday,October,0
2025-02-18,S006,M117,BP Tablet,Cardiac,320,1,0,70,Tuesday,February,0
2025-11-03,S008,M115,Calcium Tablet,Supplement,250,0,0,59,Monday,November,0
2025-03-25,S005,M118,Asthma Inhaler,Respiratory,450,0,0,43,Tuesday,March,0
2025-01-27,S009,M118,Asthma Inhaler,Respiratory,450,1,0,92,Monday,January,0
2025-01-02,S005,M117,BP Tablet,Cardiac,320,0,0,52,Thursday,January,0
2025-04-18,S001,M104,Vitamin C,Vitamin,120,1,0,109,Friday,April,0
2025-04-30,S003,M116,Iron Tablet,Supplement,180,0,0,81,Wednesday,April,0
2025-12-22,S005,M111,Benadryl,Cough,90,1,0,83,Monday,December,0
2025-06-23,S005,M108,Amoxicillin,Antibiotic,180,0,0,60,Monday,June,0
2025-01-30,S008,M114,Pantoprazole,Antacid,110,1,0,91,Thursday,January,0
2025-10-24,S008,M104,Vitamin C,Vitamin,120,1,0,80,Friday,October,0
2025-08-31,S001,M118,Asthma Inhaler,Respiratory,450,1,0,72,Sunday,August,1
2025-11-07,S006,M109,Azithromycin,Antibiotic,220,0,0,73,Friday,November,0
2025-08-31,S004,M110,Cetirizine,Allergy,40,0,0,82,Sunday,August,1
2025-02-25,S004,M113,Digene,Antacid,60,0,0,62,Tuesday,February,0
2025-12-17,S008,M103,Dolo 650,Painkiller,30,0,0,72,Wednesday,December,0
2025-08-03,S009,M108,Amoxicillin,Antibiotic,180,0,1,99,Sunday,August,1
2025-04-13,S002,M105,ORS,Hydration,25,1,0,107,Sunday,April,1
2025-12-16,S009,M112,Cough Syrup,Cough,140,0,1,88,Tuesday,December,0
2025-01-24,S002,M109,Azithromycin,Antibiotic,220,0,0,71,Friday,January,0
2025-11-19,S010,M111,Benadryl,Cough,90,1,0,96,Wednesday,November,0
2025-03-03,S004,M107,Metformin,Diabetes,80,0,0,80,Monday,March,0
2025-03-11,S010,M108,Amoxicillin,Antibiotic,180,0,0,74,Tuesday,March,0
2025-04-19,S006,M109,Azithromycin,Antibiotic,220,1,0,89,Saturday,April,1
2025-11-12,S006,M102,Crocin,Painkiller,35,0,0,84,Wednesday,November,0
2025-03-04,S006,M103,Dolo 650,Painkiller,30,1,0,106,Tuesday,March,0
2025-07-15,S007,M111,Benadryl,Cough,90,1,0,106,Tuesday,July,0
2025-03-27,S002,M114,Pantoprazole,Antacid,110,0,0,71,Thursday,March,0
2025-10-30,S001,M111,Benadryl,Cough,90,0,0,65,Thursday,October,0
2025-10-28,S005,M116,Iron Tablet,Supplement,180,0,0,75,Tuesday,October,0
2025-07-02,S005,M114,Pantoprazole,Antacid,110,1,0,95,Wednesday,July,0
2025-04-04,S008,M111,Benadryl,Cough,90,0,0,77,Friday,April,0
2025-11-30,S005,M108,Amoxicillin,Antibiotic,180,0,0,76,Sunday,November,1
2025-07-21,S003,M113,Digene,Antacid,60,0,1,98,Monday,July,0
2025-09-15,S007,M101,Paracetamol,Painkiller,25,1,1,100,Monday,September,0
2025-04-03,S009,M110,Cetirizine,Allergy,40,0,0,81,Thursday,April,0
2025-06-18,S003,M109,Azithromycin,Antibiotic,220,1,0,82,Wednesday,June,0
2025-12-03,S009,M112,Cough Syrup,Cough,140,0,0,64,Wednesday,December,0
2025-10-25,S006,M119,Eye Drops,Eye Care,160,0,0,96,Saturday,October,1
2025-11-27,S004,M119,Eye Drops,Eye Care,160,0,0,58,Thursday,November,0
2025-09-24,S010,M109,Azithromycin,Antibiotic,220,1,0,75,Wednesday,September,0
2025-04-01,S002,M104,Vitamin C,Vitamin,120,0,0,60,Tuesday,April,0
2025-03-11,S003,M110,Cetirizine,Allergy,40,1,0,92,Tuesday,March,0
2025-10-26,S008,M106,Insulin,Diabetes,550,0,0,68,Sunday,October,1
2025-04-05,S005,M105,ORS,Hydration,25,1,0,114,Saturday,April,1
2025-12-10,S010,M118,Asthma Inhaler,Respiratory,450,0,0,44,Wednesday,December,0
2025-08-12,S003,M109,Azithromycin,Antibiotic,220,0,0,56,Tuesday,August,0
2025-04-27,S007,M117,BP Tablet,Cardiac,320,0,0,88,Sunday,April,1
2025-05-16,S001,M106,Insulin,Diabetes,550,1,0,69,Friday,May,0
2025-02-07,S007,M105,ORS,Hydration,25,0,0,67,Friday,February,0
2025-08-20,S005,M116,Iron Tablet,Supplement,180,1,1,113,Wednesday,August,0
2025-09-17,S004,M118,Asthma Inhaler,Respiratory,450,0,0,55,Wednesday,September,0
2025-08-28,S001,M102,Crocin,Painkiller,35,0,0,68,Thursday,August,0
2025-08-07,S007,M102,Crocin,Painkiller,35,0,0,77,Thursday,August,0
2025-03-01,S005,M103,Dolo 650,Painkiller,30,0,0,92,Saturday,March,1
2025-02-09,S002,M119,Eye Drops,Eye Care,160,0,0,72,Sunday,February,1
2025-01-07,S010,M110,Cetirizine,Allergy,40,1,0,112,Tuesday,January,0
2025-12-18,S007,M120,Hand Sanitizer,Hygiene,90,1,0,99,Thursday,December,0
2025-09-12,S008,M113,Digene,Antacid,60,0,0,91,Friday,September,0
2025-06-21,S009,M117,BP Tablet,Cardiac,320,0,0,68,Saturday,June,1
2025-01-21,S006,M110,Cetirizine,Allergy,40,0,0,83,Tuesday,January,0
2025-08-25,S008,M112,Cough Syrup,Cough,140,0,0,71,Monday,August,0
2025-04-04,S005,M102,Crocin,Painkiller,35,0,0,88,Friday,April,0
2025-04-01,S004,M103,Dolo 650,Painkiller,30,0,1,84,Tuesday,April,0
2025-02-27,S008,M103,Dolo 650,Painkiller,30,0,0,82,Thursday,February,0
2025-02-25,S008,M111,Benadryl,Cough,90,1,0,103,Tuesday,February,0
2025-06-02,S010,M117,BP Tablet,Cardiac,320,0,0,67,Monday,June,0
2025-02-13,S004,M102,Crocin,Painkiller,35,1,0,96,Thursday,February,0
2025-02-11,S008,M105,ORS,Hydration,25,0,1,105,Tuesday,February,0
2025-04-19,S009,M101,Paracetamol,Painkiller,25,0,0,87,Saturday,April,1
2025-01-10,S003,M107,Metformin,Diabetes,80,0,0,83,Friday,January,0
2025-08-28,S003,M110,Cetirizine,Allergy,40,0,1,87,Thursday,August,0
2025-06-19,S006,M119,Eye Drops,Eye Care,160,0,0,59,Thursday,June,0
2025-02-24,S008,M109,Azithromycin,Antibiotic,220,0,0,67,Monday,February,0
2025-01-10,S003,M118,Asthma Inhaler,Respiratory,450,0,0,60,Friday,January,0
2025-08-05,S009,M111,Benadryl,Cough,90,0,0,76,Tuesday,August,0
2025-02-14,S005,M103,Dolo 650,Painkiller,30,0,0,76,Friday,February,0
2025-09-17,S007,M114,Pantoprazole,Antacid,110,0,0,63,Wednesday,September,0
2025-04-23,S006,M115,Calcium Tablet,Supplement,250,0,0,64,Wednesday,April,0
2025-09-06,S010,M107,Metformin,Diabetes,80,0,1,98,Saturday,September,1
2025-03-29,S007,M107,Metformin,Diabetes,80,0,0,73,Saturday,March,1
2025-01-01,S003,M118,Asthma Inhaler,Respiratory,450,0,1,71,Wednesday,January,0
2025-04-09,S007,M101,Paracetamol,Painkiller,25,0,0,91,Wednesday,April,0
2025-12-05,S003,M112,Cough Syrup,Cough,140,1,1,98,Friday,December,0
2025-09-20,S006,M110,Cetirizine,Allergy,40,0,0,86,Saturday,September,1
2025-11-10,S006,M104,Vitamin C,Vitamin,120,0,0,67,Monday,November,0
2025-05-25,S009,M108,Amoxicillin,Antibiotic,180,1,0,108,Sunday,May,1
2025-06-20,S006,M120,Hand Sanitizer,Hygiene,90,0,0,62,Friday,June,0
2025-04-03,S003,M120,Hand Sanitizer,Hygiene,90,0,0,89,Thursday,April,0
2025-10-22,S009,M114,Pantoprazole,Antacid,110,0,0,83,Wednesday,October,0
2025-05-04,S007,M120,Hand Sanitizer,Hygiene,90,1,0,101,Sunday,May,1
2025-04-06,S001,M110,Cetirizine,Allergy,40,0,0,95,Sunday,April,1
2025-01-20,S009,M109,Azithromycin,Antibiotic,220,0,0,77,Monday,January,0
2025-06-05,S005,M103,Dolo 650,Painkiller,30,0,0,88,Thursday,June,0
2025-11-25,S005,M113,Digene,Antacid,60,1,0,108,Tuesday,November,0
2025-08-28,S001,M105,ORS,Hydration,25,0,0,79,Thursday,August,0
2025-10-12,S009,M111,Benadryl,Cough,90,0,0,99,Sunday,October,1
2025-11-14,S007,M117,BP Tablet,Cardiac,320,0,0,76,Friday,November,0
2025-08-30,S003,M107,Metformin,Diabetes,80,0,0,94,Saturday,August,1
2025-08-26,S009,M102,Crocin,Painkiller,35,0,0,87,Tuesday,August,0
2025-11-11,S003,M120,Hand Sanitizer,Hygiene,90,0,0,67,Tuesday,November,0
2025-10-10,S005,M114,Pantoprazole,Antacid,110,1,0,82,Friday,October,0
2025-01-26,S002,M103,Dolo 650,Painkiller,30,0,0,73,Sunday,January,1
2025-01-20,S005,M116,Iron Tablet,Supplement,180,0,0,59,Monday,January,0
2025-06-13,S007,M105,ORS,Hydration,25,0,0,70,Friday,June,0
2025-09-12,S001,M119,Eye Drops,Eye Care,160,0,1,90,Friday,September,0
2025-10-30,S008,M120,Hand Sanitizer,Hygiene,90,0,0,74,Thursday,October,0
2025-02-25,S005,M119,Eye Drops,Eye Care,160,1,0,96,Tuesday,February,0
2025-06-16,S002,M111,Benadryl,Cough,90,0,1,93,Monday,June,0
2025-02-17,S008,M114,Pantoprazole,Antacid,110,1,0,87,Monday,February,0
2025-11-16,S010,M104,Vitamin C,Vitamin,120,0,0,70,Sunday,November,1
2025-02-06,S010,M107,Metformin,Diabetes,80,1,0,83,Thursday,February,0
2025-02-20,S008,M103,Dolo 650,Painkiller,30,0,0,85,Thursday,February,0
2025-01-05,S008,M119,Eye Drops,Eye Care,160,1,0,91,Sunday,January,1
2025-10-28,S001,M115,Calcium Tablet,Supplement,250,0,0,53,Tuesday,October,0
2025-01-13,S007,M116,Iron Tablet,Supplement,180,0,0,56,Monday,January,0
2025-05-20,S010,M109,Azithromycin,Antibiotic,220,0,0,70,Tuesday,May,0
2025-08-19,S002,M102,Crocin,Painkiller,35,1,0,95,Tuesday,August,0
2025-12-16,S005,M120,Hand Sanitizer,Hygiene,90,0,0,68,Tuesday,December,0
2025-08-29,S008,M109,Azithromycin,Antibiotic,220,0,0,83,Friday,August,0
2025-11-22,S004,M108,Amoxicillin,Antibiotic,180,0,1,92,Saturday,November,1
2025-01-09,S006,M108,Amoxicillin,Antibiotic,180,0,0,68,Thursday,January,0
2025-04-26,S001,M114,Pantoprazole,Antacid,110,1,0,89,Saturday,April,1
2025-11-26,S009,M106,Insulin,Diabetes,550,1,0,66,Wednesday,November,0
2025-12-17,S002,M108,Amoxicillin,Antibiotic,180,0,0,82,Wednesday,December,0
2025-04-10,S004,M111,Benadryl,Cough,90,1,0,86,Thursday,April,0
2025-09-10,S002,M107,Metformin,Diabetes,80,1,0,89,Wednesday,September,0
2025-05-06,S002,M118,Asthma Inhaler,Respiratory,450,1,0,63,Tuesday,May,0
2025-01-10,S004,M108,Amoxicillin,Antibiotic,180,0,0,75,Friday,January,0
2025-07-16,S006,M116,Iron Tablet,Supplement,180,0,0,81,Wednesday,July,0
2025-02-21,S002,M101,Paracetamol,Painkiller,25,0,0,84,Friday,February,0
2025-08-27,S010,M106,Insulin,Diabetes,550,0,0,54,Wednesday,August,0
2025-06-06,S005,M108,Amoxicillin,Antibiotic,180,0,0,59,Friday,June,0
2025-12-01,S006,M103,Dolo 650,Painkiller,30,0,0,77,Monday,December,0
2025-02-27,S001,M107,Metformin,Diabetes,80,1,0,88,Thursday,February,0
2025-06-20,S001,M101,Paracetamol,Painkiller,25,1,1,104,Friday,June,0
2025-03-23,S010,M103,Dolo 650,Painkiller,30,0,0,91,Sunday,March,1
2025-11-22,S006,M114,Pantoprazole,Antacid,110,0,0,85,Saturday,November,1
2025-05-22,S006,M101,Paracetamol,Painkiller,25,0,0,79,Thursday,May,0
2025-10-04,S005,M119,Eye Drops,Eye Care,160,1,0,112,Saturday,October,1
2025-03-03,S008,M108,Amoxicillin,Antibiotic,180,0,0,60,Monday,March,0
2025-11-17,S004,M108,Amoxicillin,Antibiotic,180,0,0,74,Monday,November,0
2025-03-24,S001,M120,Hand Sanitizer,Hygiene,90,0,0,69,Monday,March,0
2025-06-29,S009,M117,BP Tablet,Cardiac,320,0,0,67,Sunday,June,1
2025-06-21,S009,M112,Cough Syrup,Cough,140,0,0,93,Saturday,June,1
2025-02-10,S010,M114,Pantoprazole,Antacid,110,0,0,83,Monday,February,0
2025-08-22,S010,M116,Iron Tablet,Supplement,180,1,1,111,Friday,August,0
2025-03-05,S009,M105,ORS,Hydration,25,1,0,108,Wednesday,March,0
2025-02-14,S002,M111,Benadryl,Cough,90,0,0,80,Friday,February,0
2025-05-26,S003,M120,Hand Sanitizer,Hygiene,90,1,0,82,Monday,May,0
2025-07-06,S002,M104,Vitamin C,Vitamin,120,0,0,69,Sunday,July,1
2025-02-08,S006,M107,Metformin,Diabetes,80,0,0,87,Saturday,February,1
2025-03-01,S010,M109,Azithromycin,Antibiotic,220,1,0,101,Saturday,March,1
2025-06-06,S004,M116,Iron Tablet,Supplement,180,0,0,66,Friday,June,0
2025-11-28,S003,M105,ORS,Hydration,25,0,0,69,Friday,November,0
2025-04-18,S006,M116,Iron Tablet,Supplement,180,0,0,78,Friday,April,0
2025-03-23,S009,M104,Vitamin C,Vitamin,120,0,0,92,Sunday,March,1
2025-11-06,S005,M110,Cetirizine,Allergy,40,1,0,108,Thursday,November,0
2025-07-24,S008,M116,Iron Tablet,Supplement,180,0,0,63,Thursday,July,0
2025-03-07,S008,M111,Benadryl,Cough,90,0,0,67,Friday,March,0
2025-07-03,S003,M103,Dolo 650,Painkiller,30,1,0,101,Thursday,July,0
2025-01-08,S007,M104,Vitamin C,Vitamin,120,0,0,82,Wednesday,January,0
2025-07-10,S009,M111,Benadryl,Cough,90,0,0,77,Thursday,July,0
2025-02-23,S003,M116,Iron Tablet,Supplement,180,0,0,66,Sunday,February,1
2025-07-18,S004,M112,Cough Syrup,Cough,140,0,1,90,Friday,July,0
2025-02-06,S010,M106,Insulin,Diabetes,550,0,1,55,Thursday,February,0
2025-08-07,S009,M110,Cetirizine,Allergy,40,1,0,108,Thursday,August,0
2025-04-23,S009,M102,Crocin,Painkiller,35,0,1,98,Wednesday,April,0
2025-03-13,S010,M120,Hand Sanitizer,Hygiene,90,1,0,87,Thursday,March,0
2025-04-11,S010,M102,Crocin,Painkiller,35,0,0,71,Friday,April,0
2025-03-06,S010,M108,Amoxicillin,Antibiotic,180,0,0,61,Thursday,March,0
2025-09-21,S009,M115,Calcium Tablet,Supplement,250,1,0,92,Sunday,September,1
2025-10-21,S005,M116,Iron Tablet,Supplement,180,1,0,78,Tuesday,October,0
2025-11-26,S006,M118,Asthma Inhaler,Respiratory,450,1,0,83,Wednesday,November,0
2025-12-24,S009,M117,BP Tablet,Cardiac,320,1,0,71,Wednesday,December,0
2025-06-08,S003,M102,Crocin,Painkiller,35,0,0,77,Sunday,June,1
2025-12-29,S008,M107,Metformin,Diabetes,80,0,0,83,Monday,December,0
2025-05-14,S006,M117,BP Tablet,Cardiac,320,0,0,63,Wednesday,May,0
2025-11-23,S008,M109,Azithromycin,Antibiotic,220,0,0,88,Sunday,November,1
2025-11-27,S001,M117,BP Tablet,Cardiac,320,1,0,76,Thursday,November,0
2025-08-20,S007,M104,Vitamin C,Vitamin,120,0,0,72,Wednesday,August,0
2025-01-15,S003,M105,ORS,Hydration,25,0,0,78,Wednesday,January,0
2025-12-04,S006,M119,Eye Drops,Eye Care,160,1,0,94,Thursday,December,0
2025-12-05,S004,M101,Paracetamol,Painkiller,25,1,0,111,Friday,December,0
2025-12-01,S004,M109,Azithromycin,Antibiotic,220,0,0,77,Monday,December,0
2025-09-30,S004,M120,Hand Sanitizer,Hygiene,90,0,0,90,Tuesday,September,0
2025-02-23,S010,M102,Crocin,Painkiller,35,0,0,78,Sunday,February,1
2025-12-26,S008,M110,Cetirizine,Allergy,40,1,0,101,Friday,December,0
2025-10-10,S003,M104,Vitamin C,Vitamin,120,0,0,83,Friday,October,0
2025-05-22,S002,M116,Iron Tablet,Supplement,180,0,0,60,Thursday,May,0
2025-10-26,S001,M107,Metformin,Diabetes,80,0,0,73,Sunday,October,1
2025-08-06,S003,M108,Amoxicillin,Antibiotic,180,1,0,99,Wednesday,August,0
2025-11-29,S004,M105,ORS,Hydration,25,0,0,81,Saturday,November,1
2025-07-11,S007,M111,Benadryl,Cough,90,0,0,89,Friday,July,0
2025-03-29,S008,M103,Dolo 650,Painkiller,30,0,0,97,Saturday,March,1
2025-06-19,S001,M104,Vitamin C,Vitamin,120,0,0,79,Thursday,June,0
2025-12-15,S007,M107,Metformin,Diabetes,80,1,0,94,Monday,December,0
2025-02-11,S007,M116,Iron Tablet,Supplement,180,0,0,63,Tuesday,February,0
2025-08-10,S001,M120,Hand Sanitizer,Hygiene,90,0,0,73,Sunday,August,1
2025-03-01,S005,M103,Dolo 650,Painkiller,30,1,0,118,Saturday,March,1
2025-09-06,S008,M113,Digene,Antacid,60,0,0,76,Saturday,September,1
2025-08-01,S004,M110,Cetirizine,Allergy,40,1,0,100,Friday,August,0
2025-10-16,S007,M108,Amoxicillin,Antibiotic,180,1,0,76,Thursday,October,0
2025-08-22,S001,M105,ORS,Hydration,25,1,0,103,Friday,August,0
2025-01-30,S004,M116,Iron Tablet,Supplement,180,1,0,88,Thursday,January,0
2025-06-12,S010,M110,Cetirizine,Allergy,40,1,0,87,Thursday,June,0
2025-02-18,S009,M109,Azithromycin,Antibiotic,220,0,0,55,Tuesday,February,0
2025-02-04,S007,M102,Crocin,Painkiller,35,0,0,92,Tuesday,February,0
2025-04-26,S001,M117,BP Tablet,Cardiac,320,0,0,69,Saturday,April,1
2025-01-30,S001,M104,Vitamin C,Vitamin,120,0,0,66,Thursday,January,0
2025-04-09,S007,M117,BP Tablet,Cardiac,320,0,0,77,Wednesday,April,0
2025-11-18,S006,M103,Dolo 650,Painkiller,30,1,0,88,Tuesday,November,0
2025-02-15,S005,M105,ORS,Hydration,25,0,0,93,Saturday,February,1
2025-05-03,S005,M113,Digene,Antacid,60,0,0,99,Saturday,May,1
2025-11-05,S003,M102,Crocin,Painkiller,35,0,0,72,Wednesday,November,0
2025-03-27,S009,M101,Paracetamol,Painkiller,25,1,0,85,Thursday,March,0
2025-08-17,S010,M116,Iron Tablet,Supplement,180,1,1,125,Sunday,August,1
2025-07-08,S009,M115,Calcium Tablet,Supplement,250,0,0,68,Tuesday,July,0
2025-01-24,S007,M104,Vitamin C,Vitamin,120,0,0,79,Friday,January,0
2025-03-22,S006,M103,Dolo 650,Painkiller,30,0,0,84,Saturday,March,1
2025-05-15,S003,M116,Iron Tablet,Supplement,180,1,1,103,Thursday,May,0
2025-11-12,S010,M102,Crocin,Painkiller,35,1,0,97,Wednesday,November,0
2025-09-11,S010,M105,ORS,Hydration,25,0,0,85,Thursday,September,0
2025-09-02,S004,M104,Vitamin C,Vitamin,120,0,0,88,Tuesday,September,0
2025-01-17,S009,M101,Paracetamol,Painkiller,25,0,0,68,Friday,January,0
2025-05-21,S001,M107,Metformin,Diabetes,80,0,0,68,Wednesday,May,0
2025-12-13,S004,M104,Vitamin C,Vitamin,120,1,0,118,Saturday,December,1
2025-09-29,S002,M118,Asthma Inhaler,Respiratory,450,0,1,57,Monday,September,0
2025-02-11,S002,M101,Paracetamol,Painkiller,25,1,0,83,Tuesday,February,0
2025-09-15,S002,M114,Pantoprazole,Antacid,110,0,0,60,Monday,September,0
2025-08-16,S008,M110,Cetirizine,Allergy,40,0,0,93,Saturday,August,1
2025-11-23,S008,M115,Calcium Tablet,Supplement,250,0,0,78,Sunday,November,1
2025-03-17,S008,M101,Paracetamol,Painkiller,25,0,0,73,Monday,March,0
2025-01-07,S010,M109,Azithromycin,Antibiotic,220,0,1,96,Tuesday,January,0
2025-09-21,S006,M114,Pantoprazole,Antacid,110,0,0,95,Sunday,September,1
2025-11-09,S003,M106,Insulin,Diabetes,550,0,1,69,Sunday,November,1
2025-10-12,S005,M108,Amoxicillin,Antibiotic,180,1,0,103,Sunday,October,1
2025-03-16,S004,M111,Benadryl,Cough,90,0,0,86,Sunday,March,1
2025-03-31,S009,M112,Cough Syrup,Cough,140,1,1,122,Monday,March,0
2025-10-14,S009,M105,ORS,Hydration,25,0,1,79,Tuesday,October,0
2025-03-17,S002,M115,Calcium Tablet,Supplement,250,0,0,69,Monday,March,0
2025-03-19,S004,M107,Metformin,Diabetes,80,0,0,89,Wednesday,March,0
2025-11-22,S008,M119,Eye Drops,Eye Care,160,0,0,74,Saturday,November,1
2025-10-05,S006,M113,Digene,Antacid,60,1,0,103,Sunday,October,1
2025-01-01,S001,M119,Eye Drops,Eye Care,160,1,1,104,Wednesday,January,0
2025-09-14,S007,M118,Asthma Inhaler,Respiratory,450,1,0,73,Sunday,September,1
2025-03-30,S005,M105,ORS,Hydration,25,1,0,96,Sunday,March,1
2025-03-03,S004,M106,Insulin,Diabetes,550,0,0,62,Monday,March,0
2025-12-03,S008,M103,Dolo 650,Painkiller,30,0,0,86,Wednesday,December,0
2025-08-21,S005,M119,Eye Drops,Eye Care,160,0,0,57,Thursday,August,0
2025-05-29,S004,M110,Cetirizine,Allergy,40,0,0,68,Thursday,May,0
2025-11-14,S009,M108,Amoxicillin,Antibiotic,180,0,0,58,Friday,November,0
2025-08-22,S002,M106,Insulin,Diabetes,550,1,0,83,Friday,August,0
2025-07-30,S008,M113,Digene,Antacid,60,0,0,74,Wednesday,July,0
2025-01-06,S006,M104,Vitamin C,Vitamin,120,0,0,77,Monday,January,0
2025-10-25,S005,M101,Paracetamol,Painkiller,25,1,0,114,Saturday,October,1
2025-12-02,S003,M110,Cetirizine,Allergy,40,0,0,76,Tuesday,December,0
2025-12-24,S005,M119,Eye Drops,Eye Care,160,0,0,72,Wednesday,December,0
2025-06-28,S010,M108,Amoxicillin,Antibiotic,180,1,0,89,Saturday,June,1
2025-05-18,S007,M103,Dolo 650,Painkiller,30,1,0,107,Sunday,May,1
2025-09-14,S007,M118,Asthma Inhaler,Respiratory,450,0,0,55,Sunday,September,1
2025-11-05,S006,M117,BP Tablet,Cardiac,320,0,0,56,Wednesday,November,0
2025-08-11,S009,M106,Insulin,Diabetes,550,0,1,69,Monday,August,0
2025-07-19,S002,M119,Eye Drops,Eye Care,160,0,1,101,Saturday,July,1
2025-06-19,S008,M111,Benadryl,Cough,90,0,0,81,Thursday,June,0
2025-11-27,S007,M107,Metformin,Diabetes,80,0,0,66,Thursday,November,0
2025-10-28,S002,M109,Azithromycin,Antibiotic,220,0,0,73,Tuesday,October,0
2025-09-16,S002,M115,Calcium Tablet,Supplement,250,0,0,72,Tuesday,September,0
2025-03-06,S006,M104,Vitamin C,Vitamin,120,0,0,89,Thursday,March,0
2025-07-07,S007,M119,Eye Drops,Eye Care,160,0,0,79,Monday,July,0
2025-10-14,S002,M119,Eye Drops,Eye Care,160,1,0,79,Tuesday,October,0
2025-11-25,S007,M113,Digene,Antacid,60,0,0,84,Tuesday,November,0
2025-11-16,S003,M107,Metformin,Diabetes,80,0,0,81,Sunday,November,1
2025-12-21,S004,M103,Dolo 650,Painkiller,30,0,0,74,Sunday,December,1
2025-06-26,S009,M114,Pantoprazole,Antacid,110,0,1,104,Thursday,June,0
2025-04-18,S001,M105,ORS,Hydration,25,1,1,123,Friday,April,0
2025-07-13,S005,M120,Hand Sanitizer,Hygiene,90,1,1,116,Sunday,July,1
2025-11-21,S002,M118,Asthma Inhaler,Respiratory,450,0,0,62,Friday,November,0
2025-05-11,S003,M119,Eye Drops,Eye Care,160,1,0,103,Sunday,May,1
2025-12-23,S004,M111,Benadryl,Cough,90,0,0,79,Tuesday,December,0
2025-05-14,S004,M119,Eye Drops,Eye Care,160,0,0,77,Wednesday,May,0
2025-07-05,S005,M106,Insulin,Diabetes,550,0,0,62,Saturday,July,1
2025-12-13,S009,M117,BP Tablet,Cardiac,320,0,0,60,Saturday,December,1
2025-10-12,S010,M114,Pantoprazole,Antacid,110,0,0,98,Sunday,October,1
2025-04-05,S005,M109,Azithromycin,Antibiotic,220,0,0,83,Saturday,April,1
2025-05-14,S009,M113,Digene,Antacid,60,0,0,89,Wednesday,May,0
2025-05-09,S006,M116,Iron Tablet,Supplement,180,0,0,60,Friday,May,0
2025-12-06,S010,M102,Crocin,Painkiller,35,0,0,81,Saturday,December,1
2025-10-13,S004,M108,Amoxicillin,Antibiotic,180,0,0,56,Monday,October,0
2025-09-27,S003,M110,Cetirizine,Allergy,40,1,0,94,Saturday,September,1
2025-12-03,S005,M110,Cetirizine,Allergy,40,1,0,87,Wednesday,December,0
2025-04-15,S003,M102,Crocin,Painkiller,35,1,0,110,Tuesday,April,0
2025-10-10,S005,M118,Asthma Inhaler,Respiratory,450,0,0,49,Friday,October,0
2025-09-18,S010,M114,Pantoprazole,Antacid,110,0,0,66,Thursday,September,0
2025-12-30,S009,M101,Paracetamol,Painkiller,25,0,0,65,Tuesday,December,0
2025-11-01,S007,M111,Benadryl,Cough,90,1,0,91,Saturday,November,1
2025-12-29,S006,M107,Metformin,Diabetes,80,0,0,62,Monday,December,0
2025-01-21,S004,M101,Paracetamol,Painkiller,25,0,1,106,Tuesday,January,0
2025-02-02,S008,M110,Cetirizine,Allergy,40,0,0,79,Sunday,February,1
2025-05-24,S002,M112,Cough Syrup,Cough,140,0,1,99,Saturday,May,1
2025-12-16,S005,M109,Azithromycin,Antibiotic,220,1,1,111,Tuesday,December,0
2025-06-15,S009,M118,Asthma Inhaler,Respiratory,450,0,0,60,Sunday,June,1
2025-06-23,S009,M120,Hand Sanitizer,Hygiene,90,1,0,109,Monday,June,0
2025-07-14,S008,M104,Vitamin C,Vitamin,120,0,0,87,Monday,July,0
2025-12-31,S008,M108,Amoxicillin,Antibiotic,180,0,0,69,Wednesday,December,0
2025-04-24,S009,M101,Paracetamol,Painkiller,25,1,0,108,Thursday,April,0
2025-12-01,S008,M108,Amoxicillin,Antibiotic,180,0,0,82,Monday,December,0
2025-09-02,S004,M107,Metformin,Diabetes,80,1,0,85,Tuesday,September,0
2025-09-28,S002,M116,Iron Tablet,Supplement,180,1,0,92,Sunday,September,1
2025-01-20,S008,M120,Hand Sanitizer,Hygiene,90,0,0,73,Monday,January,0
2025-08-09,S003,M110,Cetirizine,Allergy,40,0,0,93,Saturday,August,1
2025-10-02,S008,M104,Vitamin C,Vitamin,120,0,0,74,Thursday,October,0
2025-02-27,S008,M102,Crocin,Painkiller,35,0,0,79,Thursday,February,0
2025-11-29,S007,M119,Eye Drops,Eye Care,160,1,0,87,Saturday,November,1
2025-05-13,S005,M116,Iron Tablet,Supplement,180,0,0,64,Tuesday,May,0
2025-01-04,S008,M101,Paracetamol,Painkiller,25,0,0,79,Saturday,January,1
2025-01-23,S008,M118,Asthma Inhaler,Respiratory,450,0,0,55,Thursday,January,0
2025-10-25,S007,M106,Insulin,Diabetes,550,0,0,51,Saturday,October,1
2025-08-04,S010,M109,Azithromycin,Antibiotic,220,0,0,75,Monday,August,0
2025-12-03,S001,M104,Vitamin C,Vitamin,120,0,0,65,Wednesday,December,0
2025-06-29,S009,M119,Eye Drops,Eye Care,160,1,0,94,Sunday,June,1
2025-05-22,S006,M115,Calcium Tablet,Supplement,250,0,1,79,Thursday,May,0
2025-01-26,S007,M108,Amoxicillin,Antibiotic,180,0,0,88,Sunday,January,1
2025-09-23,S006,M115,Calcium Tablet,Supplement,250,0,0,80,Tuesday,September,0
2025-05-03,S008,M109,Azithromycin,Antibiotic,220,0,0,81,Saturday,May,1
2025-05-27,S008,M102,Crocin,Painkiller,35,0,1,104,Tuesday,May,0
2025-02-12,S008,M116,Iron Tablet,Supplement,180,1,0,90,Wednesday,February,0
2025-08-19,S004,M108,Amoxicillin,Antibiotic,180,1,0,103,Tuesday,August,0
2025-09-18,S004,M106,Insulin,Diabetes,550,0,0,52,Thursday,September,0
2025-08-27,S002,M119,Eye Drops,Eye Care,160,1,0,84,Wednesday,August,0
2025-10-02,S010,M112,Cough Syrup,Cough,140,0,0,85,Thursday,October,0
2025-09-18,S010,M104,Vitamin C,Vitamin,120,0,0,68,Thursday,September,0
2025-05-03,S001,M110,Cetirizine,Allergy,40,1,0,94,Saturday,May,1
2025-11-29,S001,M105,ORS,Hydration,25,1,1,108,Saturday,November,1
2025-11-25,S006,M116,Iron Tablet,Supplement,180,1,0,102,Tuesday,November,0
2025-03-16,S007,M114,Pantoprazole,Antacid,110,0,0,71,Sunday,March,1
2025-11-12,S008,M113,Digene,Antacid,60,0,0,73,Wednesday,November,0
2025-12-10,S008,M114,Pantoprazole,Antacid,110,1,0,105,Wednesday,December,0
2025-06-24,S006,M112,Cough Syrup,Cough,140,1,0,108,Tuesday,June,0
2025-06-23,S007,M111,Benadryl,Cough,90,0,0,88,Monday,June,0
2025-08-19,S006,M111,Benadryl,Cough,90,1,0,98,Tuesday,August,0
2025-12-09,S002,M113,Digene,Antacid,60,0,0,78,Tuesday,December,0
2025-05-21,S006,M113,Digene,Antacid,60,0,0,69,Wednesday,May,0
2025-11-18,S010,M117,BP Tablet,Cardiac,320,0,0,77,Tuesday,November,0
2025-03-22,S007,M112,Cough Syrup,Cough,140,0,0,96,Saturday,March,1
2025-08-22,S001,M109,Azithromycin,Antibiotic,220,0,0,73,Friday,August,0
2025-06-02,S007,M105,ORS,Hydration,25,0,0,85,Monday,June,0
2025-05-31,S008,M119,Eye Drops,Eye Care,160,0,0,68,Saturday,May,1
2025-10-05,S002,M117,BP Tablet,Cardiac,320,1,0,95,Sunday,October,1
2025-07-12,S010,M101,Paracetamol,Painkiller,25,0,0,74,Saturday,July,1
2025-10-22,S003,M119,Eye Drops,Eye Care,160,0,0,57,Wednesday,October,0
2025-07-01,S002,M114,Pantoprazole,Antacid,110,0,0,89,Tuesday,July,0
2025-06-13,S010,M114,Pantoprazole,Antacid,110,0,0,67,Friday,June,0
2025-07-08,S001,M111,Benadryl,Cough,90,1,0,106,Tuesday,July,0
2025-06-06,S007,M119,Eye Drops,Eye Care,160,1,0,77,Friday,June,0
2025-11-03,S010,M117,BP Tablet,Cardiac,320,0,0,67,Monday,November,0
2025-09-26,S002,M113,Digene,Antacid,60,0,0,63,Friday,September,0
2025-03-21,S007,M105,ORS,Hydration,25,1,0,113,Friday,March,0
2025-07-10,S008,M107,Metformin,Diabetes,80,1,0,102,Thursday,July,0
2025-01-28,S003,M107,Metformin,Diabetes,80,0,0,61,Tuesday,January,0
2025-06-29,S007,M107,Metformin,Diabetes,80,0,0,75,Sunday,June,1
2025-06-05,S002,M120,Hand Sanitizer,Hygiene,90,0,0,75,Thursday,June,0
2025-12-07,S010,M119,Eye Drops,Eye Care,160,1,0,98,Sunday,December,1
2025-05-11,S003,M108,Amoxicillin,Antibiotic,180,0,1,82,Sunday,May,1
2025-04-29,S001,M112,Cough Syrup,Cough,140,0,0,70,Tuesday,April,0
2025-12-18,S007,M116,Iron Tablet,Supplement,180,0,0,80,Thursday,December,0
2025-07-21,S004,M116,Iron Tablet,Supplement,180,0,0,70,Monday,July,0
2025-06-18,S007,M101,Paracetamol,Painkiller,25,0,0,84,Wednesday,June,0
2025-09-15,S002,M109,Azithromycin,Antibiotic,220,0,0,54,Monday,September,0
2025-03-04,S006,M120,Hand Sanitizer,Hygiene,90,1,0,92,Tuesday,March,0
2025-08-26,S006,M115,Calcium Tablet,Supplement,250,0,0,58,Tuesday,August,0
2025-01-28,S001,M112,Cough Syrup,Cough,140,0,0,79,Tuesday,January,0
2025-11-13,S001,M106,Insulin,Diabetes,550,1,0,84,Thursday,November,0
2025-01-13,S003,M110,Cetirizine,Allergy,40,0,0,73,Monday,January,0
2025-12-20,S008,M115,Calcium Tablet,Supplement,250,0,0,75,Saturday,December,1
2025-08-09,S003,M119,Eye Drops,Eye Care,160,0,0,73,Saturday,August,1
2025-09-26,S010,M115,Calcium Tablet,Supplement,250,0,0,78,Friday,September,0
2025-04-24,S006,M111,Benadryl,Cough,90,1,0,97,Thursday,April,0
2025-06-06,S008,M119,Eye Drops,Eye Care,160,0,1,88,Friday,June,0
2025-02-08,S003,M118,Asthma Inhaler,Respiratory,450,0,1,76,Saturday,February,1
2025-10-01,S001,M101,Paracetamol,Painkiller,25,1,1,107,Wednesday,October,0
2025-12-01,S002,M114,Pantoprazole,Antacid,110,0,0,71,Monday,December,0
2025-03-15,S010,M101,Paracetamol,Painkiller,25,0,0,100,Saturday,March,1
2025-11-13,S003,M117,BP Tablet,Cardiac,320,0,0,54,Thursday,November,0
2025-09-23,S004,M109,Azithromycin,Antibiotic,220,1,0,90,Tuesday,September,0
2025-08-01,S003,M115,Calcium Tablet,Supplement,250,0,0,78,Friday,August,0
2025-08-07,S004,M112,Cough Syrup,Cough,140,0,1,74,Thursday,August,0
2025-10-08,S006,M110,Cetirizine,Allergy,40,1,0,100,Wednesday,October,0
2025-12-29,S007,M102,Crocin,Painkiller,35,1,0,97,Monday,December,0
2025-08-12,S010,M105,ORS,Hydration,25,0,0,88,Tuesday,August,0
2025-04-03,S007,M105,ORS,Hydration,25,0,0,68,Thursday,April,0
2025-03-22,S005,M110,Cetirizine,Allergy,40,0,0,83,Saturday,March,1
2025-01-07,S008,M102,Crocin,Painkiller,35,0,0,81,Tuesday,January,0
2025-12-11,S010,M106,Insulin,Diabetes,550,1,0,62,Thursday,December,0
2025-05-17,S001,M116,Iron Tablet,Supplement,180,0,0,77,Saturday,May,1
2025-08-09,S004,M110,Cetirizine,Allergy,40,1,0,101,Saturday,August,1
2025-06-10,S003,M110,Cetirizine,Allergy,40,0,0,72,Tuesday,June,0
2025-09-06,S003,M114,Pantoprazole,Antacid,110,0,0,88,Saturday,September,1
2025-05-10,S006,M113,Digene,Antacid,60,0,0,76,Saturday,May,1
2025-11-03,S003,M117,BP Tablet,Cardiac,320,0,0,56,Monday,November,0
2025-09-27,S010,M104,Vitamin C,Vitamin,120,0,1,96,Saturday,September,1
2025-07-11,S003,M112,Cough Syrup,Cough,140,0,0,78,Friday,July,0
2025-05-03,S005,M106,Insulin,Diabetes,550,0,0,76,Saturday,May,1
2025-05-17,S006,M104,Vitamin C,Vitamin,120,1,0,96,Saturday,May,1
2025-06-05,S009,M120,Hand Sanitizer,Hygiene,90,1,0,80,Thursday,June,0
2025-01-11,S005,M107,Metformin,Diabetes,80,1,0,94,Saturday,January,1
2025-10-31,S008,M118,Asthma Inhaler,Respiratory,450,0,0,67,Friday,October,0
2025-04-28,S009,M109,Azithromycin,Antibiotic,220,0,0,72,Monday,April,0
2025-06-28,S008,M110,Cetirizine,Allergy,40,1,1,137,Saturday,June,1
2025-11-27,S007,M120,Hand Sanitizer,Hygiene,90,0,0,67,Thursday,November,0
2025-09-20,S008,M105,ORS,Hydration,25,0,0,80,Saturday,September,1
2025-05-29,S004,M110,Cetirizine,Allergy,40,0,0,89,Thursday,May,0
2025-10-06,S008,M111,Benadryl,Cough,90,1,0,88,Monday,October,0
2025-05-27,S005,M110,Cetirizine,Allergy,40,0,0,75,Tuesday,May,0
2025-10-29,S003,M101,Paracetamol,Painkiller,25,1,0,108,Wednesday,October,0
2025-10-12,S004,M107,Metformin,Diabetes,80,1,0,118,Sunday,October,1
2025-05-07,S001,M117,BP Tablet,Cardiac,320,0,0,50,Wednesday,May,0
2025-05-14,S004,M117,BP Tablet,Cardiac,320,0,0,63,Wednesday,May,0
2025-07-10,S008,M107,Metformin,Diabetes,80,1,0,82,Thursday,July,0
2025-02-03,S009,M117,BP Tablet,Cardiac,320,1,1,113,Monday,February,0
2025-06-20,S005,M108,Amoxicillin,Antibiotic,180,0,0,86,Friday,June,0
2025-08-09,S006,M115,Calcium Tablet,Supplement,250,1,0,84,Saturday,August,1
2025-05-14,S007,M117,BP Tablet,Cardiac,320,0,0,50,Wednesday,May,0
2025-12-27,S001,M105,ORS,Hydration,25,0,0,76,Saturday,December,1
2025-02-17,S002,M114,Pantoprazole,Antacid,110,0,0,75,Monday,February,0
2025-12-19,S008,M118,Asthma Inhaler,Respiratory,450,1,1,95,Friday,December,0
2025-05-11,S010,M104,Vitamin C,Vitamin,120,0,0,93,Sunday,May,1
2025-07-09,S007,M103,Dolo 650,Painkiller,30,1,0,107,Wednesday,July,0
2025-02-05,S007,M115,Calcium Tablet,Supplement,250,1,0,95,Wednesday,February,0
2025-10-14,S002,M103,Dolo 650,Painkiller,30,0,0,86,Tuesday,October,0
2025-03-03,S003,M110,Cetirizine,Allergy,40,0,0,64,Monday,March,0
2025-08-05,S001,M104,Vitamin C,Vitamin,120,0,0,69,Tuesday,August,0
2025-10-07,S001,M116,Iron Tablet,Supplement,180,0,0,68,Tuesday,October,0
2025-11-10,S008,M107,Metformin,Diabetes,80,0,0,73,Monday,November,0
2025-12-09,S008,M105,ORS,Hydration,25,0,0,73,Tuesday,December,0
2025-09-07,S005,M110,Cetirizine,Allergy,40,0,0,79,Sunday,September,1
2025-09-22,S007,M101,Paracetamol,Painkiller,25,1,1,128,Monday,September,0
2025-09-20,S001,M117,BP Tablet,Cardiac,320,1,0,107,Saturday,September,1
2025-08-17,S004,M107,Metformin,Diabetes,80,0,0,85,Sunday,August,1
2025-06-17,S004,M105,ORS,Hydration,25,1,0,96,Tuesday,June,0
2025-05-17,S007,M109,Azithromycin,Antibiotic,220,0,1,97,Saturday,May,1
2025-10-27,S007,M109,Azithromycin,Antibiotic,220,0,0,56,Monday,October,0
2025-01-29,S001,M113,Digene,Antacid,60,0,0,64,Wednesday,January,0
2025-07-27,S007,M107,Metformin,Diabetes,80,0,0,71,Sunday,July,1
2025-10-19,S010,M113,Digene,Antacid,60,0,1,92,Sunday,October,1
2025-01-10,S004,M119,Eye Drops,Eye Care,160,0,0,66,Friday,January,0
2025-07-26,S002,M116,Iron Tablet,Supplement,180,0,0,87,Saturday,July,1
2025-11-09,S010,M118,Asthma Inhaler,Respiratory,450,1,0,73,Sunday,November,1
2025-02-24,S002,M104,Vitamin C,Vitamin,120,0,0,68,Monday,February,0
2025-06-02,S009,M101,Paracetamol,Painkiller,25,0,0,80,Monday,June,0
2025-08-15,S005,M107,Metformin,Diabetes,80,0,1,87,Friday,August,0
2025-12-29,S009,M101,Paracetamol,Painkiller,25,1,0,97,Monday,December,0
2025-09-19,S010,M119,Eye Drops,Eye Care,160,0,0,81,Friday,September,0
2025-08-15,S002,M113,Digene,Antacid,60,0,0,91,Friday,August,0
2025-10-26,S007,M108,Amoxicillin,Antibiotic,180,1,0,110,Sunday,October,1
2025-01-04,S003,M120,Hand Sanitizer,Hygiene,90,1,0,100,Saturday,January,1
2025-05-20,S003,M104,Vitamin C,Vitamin,120,0,0,67,Tuesday,May,0
2025-06-03,S002,M112,Cough Syrup,Cough,140,0,0,66,Tuesday,June,0
2025-10-18,S009,M107,Metformin,Diabetes,80,0,0,95,Saturday,October,1
2025-09-21,S007,M103,Dolo 650,Painkiller,30,0,0,78,Sunday,September,1
2025-08-12,S010,M112,Cough Syrup,Cough,140,1,0,97,Tuesday,August,0
2025-05-04,S003,M102,Crocin,Painkiller,35,0,0,89,Sunday,May,1
2025-11-15,S005,M114,Pantoprazole,Antacid,110,0,0,72,Saturday,November,1
2025-04-13,S007,M118,Asthma Inhaler,Respiratory,450,0,0,59,Sunday,April,1
2025-10-20,S006,M114,Pantoprazole,Antacid,110,1,1,121,Monday,October,0
2025-10-19,S006,M104,Vitamin C,Vitamin,120,0,0,84,Sunday,October,1
2025-01-13,S005,M118,Asthma Inhaler,Respiratory,450,1,0,88,Monday,January,0
2025-08-27,S004,M116,Iron Tablet,Supplement,180,0,0,79,Wednesday,August,0
2025-11-30,S001,M114,Pantoprazole,Antacid,110,1,0,98,Sunday,November,1
2025-03-15,S008,M102,Crocin,Painkiller,35,1,0,118,Saturday,March,1
2025-09-30,S005,M101,Paracetamol,Painkiller,25,0,0,72,Tuesday,September,0
2025-03-21,S003,M115,Calcium Tablet,Supplement,250,0,0,56,Friday,March,0
2025-07-03,S004,M117,BP Tablet,Cardiac,320,0,0,50,Thursday,July,0
2025-04-19,S008,M119,Eye Drops,Eye Care,160,1,1,113,Saturday,April,1
2025-12-13,S009,M101,Paracetamol,Painkiller,25,1,0,106,Saturday,December,1
2025-03-15,S001,M111,Benadryl,Cough,90,0,1,114,Saturday,March,1
2025-10-12,S006,M109,Azithromycin,Antibiotic,220,0,0,71,Sunday,October,1
2025-03-02,S001,M114,Pantoprazole,Antacid,110,1,0,113,Sunday,March,1
2025-09-23,S002,M120,Hand Sanitizer,Hygiene,90,1,1,103,Tuesday,September,0
2025-01-24,S008,M102,Crocin,Painkiller,35,0,0,84,Friday,January,0
2025-12-29,S006,M105,ORS,Hydration,25,1,0,97,Monday,December,0
2025-01-04,S007,M116,Iron Tablet,Supplement,180,1,0,87,Saturday,January,1
2025-01-19,S005,M105,ORS,Hydration,25,1,0,108,Sunday,January,1
2025-04-01,S009,M115,Calcium Tablet,Supplement,250,0,0,59,Tuesday,April,0
2025-04-23,S001,M104,Vitamin C,Vitamin,120,1,0,79,Wednesday,April,0
2025-03-26,S003,M110,Cetirizine,Allergy,40,0,0,78,Wednesday,March,0
2025-05-11,S005,M107,Metformin,Diabetes,80,0,1,95,Sunday,May,1
2025-05-17,S001,M106,Insulin,Diabetes,550,1,0,96,Saturday,May,1
2025-11-27,S002,M105,ORS,Hydration,25,0,0,75,Thursday,November,0
2025-12-02,S005,M112,Cough Syrup,Cough,140,0,0,82,Tuesday,December,0
2025-10-27,S003,M114,Pantoprazole,Antacid,110,0,0,79,Monday,October,0
2025-02-23,S003,M109,Azithromycin,Antibiotic,220,0,0,72,Sunday,February,1
2025-11-24,S001,M104,Vitamin C,Vitamin,120,0,0,70,Monday,November,0
2025-08-13,S008,M101,Paracetamol,Painkiller,25,0,1,85,Wednesday,August,0
2025-02-06,S008,M113,Digene,Antacid,60,1,0,90,Thursday,February,0
2025-04-03,S002,M118,Asthma Inhaler,Respiratory,450,0,0,57,Thursday,April,0
2025-06-13,S001,M106,Insulin,Diabetes,550,0,0,53,Friday,June,0
2025-06-30,S007,M109,Azithromycin,Antibiotic,220,1,0,79,Monday,June,0
2025-07-09,S001,M116,Iron Tablet,Supplement,180,0,0,67,Wednesday,July,0
2025-09-05,S003,M118,Asthma Inhaler,Respiratory,450,1,0,78,Friday,September,0
2025-07-24,S009,M119,Eye Drops,Eye Care,160,0,0,84,Thursday,July,0
2025-12-01,S005,M105,ORS,Hydration,25,0,0,74,Monday,December,0
2025-11-10,S002,M109,Azithromycin,Antibiotic,220,0,0,73,Monday,November,0
2025-05-13,S003,M104,Vitamin C,Vitamin,120,1,0,94,Tuesday,May,0
2025-10-29,S007,M120,Hand Sanitizer,Hygiene,90,0,1,98,Wednesday,October,0
2025-07-02,S004,M104,Vitamin C,Vitamin,120,0,0,71,Wednesday,July,0
2025-05-25,S004,M120,Hand Sanitizer,Hygiene,90,1,0,117,Sunday,May,1
2025-10-24,S001,M110,Cetirizine,Allergy,40,0,0,64,Friday,October,0
2025-11-13,S010,M120,Hand Sanitizer,Hygiene,90,1,0,100,Thursday,November,0
2025-09-16,S010,M115,Calcium Tablet,Supplement,250,1,0,81,Tuesday,September,0
2025-10-28,S001,M102,Crocin,Painkiller,35,0,0,71,Tuesday,October,0
2025-01-26,S007,M116,Iron Tablet,Supplement,180,1,0,109,Sunday,January,1
2025-01-03,S002,M118,Asthma Inhaler,Respiratory,450,1,0,71,Friday,January,0
2025-02-01,S008,M112,Cough Syrup,Cough,140,0,0,97,Saturday,February,1
2025-05-13,S004,M111,Benadryl,Cough,90,1,0,110,Tuesday,May,0
2025-11-28,S010,M104,Vitamin C,Vitamin,120,0,0,79,Friday,November,0
2025-03-21,S006,M104,Vitamin C,Vitamin,120,0,0,87,Friday,March,0
2025-12-18,S005,M112,Cough Syrup,Cough,140,0,0,73,Thursday,December,0
2025-08-01,S007,M116,Iron Tablet,Supplement,180,0,0,74,Friday,August,0
2025-06-17,S008,M105,ORS,Hydration,25,0,0,63,Tuesday,June,0
2025-01-24,S005,M111,Benadryl,Cough,90,1,0,86,Friday,January,0
2025-07-09,S003,M105,ORS,Hydration,25,0,0,67,Wednesday,July,0
2025-10-17,S010,M111,Benadryl,Cough,90,0,0,70,Friday,October,0
2025-01-29,S010,M111,Benadryl,Cough,90,1,0,99,Wednesday,January,0
2025-05-13,S007,M107,Metformin,Diabetes,80,1,1,97,Tuesday,May,0
2025-06-29,S010,M116,Iron Tablet,Supplement,180,0,0,92,Sunday,June,1
2025-07-03,S001,M110,Cetirizine,Allergy,40,0,1,106,Thursday,July,0
2025-04-26,S005,M107,Metformin,Diabetes,80,1,0,97,Saturday,April,1
2025-07-11,S003,M107,Metformin,Diabetes,80,1,0,89,Friday,July,0
2025-05-27,S002,M104,Vitamin C,Vitamin,120,0,0,75,Tuesday,May,0
2025-10-29,S001,M108,Amoxicillin,Antibiotic,180,0,0,86,Wednesday,October,0
2025-11-03,S004,M106,Insulin,Diabetes,550,0,0,39,Monday,November,0
2025-06-13,S007,M111,Benadryl,Cough,90,0,0,74,Friday,June,0
2025-04-29,S002,M112,Cough Syrup,Cough,140,1,0,107,Tuesday,April,0
2025-12-15,S009,M108,Amoxicillin,Antibiotic,180,0,0,58,Monday,December,0
2025-02-19,S001,M103,Dolo 650,Painkiller,30,0,0,73,Wednesday,February,0
2025-08-11,S006,M104,Vitamin C,Vitamin,120,1,0,88,Monday,August,0
2025-04-07,S004,M103,Dolo 650,Painkiller,30,0,0,66,Monday,April,0
2025-08-03,S010,M113,Digene,Antacid,60,0,0,76,Sunday,August,1
2025-07-14,S009,M101,Paracetamol,Painkiller,25,0,1,94,Monday,July,0
2025-03-11,S001,M106,Insulin,Diabetes,550,0,0,39,Tuesday,March,0
2025-09-28,S009,M109,Azithromycin,Antibiotic,220,0,0,86,Sunday,September,1
2025-06-15,S003,M115,Calcium Tablet,Supplement,250,0,0,85,Sunday,June,1
2025-03-28,S010,M120,Hand Sanitizer,Hygiene,90,0,0,68,Friday,March,0
2025-09-22,S001,M110,Cetirizine,Allergy,40,1,0,95,Monday,September,0
2025-11-14,S002,M103,Dolo 650,Painkiller,30,0,0,87,Friday,November,0
2025-03-31,S004,M101,Paracetamol,Painkiller,25,0,0,67,Monday,March,0
2025-02-26,S003,M118,Asthma Inhaler,Respiratory,450,0,0,68,Wednesday,February,0
2025-04-23,S002,M108,Amoxicillin,Antibiotic,180,0,0,86,Wednesday,April,0
2025-04-17,S007,M101,Paracetamol,Painkiller,25,0,0,83,Thursday,April,0
2025-11-10,S002,M119,Eye Drops,Eye Care,160,0,0,85,Monday,November,0
2025-03-19,S009,M114,Pantoprazole,Antacid,110,1,0,96,Wednesday,March,0
2025-09-18,S001,M116,Iron Tablet,Supplement,180,0,0,59,Thursday,September,0
2025-06-24,S004,M101,Paracetamol,Painkiller,25,0,0,78,Tuesday,June,0
2025-09-02,S007,M114,Pantoprazole,Antacid,110,0,0,75,Tuesday,September,0
2025-12-25,S002,M112,Cough Syrup,Cough,140,0,0,86,Thursday,December,0
2025-07-11,S002,M110,Cetirizine,Allergy,40,0,0,71,Friday,July,0
2025-08-07,S009,M111,Benadryl,Cough,90,0,0,85,Thursday,August,0
2025-07-05,S001,M119,Eye Drops,Eye Care,160,1,1,123,Saturday,July,1
2025-10-04,S008,M103,Dolo 650,Painkiller,30,1,1,118,Saturday,October,1
2025-02-02,S010,M118,Asthma Inhaler,Respiratory,450,0,0,74,Sunday,February,1
2025-07-27,S010,M103,Dolo 650,Painkiller,30,1,0,98,Sunday,July,1
2025-09-21,S010,M113,Digene,Antacid,60,1,0,111,Sunday,September,1
2025-04-13,S010,M110,Cetirizine,Allergy,40,0,0,83,Sunday,April,1
2025-09-12,S004,M103,Dolo 650,Painkiller,30,0,0,79,Friday,September,0
2025-01-27,S006,M113,Digene,Antacid,60,1,0,98,Monday,January,0
2025-10-16,S009,M120,Hand Sanitizer,Hygiene,90,0,0,75,Thursday,October,0
2025-08-01,S003,M120,Hand Sanitizer,Hygiene,90,0,1,88,Friday,August,0
2025-11-07,S009,M101,Paracetamol,Painkiller,25,1,0,98,Friday,November,0
2025-01-09,S002,M118,Asthma Inhaler,Respiratory,450,0,0,54,Thursday,January,0
2025-07-31,S005,M117,BP Tablet,Cardiac,320,0,1,86,Thursday,July,0
2025-03-16,S001,M112,Cough Syrup,Cough,140,1,0,98,Sunday,March,1
2025-05-27,S001,M111,Benadryl,Cough,90,1,1,102,Tuesday,May,0
2025-08-31,S007,M105,ORS,Hydration,25,0,0,86,Sunday,August,1
2025-08-06,S002,M115,Calcium Tablet,Supplement,250,0,1,74,Wednesday,August,0
2025-12-21,S004,M112,Cough Syrup,Cough,140,0,0,81,Sunday,December,1
2025-04-13,S001,M118,Asthma Inhaler,Respiratory,450,1,0,76,Sunday,April,1
2025-07-23,S005,M115,Calcium Tablet,Supplement,250,0,0,57,Wednesday,July,0
2025-05-18,S004,M117,BP Tablet,Cardiac,320,1,0,83,Sunday,May,1
2025-07-27,S002,M104,Vitamin C,Vitamin,120,0,1,87,Sunday,July,1
2025-12-09,S005,M115,Calcium Tablet,Supplement,250,1,0,72,Tuesday,December,0
2025-05-12,S007,M110,Cetirizine,Allergy,40,1,0,103,Monday,May,0
2025-07-16,S006,M117,BP Tablet,Cardiac,320,0,0,59,Wednesday,July,0
2025-05-26,S001,M109,Azithromycin,Antibiotic,220,0,0,61,Monday,May,0
2025-10-21,S006,M120,Hand Sanitizer,Hygiene,90,0,0,89,Tuesday,October,0
2025-06-10,S003,M119,Eye Drops,Eye Care,160,1,0,103,Tuesday,June,0
2025-08-02,S005,M105,ORS,Hydration,25,0,0,76,Saturday,August,1
2025-10-08,S001,M106,Insulin,Diabetes,550,0,0,66,Wednesday,October,0
2025-11-23,S004,M104,Vitamin C,Vitamin,120,0,0,98,Sunday,November,1
2025-12-24,S006,M117,BP Tablet,Cardiac,320,1,0,93,Wednesday,December,0
2025-04-05,S008,M108,Amoxicillin,Antibiotic,180,0,0,77,Saturday,April,1
2025-10-20,S007,M110,Cetirizine,Allergy,40,0,0,72,Monday,October,0
2025-06-08,S001,M106,Insulin,Diabetes,550,1,0,97,Sunday,June,1
2025-04-03,S002,M103,Dolo 650,Painkiller,30,0,0,84,Thursday,April,0
2025-04-23,S007,M106,Insulin,Diabetes,550,0,0,37,Wednesday,April,0
2025-03-19,S002,M105,ORS,Hydration,25,0,0,84,Wednesday,March,0
2025-08-19,S002,M115,Calcium Tablet,Supplement,250,0,0,67,Tuesday,August,0
2025-02-24,S006,M116,Iron Tablet,Supplement,180,0,0,62,Monday,February,0
2025-07-14,S006,M108,Amoxicillin,Antibiotic,180,1,0,96,Monday,July,0
2025-01-14,S005,M105,ORS,Hydration,25,0,1,86,Tuesday,January,0
2025-12-25,S008,M120,Hand Sanitizer,Hygiene,90,1,0,103,Thursday,December,0
2025-06-02,S006,M114,Pantoprazole,Antacid,110,1,1,124,Monday,June,0
2025-06-24,S006,M110,Cetirizine,Allergy,40,0,1,85,Tuesday,June,0
2025-07-25,S008,M118,Asthma Inhaler,Respiratory,450,0,0,71,Friday,July,0
2025-09-08,S001,M111,Benadryl,Cough,90,0,0,88,Monday,September,0
2025-10-29,S006,M104,Vitamin C,Vitamin,120,0,0,72,Wednesday,October,0
2025-12-07,S005,M102,Crocin,Painkiller,35,0,0,98,Sunday,December,1
2025-07-22,S008,M111,Benadryl,Cough,90,0,0,72,Tuesday,July,0
2025-06-06,S001,M118,Asthma Inhaler,Respiratory,450,0,0,46,Friday,June,0
2025-05-15,S003,M106,Insulin,Diabetes,550,0,0,45,Thursday,May,0
2025-08-13,S003,M120,Hand Sanitizer,Hygiene,90,0,1,97,Wednesday,August,0
2025-09-20,S004,M106,Insulin,Diabetes,550,0,0,56,Saturday,September,1
2025-03-05,S005,M108,Amoxicillin,Antibiotic,180,0,1,80,Wednesday,March,0
2025-02-16,S003,M118,Asthma Inhaler,Respiratory,450,0,0,55,Sunday,February,1
2025-05-02,S007,M107,Metformin,Diabetes,80,0,0,65,Friday,May,0
2025-07-01,S009,M110,Cetirizine,Allergy,40,1,0,87,Tuesday,July,0
2025-07-14,S005,M116,Iron Tablet,Supplement,180,1,0,76,Monday,July,0
2025-03-21,S002,M103,Dolo 650,Painkiller,30,0,0,74,Friday,March,0
2025-01-17,S006,M106,Insulin,Diabetes,550,0,0,37,Friday,January,0
2025-05-31,S008,M119,Eye Drops,Eye Care,160,0,0,69,Saturday,May,1
2025-03-06,S006,M103,Dolo 650,Painkiller,30,0,0,84,Thursday,March,0
2025-02-19,S005,M116,Iron Tablet,Supplement,180,0,0,76,Wednesday,February,0
2025-02-01,S010,M120,Hand Sanitizer,Hygiene,90,0,1,95,Saturday,February,1
2025-09-18,S007,M106,Insulin,Diabetes,550,1,0,68,Thursday,September,0
2025-10-04,S005,M112,Cough Syrup,Cough,140,0,0,91,Saturday,October,1
2025-07-21,S008,M119,Eye Drops,Eye Care,160,0,0,82,Monday,July,0
2025-07-13,S007,M119,Eye Drops,Eye Care,160,0,0,75,Sunday,July,1
2025-04-12,S001,M103,Dolo 650,Painkiller,30,1,0,99,Saturday,April,1
2025-05-08,S006,M113,Digene,Antacid,60,1,0,87,Thursday,May,0
2025-05-06,S006,M103,Dolo 650,Painkiller,30,0,0,65,Tuesday,May,0
2025-06-01,S010,M109,Azithromycin,Antibiotic,220,0,0,68,Sunday,June,1
2025-07-27,S007,M106,Insulin,Diabetes,550,0,0,56,Sunday,July,1
2025-10-04,S008,M105,ORS,Hydration,25,0,0,87,Saturday,October,1
2025-05-17,S005,M102,Crocin,Painkiller,35,1,0,119,Saturday,May,1
2025-06-19,S010,M101,Paracetamol,Painkiller,25,0,0,66,Thursday,June,0
2025-02-06,S002,M103,Dolo 650,Painkiller,30,0,0,72,Thursday,February,0
2025-09-10,S008,M114,Pantoprazole,Antacid,110,1,0,91,Wednesday,September,0
2025-11-13,S004,M111,Benadryl,Cough,90,0,0,69,Thursday,November,0
2025-01-06,S006,M114,Pantoprazole,Antacid,110,0,0,77,Monday,January,0
2025-11-03,S002,M103,Dolo 650,Painkiller,30,1,0,106,Monday,November,0
2025-06-03,S007,M105,ORS,Hydration,25,0,0,88,Tuesday,June,0
2025-01-06,S009,M112,Cough Syrup,Cough,140,1,0,91,Monday,January,0
2025-11-05,S007,M109,Azithromycin,Antibiotic,220,0,0,61,Wednesday,November,0
2025-02-13,S008,M101,Paracetamol,Painkiller,25,0,0,84,Thursday,February,0
2025-09-24,S009,M107,Metformin,Diabetes,80,0,0,63,Wednesday,September,0
2025-04-18,S004,M118,Asthma Inhaler,Respiratory,450,0,0,57,Friday,April,0
2025-05-30,S007,M106,Insulin,Diabetes,550,0,1,76,Friday,May,0
2025-02-14,S005,M103,Dolo 650,Painkiller,30,0,0,64,Friday,February,0
2025-11-17,S003,M117,BP Tablet,Cardiac,320,1,1,99,Monday,November,0
2025-06-15,S005,M119,Eye Drops,Eye Care,160,0,0,88,Sunday,June,1
2025-12-08,S002,M120,Hand Sanitizer,Hygiene,90,0,0,87,Monday,December,0
2025-07-17,S009,M116,Iron Tablet,Supplement,180,0,0,60,Thursday,July,0
2025-11-02,S009,M113,Digene,Antacid,60,0,0,74,Sunday,November,1
2025-02-25,S005,M102,Crocin,Painkiller,35,0,1,89,Tuesday,February,0
2025-01-27,S007,M115,Calcium Tablet,Supplement,250,0,0,58,Monday,January,0
2025-05-08,S001,M108,Amoxicillin,Antibiotic,180,1,0,90,Thursday,May,0
2025-12-07,S002,M110,Cetirizine,Allergy,40,0,0,90,Sunday,December,1
2025-10-30,S004,M109,Azithromycin,Antibiotic,220,0,0,79,Thursday,October,0
2025-12-01,S009,M107,Metformin,Diabetes,80,0,0,83,Monday,December,0
2025-05-26,S010,M101,Paracetamol,Painkiller,25,0,0,92,Monday,May,0
2025-10-21,S010,M118,Asthma Inhaler,Respiratory,450,0,0,65,Tuesday,October,0
2025-08-02,S001,M110,Cetirizine,Allergy,40,1,0,119,Saturday,August,1
2025-10-02,S006,M105,ORS,Hydration,25,0,0,67,Thursday,October,0
2025-02-13,S002,M108,Amoxicillin,Antibiotic,180,1,1,97,Thursday,February,0
2025-05-13,S005,M113,Digene,Antacid,60,0,0,81,Tuesday,May,0
2025-09-29,S008,M106,Insulin,Diabetes,550,0,0,49,Monday,September,0
2025-07-20,S004,M118,Asthma Inhaler,Respiratory,450,0,1,92,Sunday,July,1
2025-01-04,S005,M115,Calcium Tablet,Supplement,250,0,0,70,Saturday,January,1
2025-12-02,S003,M120,Hand Sanitizer,Hygiene,90,0,0,79,Tuesday,December,0
2025-02-20,S004,M112,Cough Syrup,Cough,140,1,0,103,Thursday,February,0
2025-05-10,S003,M110,Cetirizine,Allergy,40,1,0,119,Saturday,May,1
2025-02-25,S004,M115,Calcium Tablet,Supplement,250,1,0,100,Tuesday,February,0
2025-09-25,S010,M116,Iron Tablet,Supplement,180,0,1,100,Thursday,September,0
2025-08-10,S007,M116,Iron Tablet,Supplement,180,0,0,77,Sunday,August,1
2025-08-05,S010,M116,Iron Tablet,Supplement,180,1,0,99,Tuesday,August,0
2025-11-10,S004,M112,Cough Syrup,Cough,140,1,0,83,Monday,November,0
2025-06-16,S007,M105,ORS,Hydration,25,0,1,96,Monday,June,0
2025-03-23,S004,M118,Asthma Inhaler,Respiratory,450,0,0,76,Sunday,March,1
2025-07-06,S008,M115,Calcium Tablet,Supplement,250,0,0,84,Sunday,July,1
2025-07-22,S008,M112,Cough Syrup,Cough,140,0,0,69,Tuesday,July,0
2025-12-27,S010,M104,Vitamin C,Vitamin,120,0,0,81,Saturday,December,1
2025-02-04,S007,M117,BP Tablet,Cardiac,320,1,0,94,Tuesday,February,0
2025-01-25,S005,M118,Asthma Inhaler,Respiratory,450,0,0,71,Saturday,January,1
2025-08-31,S004,M102,Crocin,Painkiller,35,0,0,99,Sunday,August,1
2025-02-11,S010,M118,Asthma Inhaler,Respiratory,450,1,0,85,Tuesday,February,0
2025-11-14,S004,M102,Crocin,Painkiller,35,0,0,65,Friday,November,0
2025-09-20,S006,M118,Asthma Inhaler,Respiratory,450,0,0,62,Saturday,September,1
2025-04-25,S001,M114,Pantoprazole,Antacid,110,0,0,69,Friday,April,0
2025-11-18,S003,M102,Crocin,Painkiller,35,0,0,88,Tuesday,November,0
2025-04-29,S006,M111,Benadryl,Cough,90,0,0,90,Tuesday,April,0
2025-06-06,S007,M108,Amoxicillin,Antibiotic,180,0,0,59,Friday,June,0
2025-12-31,S008,M117,BP Tablet,Cardiac,320,0,0,50,Wednesday,December,0
2025-12-17,S002,M114,Pantoprazole,Antacid,110,0,0,64,Wednesday,December,0
2025-05-14,S007,M111,Benadryl,Cough,90,0,0,72,Wednesday,May,0
2025-06-15,S007,M111,Benadryl,Cough,90,0,0,71,Sunday,June,1
2025-08-12,S008,M111,Benadryl,Cough,90,0,0,89,Tuesday,August,0
2025-09-20,S006,M104,Vitamin C,Vitamin,120,1,1,123,Saturday,September,1
2025-12-15,S002,M104,Vitamin C,Vitamin,120,0,0,67,Monday,December,0
2025-11-07,S002,M113,Digene,Antacid,60,1,0,87,Friday,November,0
2025-08-19,S007,M113,Digene,Antacid,60,1,0,82,Tuesday,August,0
2025-06-09,S008,M107,Metformin,Diabetes,80,1,0,97,Monday,June,0
2025-12-29,S009,M104,Vitamin C,Vitamin,120,1,0,81,Monday,December,0
2025-02-28,S001,M120,Hand Sanitizer,Hygiene,90,1,0,98,Friday,February,0
2025-07-07,S002,M111,Benadryl,Cough,90,1,1,121,Monday,July,0
2025-02-06,S008,M106,Insulin,Diabetes,550,1,0,57,Thursday,February,0
2025-03-06,S010,M102,Crocin,Painkiller,35,0,1,97,Thursday,March,0
2025-01-06,S009,M114,Pantoprazole,Antacid,110,0,0,59,Monday,January,0
2025-04-09,S010,M113,Digene,Antacid,60,1,1,113,Wednesday,April,0
2025-11-27,S010,M116,Iron Tablet,Supplement,180,1,0,83,Thursday,November,0
2025-04-17,S010,M117,BP Tablet,Cardiac,320,1,0,79,Thursday,April,0
2025-01-16,S001,M101,Paracetamol,Painkiller,25,0,0,74,Thursday,January,0
2025-05-16,S009,M106,Insulin,Diabetes,550,1,1,85,Friday,May,0
2025-11-12,S001,M102,Crocin,Painkiller,35,0,0,80,Wednesday,November,0
2025-02-01,S010,M114,Pantoprazole,Antacid,110,0,0,71,Saturday,February,1
2025-12-14,S010,M109,Azithromycin,Antibiotic,220,1,0,107,Sunday,December,1
2025-05-30,S006,M105,ORS,Hydration,25,1,0,85,Friday,May,0
2025-05-09,S009,M103,Dolo 650,Painkiller,30,0,0,88,Friday,May,0
2025-08-26,S008,M117,BP Tablet,Cardiac,320,0,0,68,Tuesday,August,0
2025-06-11,S007,M101,Paracetamol,Painkiller,25,0,0,77,Wednesday,June,0
2025-01-01,S002,M119,Eye Drops,Eye Care,160,0,0,86,Wednesday,January,0
2025-05-18,S008,M113,Digene,Antacid,60,0,0,75,Sunday,May,1
2025-09-03,S008,M104,Vitamin C,Vitamin,120,1,0,82,Wednesday,September,0
2025-10-29,S005,M117,BP Tablet,Cardiac,320,1,0,88,Wednesday,October,0
2025-10-16,S003,M106,Insulin,Diabetes,550,0,0,53,Thursday,October,0
2025-01-27,S009,M106,Insulin,Diabetes,550,0,0,53,Monday,January,0
2025-12-21,S007,M105,ORS,Hydration,25,1,0,109,Sunday,December,1
2025-10-01,S007,M101,Paracetamol,Painkiller,25,0,0,64,Wednesday,October,0
2025-08-29,S006,M101,Paracetamol,Painkiller,25,0,1,102,Friday,August,0
2025-03-21,S006,M112,Cough Syrup,Cough,140,1,0,94,Friday,March,0
2025-09-20,S002,M105,ORS,Hydration,25,0,0,86,Saturday,September,1
2025-11-10,S004,M103,Dolo 650,Painkiller,30,0,0,66,Monday,November,0
2025-04-27,S003,M104,Vitamin C,Vitamin,120,0,0,89,Sunday,April,1
2025-04-22,S004,M114,Pantoprazole,Antacid,110,0,0,83,Tuesday,April,0
2025-04-10,S010,M106,Insulin,Diabetes,550,1,0,71,Thursday,April,0
2025-08-10,S009,M120,Hand Sanitizer,Hygiene,90,0,0,85,Sunday,August,1
2025-07-21,S005,M108,Amoxicillin,Antibiotic,180,0,0,76,Monday,July,0
2025-12-15,S007,M114,Pantoprazole,Antacid,110,0,0,85,Monday,December,0
2025-07-20,S010,M107,Metformin,Diabetes,80,0,0,74,Sunday,July,1
2025-09-28,S009,M103,Dolo 650,Painkiller,30,0,0,96,Sunday,September,1
2025-04-14,S001,M104,Vitamin C,Vitamin,120,0,0,86,Monday,April,0
2025-08-29,S010,M119,Eye Drops,Eye Care,160,0,0,72,Friday,August,0
2025-12-24,S005,M111,Benadryl,Cough,90,0,1,78,Wednesday,December,0
2025-07-12,S009,M113,Digene,Antacid,60,0,1,93,Saturday,July,1
2025-05-14,S003,M107,Metformin,Diabetes,80,0,0,61,Wednesday,May,0
2025-03-28,S009,M105,ORS,Hydration,25,0,1,82,Friday,March,0
2025-01-28,S004,M112,Cough Syrup,Cough,140,1,0,91,Tuesday,January,0
2025-07-05,S010,M102,Crocin,Painkiller,35,0,0,85,Saturday,July,1
2025-10-29,S002,M116,Iron Tablet,Supplement,180,0,0,64,Wednesday,October,0
2025-04-06,S005,M119,Eye Drops,Eye Care,160,0,0,93,Sunday,April,1
2025-08-02,S002,M101,Paracetamol,Painkiller,25,0,0,103,Saturday,August,1
2025-02-21,S004,M111,Benadryl,Cough,90,0,0,61,Friday,February,0
2025-01-23,S005,M117,BP Tablet,Cardiac,320,1,1,89,Thursday,January,0
2025-06-07,S008,M120,Hand Sanitizer,Hygiene,90,0,1,113,Saturday,June,1
2025-05-22,S005,M103,Dolo 650,Painkiller,30,0,0,64,Thursday,May,0
2025-07-02,S001,M115,Calcium Tablet,Supplement,250,0,0,82,Wednesday,July,0
2025-09-01,S002,M107,Metformin,Diabetes,80,1,0,99,Monday,September,0
2025-07-15,S007,M104,Vitamin C,Vitamin,120,1,0,107,Tuesday,July,0
2025-06-05,S007,M118,Asthma Inhaler,Respiratory,450,0,0,66,Thursday,June,0
2025-07-10,S001,M110,Cetirizine,Allergy,40,0,0,82,Thursday,July,0
2025-08-12,S001,M102,Crocin,Painkiller,35,1,0,95,Tuesday,August,0
2025-09-16,S001,M101,Paracetamol,Painkiller,25,0,1,96,Tuesday,September,0
2025-02-20,S005,M107,Metformin,Diabetes,80,0,0,89,Thursday,February,0
2025-12-28,S004,M111,Benadryl,Cough,90,0,0,73,Sunday,December,1
2025-03-29,S007,M108,Amoxicillin,Antibiotic,180,1,0,116,Saturday,March,1
2025-02-15,S004,M114,Pantoprazole,Antacid,110,0,0,97,Saturday,February,1
2025-10-10,S001,M120,Hand Sanitizer,Hygiene,90,0,0,82,Friday,October,0
2025-01-16,S002,M105,ORS,Hydration,25,0,0,83,Thursday,January,0
2025-05-18,S007,M115,Calcium Tablet,Supplement,250,0,0,66,Sunday,May,1
2025-03-24,S006,M108,Amoxicillin,Antibiotic,180,0,0,74,Monday,March,0
2025-02-06,S005,M109,Azithromycin,Antibiotic,220,0,0,65,Thursday,February,0
2025-07-12,S010,M116,Iron Tablet,Supplement,180,0,0,86,Saturday,July,1
2025-04-04,S005,M119,Eye Drops,Eye Care,160,0,0,57,Friday,April,0
2025-12-06,S001,M105,ORS,Hydration,25,0,0,75,Saturday,December,1
2025-01-28,S005,M102,Crocin,Painkiller,35,0,0,75,Tuesday,January,0
2025-08-17,S001,M112,Cough Syrup,Cough,140,1,0,118,Sunday,August,1
2025-05-09,S010,M118,Asthma Inhaler,Respiratory,450,1,0,67,Friday,May,0
2025-06-09,S001,M110,Cetirizine,Allergy,40,0,0,90,Monday,June,0
2025-03-26,S002,M111,Benadryl,Cough,90,0,0,66,Wednesday,March,0
2025-11-01,S006,M104,Vitamin C,Vitamin,120,0,0,91,Saturday,November,1
2025-02-20,S002,M114,Pantoprazole,Antacid,110,1,0,85,Thursday,February,0
2025-09-15,S006,M115,Calcium Tablet,Supplement,250,0,0,80,Monday,September,0
2025-09-08,S005,M114,Pantoprazole,Antacid,110,1,0,97,Monday,September,0
2025-03-11,S007,M106,Insulin,Diabetes,550,1,0,72,Tuesday,March,0
2025-08-24,S004,M118,Asthma Inhaler,Respiratory,450,1,1,105,Sunday,August,1
2025-03-27,S007,M115,Calcium Tablet,Supplement,250,0,0,52,Thursday,March,0
2025-08-19,S008,M103,Dolo 650,Painkiller,30,1,0,87,Tuesday,August,0
2025-02-23,S003,M105,ORS,Hydration,25,1,0,121,Sunday,February,1
2025-05-14,S005,M105,ORS,Hydration,25,0,0,77,Wednesday,May,0
2025-03-08,S004,M111,Benadryl,Cough,90,1,0,101,Saturday,March,1
2025-04-07,S005,M115,Calcium Tablet,Supplement,250,0,0,72,Monday,April,0
2025-07-26,S008,M118,Asthma Inhaler,Respiratory,450,1,0,75,Saturday,July,1
2025-02-04,S008,M115,Calcium Tablet,Supplement,250,1,0,85,Tuesday,February,0
2025-01-17,S001,M115,Calcium Tablet,Supplement,250,0,0,55,Friday,January,0
2025-07-01,S003,M109,Azithromycin,Antibiotic,220,1,0,85,Tuesday,July,0
2025-04-30,S006,M103,Dolo 650,Painkiller,30,0,0,66,Wednesday,April,0
2025-09-17,S001,M112,Cough Syrup,Cough,140,0,0,62,Wednesday,September,0
2025-02-28,S010,M105,ORS,Hydration,25,0,0,82,Friday,February,0
2025-08-06,S005,M105,ORS,Hydration,25,1,0,97,Wednesday,August,0
2025-12-21,S002,M102,Crocin,Painkiller,35,0,0,94,Sunday,December,1
2025-12-10,S005,M117,BP Tablet,Cardiac,320,0,1,80,Wednesday,December,0
2025-02-13,S002,M113,Digene,Antacid,60,0,0,62,Thursday,February,0
2025-05-06,S005,M109,Azithromycin,Antibiotic,220,1,0,99,Tuesday,May,0
2025-05-04,S002,M112,Cough Syrup,Cough,140,0,0,97,Sunday,May,1
2025-01-07,S005,M105,ORS,Hydration,25,0,0,78,Tuesday,January,0
2025-01-31,S002,M107,Metformin,Diabetes,80,0,0,91,Friday,January,0
2025-04-11,S001,M117,BP Tablet,Cardiac,320,0,1,67,Friday,April,0
2025-12-30,S006,M113,Digene,Antacid,60,0,0,80,Tuesday,December,0
2025-11-23,S002,M114,Pantoprazole,Antacid,110,0,0,70,Sunday,November,1
2025-05-12,S001,M103,Dolo 650,Painkiller,30,1,0,90,Monday,May,0
2025-10-15,S001,M104,Vitamin C,Vitamin,120,1,0,106,Wednesday,October,0
2025-09-07,S006,M109,Azithromycin,Antibiotic,220,1,0,105,Sunday,September,1
2025-01-15,S001,M111,Benadryl,Cough,90,0,0,85,Wednesday,January,0
2025-03-29,S004,M106,Insulin,Diabetes,550,1,0,76,Saturday,March,1
2025-02-02,S002,M112,Cough Syrup,Cough,140,0,1,107,Sunday,February,1
2025-11-13,S010,M119,Eye Drops,Eye Care,160,0,0,75,Thursday,November,0
2025-09-11,S008,M120,Hand Sanitizer,Hygiene,90,0,0,81,Thursday,September,0
2025-12-06,S002,M116,Iron Tablet,Supplement,180,1,1,110,Saturday,December,1
2025-10-16,S005,M107,Metformin,Diabetes,80,0,0,81,Thursday,October,0
2025-05-15,S004,M114,Pantoprazole,Antacid,110,1,0,89,Thursday,May,0
2025-03-13,S001,M102,Crocin,Painkiller,35,0,0,65,Thursday,March,0
2025-02-15,S008,M103,Dolo 650,Painkiller,30,0,0,88,Saturday,February,1
2025-03-18,S001,M114,Pantoprazole,Antacid,110,0,0,59,Tuesday,March,0
2025-08-25,S005,M102,Crocin,Painkiller,35,1,0,102,Monday,August,0
2025-04-22,S002,M106,Insulin,Diabetes,550,1,0,70,Tuesday,April,0
2025-06-12,S005,M108,Amoxicillin,Antibiotic,180,1,0,89,Thursday,June,0
2025-12-09,S008,M117,BP Tablet,Cardiac,320,0,0,54,Tuesday,December,0
2025-09-01,S010,M111,Benadryl,Cough,90,1,0,103,Monday,September,0
2025-11-04,S003,M115,Calcium Tablet,Supplement,250,0,0,57,Tuesday,November,0
2025-08-19,S007,M116,Iron Tablet,Supplement,180,0,0,64,Tuesday,August,0
2025-03-20,S010,M105,ORS,Hydration,25,0,0,75,Thursday,March,0
2025-07-16,S001,M110,Cetirizine,Allergy,40,0,0,76,Wednesday,July,0
2025-05-30,S008,M104,Vitamin C,Vitamin,120,0,0,73,Friday,May,0
2025-09-08,S009,M108,Amoxicillin,Antibiotic,180,0,0,72,Monday,September,0
2025-02-19,S008,M112,Cough Syrup,Cough,140,0,0,65,Wednesday,February,0
2025-05-13,S005,M103,Dolo 650,Painkiller,30,1,0,102,Tuesday,May,0
2025-12-24,S003,M115,Calcium Tablet,Supplement,250,1,0,78,Wednesday,December,0
2025-01-02,S010,M119,Eye Drops,Eye Care,160,1,0,84,Thursday,January,0
2025-10-24,S006,M108,Amoxicillin,Antibiotic,180,0,0,86,Friday,October,0
2025-10-25,S006,M106,Insulin,Diabetes,550,0,0,52,Saturday,October,1
2025-05-06,S008,M107,Metformin,Diabetes,80,0,0,91,Tuesday,May,0
2025-09-28,S001,M116,Iron Tablet,Supplement,180,1,0,109,Sunday,September,1
2025-05-11,S001,M103,Dolo 650,Painkiller,30,0,0,96,Sunday,May,1
2025-04-17,S003,M119,Eye Drops,Eye Care,160,1,0,94,Thursday,April,0
2025-04-01,S009,M117,BP Tablet,Cardiac,320,0,0,73,Tuesday,April,0
2025-08-21,S010,M103,Dolo 650,Painkiller,30,0,0,77,Thursday,August,0
2025-05-24,S001,M114,Pantoprazole,Antacid,110,0,0,98,Saturday,May,1
2025-06-20,S006,M104,Vitamin C,Vitamin,120,0,0,87,Friday,June,0
2025-02-05,S004,M102,Crocin,Painkiller,35,0,0,89,Wednesday,February,0
2025-11-02,S002,M120,Hand Sanitizer,Hygiene,90,0,0,97,Sunday,November,1
2025-06-16,S009,M104,Vitamin C,Vitamin,120,0,0,61,Monday,June,0
2025-12-17,S005,M114,Pantoprazole,Antacid,110,1,1,112,Wednesday,December,0
2025-05-12,S007,M108,Amoxicillin,Antibiotic,180,0,0,65,Monday,May,0
2025-11-10,S004,M114,Pantoprazole,Antacid,110,0,0,66,Monday,November,0
2025-09-13,S005,M107,Metformin,Diabetes,80,0,0,72,Saturday,September,1
2025-03-10,S001,M102,Crocin,Painkiller,35,0,0,65,Monday,March,0
2025-03-14,S007,M104,Vitamin C,Vitamin,120,1,0,100,Friday,March,0
2025-12-07,S010,M116,Iron Tablet,Supplement,180,0,0,91,Sunday,December,1
2025-07-07,S006,M104,Vitamin C,Vitamin,120,0,0,86,Monday,July,0
2025-02-02,S005,M118,Asthma Inhaler,Respiratory,450,1,0,78,Sunday,February,1
2025-05-09,S007,M117,BP Tablet,Cardiac,320,0,0,62,Friday,May,0
2025-07-22,S010,M110,Cetirizine,Allergy,40,0,0,92,Tuesday,July,0
2025-01-14,S007,M102,Crocin,Painkiller,35,0,0,81,Tuesday,January,0
2025-10-23,S001,M105,ORS,Hydration,25,0,1,82,Thursday,October,0
2025-02-04,S002,M115,Calcium Tablet,Supplement,250,1,1,110,Tuesday,February,0
2025-02-25,S004,M102,Crocin,Painkiller,35,1,0,109,Tuesday,February,0
2025-04-21,S009,M114,Pantoprazole,Antacid,110,0,0,71,Monday,April,0
2025-09-23,S003,M120,Hand Sanitizer,Hygiene,90,1,0,83,Tuesday,September,0
2025-03-25,S008,M113,Digene,Antacid,60,0,0,84,Tuesday,March,0
2025-11-27,S001,M105,ORS,Hydration,25,0,0,68,Thursday,November,0
2025-08-05,S007,M102,Crocin,Painkiller,35,1,0,86,Tuesday,August,0
2025-10-30,S001,M105,ORS,Hydration,25,1,0,110,Thursday,October,0
2025-12-29,S007,M115,Calcium Tablet,Supplement,250,0,0,79,Monday,December,0
2025-04-03,S009,M101,Paracetamol,Painkiller,25,1,1,101,Thursday,April,0
2025-05-12,S007,M117,BP Tablet,Cardiac,320,1,0,89,Monday,May,0
2025-01-11,S005,M103,Dolo 650,Painkiller,30,0,0,82,Saturday,January,1
2025-09-13,S006,M106,Insulin,Diabetes,550,1,0,97,Saturday,September,1
2025-09-07,S002,M114,Pantoprazole,Antacid,110,0,0,92,Sunday,September,1
2025-01-08,S005,M108,Amoxicillin,Antibiotic,180,0,0,58,Wednesday,January,0
2025-08-28,S008,M103,Dolo 650,Painkiller,30,0,0,70,Thursday,August,0
2025-06-22,S005,M110,Cetirizine,Allergy,40,0,0,76,Sunday,June,1
2025-05-30,S002,M108,Amoxicillin,Antibiotic,180,1,0,79,Friday,May,0
2025-01-07,S001,M113,Digene,Antacid,60,0,0,66,Tuesday,January,0
2025-04-10,S003,M114,Pantoprazole,Antacid,110,0,1,88,Thursday,April,0
2025-09-09,S002,M103,Dolo 650,Painkiller,30,0,0,93,Tuesday,September,0
2025-04-09,S009,M118,Asthma Inhaler,Respiratory,450,1,0,91,Wednesday,April,0
2025-05-06,S001,M106,Insulin,Diabetes,550,1,1,97,Tuesday,May,0
2025-01-09,S005,M119,Eye Drops,Eye Care,160,0,0,85,Thursday,January,0
2025-04-25,S004,M106,Insulin,Diabetes,550,0,0,40,Friday,April,0
2025-09-07,S009,M120,Hand Sanitizer,Hygiene,90,0,0,94,Sunday,September,1
2025-11-06,S004,M104,Vitamin C,Vitamin,120,1,0,87,Thursday,November,0
2025-05-20,S003,M105,ORS,Hydration,25,0,0,67,Tuesday,May,0
2025-05-13,S009,M118,Asthma Inhaler,Respiratory,450,1,1,97,Tuesday,May,0
2025-05-31,S001,M111,Benadryl,Cough,90,0,0,86,Saturday,May,1
2025-05-06,S005,M119,Eye Drops,Eye Care,160,1,0,86,Tuesday,May,0
2025-05-29,S005,M120,Hand Sanitizer,Hygiene,90,0,0,71,Thursday,May,0
2025-11-22,S008,M101,Paracetamol,Painkiller,25,1,0,108,Saturday,November,1
2025-06-10,S008,M108,Amoxicillin,Antibiotic,180,0,0,59,Tuesday,June,0
2025-01-16,S003,M101,Paracetamol,Painkiller,25,0,0,90,Thursday,January,0
2025-02-24,S008,M113,Digene,Antacid,60,0,1,102,Monday,February,0
2025-07-30,S004,M112,Cough Syrup,Cough,140,1,0,88,Wednesday,July,0
2025-02-01,S008,M111,Benadryl,Cough,90,0,0,92,Saturday,February,1
2025-03-26,S007,M117,BP Tablet,Cardiac,320,0,0,75,Wednesday,March,0
2025-07-14,S007,M109,Azithromycin,Antibiotic,220,0,0,59,Monday,July,0
2025-04-23,S004,M111,Benadryl,Cough,90,0,0,71,Wednesday,April,0
2025-02-04,S004,M105,ORS,Hydration,25,0,0,93,Tuesday,February,0
2025-09-14,S007,M120,Hand Sanitizer,Hygiene,90,0,0,82,Sunday,September,1
2025-02-14,S005,M104,Vitamin C,Vitamin,120,1,0,98,Friday,February,0
2025-09-16,S009,M109,Azithromycin,Antibiotic,220,0,0,81,Tuesday,September,0
2025-01-07,S004,M107,Metformin,Diabetes,80,0,0,91,Tuesday,January,0
2025-09-19,S009,M120,Hand Sanitizer,Hygiene,90,0,0,61,Friday,September,0
2025-09-20,S001,M107,Metformin,Diabetes,80,1,0,120,Saturday,September,1
2025-06-30,S006,M116,Iron Tablet,Supplement,180,0,0,83,Monday,June,0
2025-01-07,S006,M110,Cetirizine,Allergy,40,1,0,95,Tuesday,January,0
2025-09-16,S007,M113,Digene,Antacid,60,1,0,104,Tuesday,September,0
2025-04-20,S003,M107,Metformin,Diabetes,80,0,0,93,Sunday,April,1
2025-11-20,S001,M105,ORS,Hydration,25,0,0,66,Thursday,November,0
2025-04-16,S010,M104,Vitamin C,Vitamin,120,0,0,77,Wednesday,April,0
2025-09-24,S001,M105,ORS,Hydration,25,1,0,95,Wednesday,September,0
2025-06-13,S007,M105,ORS,Hydration,25,0,0,93,Friday,June,0
2025-06-05,S003,M112,Cough Syrup,Cough,140,0,0,64,Thursday,June,0
2025-12-07,S003,M114,Pantoprazole,Antacid,110,0,0,82,Sunday,December,1
2025-09-08,S008,M116,Iron Tablet,Supplement,180,0,0,57,Monday,September,0
2025-07-19,S002,M115,Calcium Tablet,Supplement,250,0,0,65,Saturday,July,1
2025-11-25,S002,M111,Benadryl,Cough,90,0,0,86,Tuesday,November,0
2025-07-21,S006,M119,Eye Drops,Eye Care,160,0,0,67,Monday,July,0
2025-10-28,S008,M110,Cetirizine,Allergy,40,0,0,73,Tuesday,October,0
2025-01-14,S005,M111,Benadryl,Cough,90,0,0,88,Tuesday,January,0
2025-12-19,S003,M106,Insulin,Diabetes,550,1,0,71,Friday,December,0
2025-05-02,S004,M120,Hand Sanitizer,Hygiene,90,0,0,82,Friday,May,0
2025-01-21,S006,M111,Benadryl,Cough,90,0,0,61,Tuesday,January,0
2025-05-24,S007,M101,Paracetamol,Painkiller,25,1,0,94,Saturday,May,1
2025-04-22,S003,M118,Asthma Inhaler,Respiratory,450,0,0,72,Tuesday,April,0
2025-05-19,S002,M117,BP Tablet,Cardiac,320,0,0,53,Monday,May,0
2025-05-16,S009,M103,Dolo 650,Painkiller,30,0,0,68,Friday,May,0
2025-11-13,S005,M114,Pantoprazole,Antacid,110,0,1,80,Thursday,November,0
2025-10-27,S001,M111,Benadryl,Cough,90,0,0,77,Monday,October,0
2025-05-22,S002,M116,Iron Tablet,Supplement,180,0,0,75,Thursday,May,0
2025-05-25,S001,M106,Insulin,Diabetes,550,1,0,72,Sunday,May,1
2025-11-02,S009,M104,Vitamin C,Vitamin,120,1,0,96,Sunday,November,1
2025-09-01,S005,M109,Azithromycin,Antibiotic,220,0,0,69,Monday,September,0
2025-01-05,S007,M115,Calcium Tablet,Supplement,250,0,0,84,Sunday,January,1
2025-10-04,S007,M108,Amoxicillin,Antibiotic,180,0,0,82,Saturday,October,1
2025-03-17,S008,M105,ORS,Hydration,25,0,0,76,Monday,March,0
2025-06-27,S002,M109,Azithromycin,Antibiotic,220,1,0,87,Friday,June,0
2025-06-01,S007,M108,Amoxicillin,Antibiotic,180,0,0,72,Sunday,June,1
2025-07-02,S006,M113,Digene,Antacid,60,1,1,125,Wednesday,July,0
2025-06-07,S004,M119,Eye Drops,Eye Care,160,1,0,112,Saturday,June,1
2025-06-20,S003,M112,Cough Syrup,Cough,140,0,0,78,Friday,June,0
2025-06-06,S002,M118,Asthma Inhaler,Respiratory,450,1,0,82,Friday,June,0
2025-02-06,S004,M118,Asthma Inhaler,Respiratory,450,0,0,43,Thursday,February,0
2025-07-26,S009,M104,Vitamin C,Vitamin,120,0,0,92,Saturday,July,1
2025-05-12,S004,M110,Cetirizine,Allergy,40,0,0,82,Monday,May,0
2025-07-22,S009,M106,Insulin,Diabetes,550,0,0,67,Tuesday,July,0
2025-04-30,S005,M104,Vitamin C,Vitamin,120,0,0,83,Wednesday,April,0
2025-09-05,S003,M107,Metformin,Diabetes,80,0,1,104,Friday,September,0
2025-05-16,S010,M111,Benadryl,Cough,90,0,0,70,Friday,May,0
2025-09-05,S005,M103,Dolo 650,Painkiller,30,0,0,81,Friday,September,0
2025-09-01,S006,M101,Paracetamol,Painkiller,25,0,0,72,Monday,September,0
2025-07-28,S003,M119,Eye Drops,Eye Care,160,0,0,81,Monday,July,0
2025-09-07,S006,M105,ORS,Hydration,25,1,0,109,Sunday,September,1
2025-02-02,S008,M117,BP Tablet,Cardiac,320,1,0,84,Sunday,February,1
2025-12-15,S005,M104,Vitamin C,Vitamin,120,0,0,85,Monday,December,0
2025-02-21,S005,M105,ORS,Hydration,25,0,0,66,Friday,February,0
2025-12-28,S009,M107,Metformin,Diabetes,80,0,0,72,Sunday,December,1
2025-05-09,S009,M115,Calcium Tablet,Supplement,250,1,0,84,Friday,May,0
2025-04-25,S003,M120,Hand Sanitizer,Hygiene,90,0,0,86,Friday,April,0
2025-01-04,S001,M113,Digene,Antacid,60,0,0,90,Saturday,January,1
2025-08-29,S007,M112,Cough Syrup,Cough,140,0,0,77,Friday,August,0
2025-03-03,S008,M107,Metformin,Diabetes,80,0,0,84,Monday,March,0
2025-09-28,S010,M107,Metformin,Diabetes,80,0,0,74,Sunday,September,1
2025-10-05,S001,M110,Cetirizine,Allergy,40,0,0,89,Sunday,October,1
2025-08-19,S005,M120,Hand Sanitizer,Hygiene,90,0,0,71,Tuesday,August,0
2025-08-30,S004,M101,Paracetamol,Painkiller,25,1,0,104,Saturday,August,1
2025-01-07,S008,M111,Benadryl,Cough,90,0,0,81,Tuesday,January,0
2025-06-02,S004,M115,Calcium Tablet,Supplement,250,0,0,60,Monday,June,0
2025-01-25,S003,M117,BP Tablet,Cardiac,320,0,0,84,Saturday,January,1
2025-11-10,S005,M105,ORS,Hydration,25,1,0,92,Monday,November,0
2025-10-24,S001,M101,Paracetamol,Painkiller,25,0,0,91,Friday,October,0
2025-10-31,S004,M106,Insulin,Diabetes,550,0,0,50,Friday,October,0
2025-03-03,S004,M118,Asthma Inhaler,Respiratory,450,0,0,55,Monday,March,0
2025-10-29,S010,M117,BP Tablet,Cardiac,320,0,0,75,Wednesday,October,0
2025-09-28,S006,M107,Metformin,Diabetes,80,0,0,80,Sunday,September,1
2025-03-10,S001,M101,Paracetamol,Painkiller,25,0,0,70,Monday,March,0
2025-04-18,S001,M103,Dolo 650,Painkiller,30,0,0,78,Friday,April,0
2025-02-28,S005,M115,Calcium Tablet,Supplement,250,0,0,62,Friday,February,0
2025-04-17,S001,M106,Insulin,Diabetes,550,0,0,47,Thursday,April,0
2025-10-22,S005,M105,ORS,Hydration,25,0,0,65,Wednesday,October,0
2025-07-19,S001,M117,BP Tablet,Cardiac,320,0,0,78,Saturday,July,1
2025-06-24,S005,M117,BP Tablet,Cardiac,320,1,0,92,Tuesday,June,0
2025-12-10,S001,M118,Asthma Inhaler,Respiratory,450,0,0,56,Wednesday,December,0
2025-05-23,S007,M119,Eye Drops,Eye Care,160,0,0,67,Friday,May,0
2025-09-17,S009,M111,Benadryl,Cough,90,0,1,91,Wednesday,September,0
2025-09-02,S006,M102,Crocin,Painkiller,35,0,0,63,Tuesday,September,0
2025-06-16,S010,M118,Asthma Inhaler,Respiratory,450,1,0,89,Monday,June,0
2025-05-19,S003,M107,Metformin,Diabetes,80,0,0,61,Monday,May,0
2025-01-06,S002,M104,Vitamin C,Vitamin,120,0,0,76,Monday,January,0
2025-06-19,S002,M112,Cough Syrup,Cough,140,0,0,82,Thursday,June,0
2025-03-23,S009,M105,ORS,Hydration,25,1,0,100,Sunday,March,1
2025-01-28,S004,M119,Eye Drops,Eye Care,160,0,0,74,Tuesday,January,0
2025-04-14,S010,M119,Eye Drops,Eye Care,160,0,0,74,Monday,April,0
2025-12-04,S006,M120,Hand Sanitizer,Hygiene,90,0,0,65,Thursday,December,0
2025-07-06,S002,M107,Metformin,Diabetes,80,1,1,113,Sunday,July,1
2025-04-12,S008,M118,Asthma Inhaler,Respiratory,450,1,0,92,Saturday,April,1
2025-10-17,S004,M120,Hand Sanitizer,Hygiene,90,0,0,74,Friday,October,0
2025-06-25,S004,M108,Amoxicillin,Antibiotic,180,0,1,76,Wednesday,June,0
2025-10-08,S008,M117,BP Tablet,Cardiac,320,0,0,55,Wednesday,October,0
2025-08-08,S008,M101,Paracetamol,Painkiller,25,0,0,80,Friday,August,0
2025-12-23,S002,M107,Metformin,Diabetes,80,1,0,94,Tuesday,December,0
2025-05-03,S006,M118,Asthma Inhaler,Respiratory,450,0,0,57,Saturday,May,1
2025-08-16,S007,M106,Insulin,Diabetes,550,0,0,74,Saturday,August,1
2025-03-08,S008,M108,Amoxicillin,Antibiotic,180,1,0,107,Saturday,March,1
2025-07-22,S009,M118,Asthma Inhaler,Respiratory,450,0,0,70,Tuesday,July,0
2025-03-05,S003,M120,Hand Sanitizer,Hygiene,90,0,0,62,Wednesday,March,0
2025-10-04,S003,M115,Calcium Tablet,Supplement,250,0,0,75,Saturday,October,1
2025-05-26,S005,M103,Dolo 650,Painkiller,30,0,0,69,Monday,May,0
2025-06-05,S007,M111,Benadryl,Cough,90,0,0,65,Thursday,June,0
2025-11-23,S007,M120,Hand Sanitizer,Hygiene,90,0,0,83,Sunday,November,1
2025-10-14,S008,M110,Cetirizine,Allergy,40,0,0,86,Tuesday,October,0
2025-06-10,S007,M105,ORS,Hydration,25,0,0,69,Tuesday,June,0
2025-04-14,S010,M109,Azithromycin,Antibiotic,220,0,0,77,Monday,April,0
2025-04-21,S009,M110,Cetirizine,Allergy,40,0,0,68,Monday,April,0
2025-01-19,S006,M102,Crocin,Painkiller,35,1,0,103,Sunday,January,1
2025-01-16,S003,M102,Crocin,Painkiller,35,1,0,110,Thursday,January,0
2025-12-15,S001,M112,Cough Syrup,Cough,140,1,0,102,Monday,December,0
2025-09-06,S007,M119,Eye Drops,Eye Care,160,0,0,80,Saturday,September,1
2025-05-28,S004,M109,Azithromycin,Antibiotic,220,0,1,94,Wednesday,May,0
2025-12-27,S008,M113,Digene,Antacid,60,1,0,109,Saturday,December,1
2025-06-02,S002,M116,Iron Tablet,Supplement,180,1,0,92,Monday,June,0
2025-08-28,S003,M101,Paracetamol,Painkiller,25,0,0,88,Thursday,August,0
2025-07-07,S009,M114,Pantoprazole,Antacid,110,1,0,91,Monday,July,0
2025-05-20,S004,M112,Cough Syrup,Cough,140,1,0,79,Tuesday,May,0
2025-03-12,S006,M111,Benadryl,Cough,90,1,0,109,Wednesday,March,0
2025-11-28,S007,M105,ORS,Hydration,25,0,0,69,Friday,November,0
2025-10-09,S004,M112,Cough Syrup,Cough,140,0,0,69,Thursday,October,0
2025-11-22,S006,M113,Digene,Antacid,60,0,1,116,Saturday,November,1
2025-09-06,S010,M106,Insulin,Diabetes,550,1,0,93,Saturday,September,1
2025-03-17,S005,M107,Metformin,Diabetes,80,0,0,83,Monday,March,0
2025-06-07,S004,M110,Cetirizine,Allergy,40,0,0,74,Saturday,June,1
2025-01-08,S005,M103,Dolo 650,Painkiller,30,0,1,83,Wednesday,January,0
2025-03-21,S004,M118,Asthma Inhaler,Respiratory,450,0,1,82,Friday,March,0
2025-05-07,S003,M120,Hand Sanitizer,Hygiene,90,0,0,77,Wednesday,May,0
2025-03-05,S002,M114,Pantoprazole,Antacid,110,0,0,77,Wednesday,March,0
2025-06-15,S002,M110,Cetirizine,Allergy,40,1,0,109,Sunday,June,1
2025-04-07,S010,M119,Eye Drops,Eye Care,160,0,0,65,Monday,April,0
2025-12-14,S005,M114,Pantoprazole,Antacid,110,0,0,70,Sunday,December,1
2025-03-10,S008,M110,Cetirizine,Allergy,40,0,0,71,Monday,March,0
2025-08-17,S006,M108,Amoxicillin,Antibiotic,180,0,0,89,Sunday,August,1
2025-03-20,S010,M115,Calcium Tablet,Supplement,250,0,0,54,Thursday,March,0
2025-04-11,S009,M105,ORS,Hydration,25,1,0,86,Friday,April,0
2025-04-21,S007,M106,Insulin,Diabetes,550,0,0,41,Monday,April,0
2025-04-30,S005,M116,Iron Tablet,Supplement,180,0,1,75,Wednesday,April,0
2025-10-13,S003,M108,Amoxicillin,Antibiotic,180,0,0,83,Monday,October,0
2025-07-04,S002,M107,Metformin,Diabetes,80,0,0,88,Friday,July,0
2025-05-17,S006,M120,Hand Sanitizer,Hygiene,90,0,1,109,Saturday,May,1
2025-09-04,S008,M118,Asthma Inhaler,Respiratory,450,0,0,68,Thursday,September,0
2025-10-23,S003,M103,Dolo 650,Painkiller,30,1,0,103,Thursday,October,0
2025-11-22,S001,M114,Pantoprazole,Antacid,110,0,1,99,Saturday,November,1
2025-03-10,S004,M118,Asthma Inhaler,Respiratory,450,0,0,49,Monday,March,0
2025-10-09,S008,M114,Pantoprazole,Antacid,110,0,0,69,Thursday,October,0
2025-05-22,S009,M110,Cetirizine,Allergy,40,0,0,81,Thursday,May,0
2025-03-04,S005,M107,Metformin,Diabetes,80,1,0,101,Tuesday,March,0
2025-06-23,S001,M114,Pantoprazole,Antacid,110,0,1,91,Monday,June,0
2025-07-04,S009,M119,Eye Drops,Eye Care,160,0,0,82,Friday,July,0
2025-10-20,S008,M112,Cough Syrup,Cough,140,1,0,90,Monday,October,0
2025-02-17,S010,M117,BP Tablet,Cardiac,320,1,0,76,Monday,February,0
2025-01-14,S008,M118,Asthma Inhaler,Respiratory,450,1,0,91,Tuesday,January,0
2025-05-13,S008,M101,Paracetamol,Painkiller,25,1,0,84,Tuesday,May,0
2025-11-19,S010,M104,Vitamin C,Vitamin,120,1,0,83,Wednesday,November,0
2025-04-27,S003,M108,Amoxicillin,Antibiotic,180,0,0,91,Sunday,April,1
2025-04-28,S001,M102,Crocin,Painkiller,35,0,0,89,Monday,April,0
2025-09-26,S006,M115,Calcium Tablet,Supplement,250,1,0,74,Friday,September,0
2025-11-05,S010,M116,Iron Tablet,Supplement,180,0,0,74,Wednesday,November,0
2025-07-13,S004,M104,Vitamin C,Vitamin,120,0,0,79,Sunday,July,1
2025-01-11,S007,M118,Asthma Inhaler,Respiratory,450,0,0,72,Saturday,January,1
2025-07-15,S007,M120,Hand Sanitizer,Hygiene,90,0,0,83,Tuesday,July,0
2025-11-24,S009,M117,BP Tablet,Cardiac,320,0,0,72,Monday,November,0
2025-08-21,S003,M113,Digene,Antacid,60,0,0,86,Thursday,August,0
2025-01-15,S010,M107,Metformin,Diabetes,80,0,0,91,Wednesday,January,0
2025-02-01,S010,M103,Dolo 650,Painkiller,30,1,0,105,Saturday,February,1
2025-10-27,S008,M107,Metformin,Diabetes,80,1,0,99,Monday,October,0
2025-02-06,S006,M106,Insulin,Diabetes,550,0,0,48,Thursday,February,0
2025-08-13,S005,M102,Crocin,Painkiller,35,0,0,73,Wednesday,August,0
2025-05-05,S001,M113,Digene,Antacid,60,0,0,63,Monday,May,0
2025-11-25,S010,M120,Hand Sanitizer,Hygiene,90,1,1,95,Tuesday,November,0
2025-05-04,S002,M119,Eye Drops,Eye Care,160,0,1,106,Sunday,May,1
2025-06-13,S010,M119,Eye Drops,Eye Care,160,0,0,66,Friday,June,0
2025-06-14,S003,M106,Insulin,Diabetes,550,0,0,54,Saturday,June,1
2025-11-29,S007,M115,Calcium Tablet,Supplement,250,0,0,74,Saturday,November,1
2025-03-15,S009,M109,Azithromycin,Antibiotic,220,0,0,71,Saturday,March,1
2025-10-01,S009,M111,Benadryl,Cough,90,0,0,76,Wednesday,October,0
2025-04-05,S007,M102,Crocin,Painkiller,35,0,0,92,Saturday,April,1
2025-02-28,S007,M112,Cough Syrup,Cough,140,0,0,70,Friday,February,0
2025-12-29,S008,M110,Cetirizine,Allergy,40,0,0,78,Monday,December,0
2025-11-15,S006,M116,Iron Tablet,Supplement,180,1,0,112,Saturday,November,1
2025-09-17,S005,M115,Calcium Tablet,Supplement,250,0,0,72,Wednesday,September,0
2025-05-25,S002,M102,Crocin,Painkiller,35,1,0,103,Sunday,May,1
2025-12-16,S001,M107,Metformin,Diabetes,80,0,0,65,Tuesday,December,0
2025-06-23,S003,M105,ORS,Hydration,25,0,0,63,Monday,June,0
2025-08-10,S006,M118,Asthma Inhaler,Respiratory,450,0,0,70,Sunday,August,1
2025-01-04,S005,M117,BP Tablet,Cardiac,320,0,0,87,Saturday,January,1
2025-05-12,S001,M107,Metformin,Diabetes,80,1,0,82,Monday,May,0
2025-04-10,S008,M108,Amoxicillin,Antibiotic,180,0,0,63,Thursday,April,0
2025-03-21,S007,M119,Eye Drops,Eye Care,160,1,0,94,Friday,March,0
2025-03-02,S009,M106,Insulin,Diabetes,550,1,0,93,Sunday,March,1
2025-04-03,S004,M119,Eye Drops,Eye Care,160,0,0,81,Thursday,April,0
2025-04-29,S004,M113,Digene,Antacid,60,0,0,78,Tuesday,April,0
2025-01-30,S005,M113,Digene,Antacid,60,0,0,62,Thursday,January,0
2025-09-28,S009,M113,Digene,Antacid,60,1,1,127,Sunday,September,1
2025-08-18,S003,M119,Eye Drops,Eye Care,160,0,0,81,Monday,August,0
2025-09-18,S003,M114,Pantoprazole,Antacid,110,0,0,69,Thursday,September,0
2025-09-28,S006,M109,Azithromycin,Antibiotic,220,0,1,101,Sunday,September,1
2025-01-07,S005,M103,Dolo 650,Painkiller,30,0,0,79,Tuesday,January,0
2025-02-08,S006,M109,Azithromycin,Antibiotic,220,1,0,93,Saturday,February,1
2025-11-10,S005,M118,Asthma Inhaler,Respiratory,450,1,0,77,Monday,November,0
2025-12-22,S010,M103,Dolo 650,Painkiller,30,0,0,67,Monday,December,0
2025-11-26,S002,M120,Hand Sanitizer,Hygiene,90,0,0,69,Wednesday,November,0
2025-06-24,S004,M103,Dolo 650,Painkiller,30,0,0,63,Tuesday,June,0
2025-02-11,S010,M119,Eye Drops,Eye Care,160,0,0,76,Tuesday,February,0
2025-01-04,S009,M109,Azithromycin,Antibiotic,220,0,0,74,Saturday,January,1
2025-08-31,S006,M118,Asthma Inhaler,Respiratory,450,1,0,98,Sunday,August,1
2025-07-01,S009,M116,Iron Tablet,Supplement,180,0,0,66,Tuesday,July,0
2025-03-22,S010,M118,Asthma Inhaler,Respiratory,450,0,0,74,Saturday,March,1
2025-11-13,S003,M111,Benadryl,Cough,90,0,1,102,Thursday,November,0
2025-08-12,S004,M113,Digene,Antacid,60,1,0,96,Tuesday,August,0
2025-08-01,S010,M101,Paracetamol,Painkiller,25,0,0,90,Friday,August,0
2025-02-06,S010,M111,Benadryl,Cough,90,0,1,101,Thursday,February,0
2025-03-15,S006,M106,Insulin,Diabetes,550,0,0,56,Saturday,March,1
2025-01-18,S009,M101,Paracetamol,Painkiller,25,0,0,81,Saturday,January,1
2025-11-10,S007,M104,Vitamin C,Vitamin,120,0,0,62,Monday,November,0
2025-07-02,S004,M118,Asthma Inhaler,Respiratory,450,0,0,53,Wednesday,July,0
2025-12-16,S006,M120,Hand Sanitizer,Hygiene,90,0,0,71,Tuesday,December,0
2025-06-12,S004,M102,Crocin,Painkiller,35,1,0,94,Thursday,June,0
2025-11-15,S001,M107,Metformin,Diabetes,80,0,0,88,Saturday,November,1
2025-12-23,S006,M119,Eye Drops,Eye Care,160,1,0,99,Tuesday,December,0
2025-01-18,S009,M103,Dolo 650,Painkiller,30,0,0,102,Saturday,January,1
2025-07-25,S006,M103,Dolo 650,Painkiller,30,1,0,95,Friday,July,0
2025-01-27,S001,M102,Crocin,Painkiller,35,1,1,126,Monday,January,0
2025-02-12,S004,M101,Paracetamol,Painkiller,25,0,0,63,Wednesday,February,0
2025-06-26,S008,M109,Azithromycin,Antibiotic,220,1,0,89,Thursday,June,0
2025-09-30,S004,M115,Calcium Tablet,Supplement,250,0,0,68,Tuesday,September,0
2025-04-03,S010,M120,Hand Sanitizer,Hygiene,90,1,0,82,Thursday,April,0
2025-11-10,S010,M110,Cetirizine,Allergy,40,0,0,72,Monday,November,0
2025-08-11,S008,M103,Dolo 650,Painkiller,30,0,0,76,Monday,August,0
2025-01-04,S002,M112,Cough Syrup,Cough,140,0,0,90,Saturday,January,1
2025-09-27,S005,M109,Azithromycin,Antibiotic,220,0,0,77,Saturday,September,1
2025-01-24,S003,M106,Insulin,Diabetes,550,1,1,89,Friday,January,0
2025-02-12,S010,M114,Pantoprazole,Antacid,110,0,0,65,Wednesday,February,0
2025-01-20,S005,M118,Asthma Inhaler,Respiratory,450,0,0,63,Monday,January,0
2025-07-13,S007,M110,Cetirizine,Allergy,40,1,0,111,Sunday,July,1
2025-01-02,S010,M114,Pantoprazole,Antacid,110,0,1,84,Thursday,January,0
2025-05-07,S007,M106,Insulin,Diabetes,550,0,0,55,Wednesday,May,0
2025-05-16,S009,M117,BP Tablet,Cardiac,320,0,0,67,Friday,May,0
2025-11-03,S003,M109,Azithromycin,Antibiotic,220,0,0,66,Monday,November,0
2025-07-14,S001,M120,Hand Sanitizer,Hygiene,90,0,0,76,Monday,July,0
2025-11-06,S005,M102,Crocin,Painkiller,35,0,0,63,Thursday,November,0
2025-04-14,S009,M108,Amoxicillin,Antibiotic,180,0,0,67,Monday,April,0
2025-04-19,S003,M116,Iron Tablet,Supplement,180,0,0,69,Saturday,April,1
2025-04-15,S002,M111,Benadryl,Cough,90,1,0,110,Tuesday,April,0
2025-11-07,S004,M118,Asthma Inhaler,Respiratory,450,1,0,77,Friday,November,0
2025-02-22,S004,M115,Calcium Tablet,Supplement,250,1,0,109,Saturday,February,1
2025-09-04,S009,M104,Vitamin C,Vitamin,120,0,0,60,Thursday,September,0
2025-01-07,S009,M115,Calcium Tablet,Supplement,250,0,0,65,Tuesday,January,0
2025-01-30,S008,M113,Digene,Antacid,60,0,0,87,Thursday,January,0
2025-08-16,S003,M104,Vitamin C,Vitamin,120,1,0,89,Saturday,August,1
2025-01-31,S007,M105,ORS,Hydration,25,0,0,76,Friday,January,0
2025-05-12,S002,M120,Hand Sanitizer,Hygiene,90,1,0,80,Monday,May,0
2025-11-15,S009,M105,ORS,Hydration,25,1,0,112,Saturday,November,1
2025-05-07,S003,M118,Asthma Inhaler,Respiratory,450,0,0,57,Wednesday,May,0
2025-12-19,S007,M108,Amoxicillin,Antibiotic,180,1,0,104,Friday,December,0
2025-03-20,S008,M113,Digene,Antacid,60,1,0,89,Thursday,March,0
2025-10-03,S006,M103,Dolo 650,Painkiller,30,1,0,108,Friday,October,0
2025-09-18,S010,M115,Calcium Tablet,Supplement,250,0,1,70,Thursday,September,0
2025-05-02,S004,M115,Calcium Tablet,Supplement,250,1,0,102,Friday,May,0
2025-08-26,S007,M120,Hand Sanitizer,Hygiene,90,0,0,89,Tuesday,August,0
2025-05-19,S008,M115,Calcium Tablet,Supplement,250,0,0,62,Monday,May,0
2025-06-27,S009,M107,Metformin,Diabetes,80,0,0,61,Friday,June,0
2025-01-25,S001,M115,Calcium Tablet,Supplement,250,0,0,81,Saturday,January,1
2025-10-25,S003,M103,Dolo 650,Painkiller,30,1,0,107,Saturday,October,1
2025-11-30,S006,M101,Paracetamol,Painkiller,25,0,1,114,Sunday,November,1
2025-06-05,S008,M107,Metformin,Diabetes,80,1,0,87,Thursday,June,0
2025-04-03,S001,M118,Asthma Inhaler,Respiratory,450,0,0,48,Thursday,April,0
2025-03-13,S002,M109,Azithromycin,Antibiotic,220,0,0,68,Thursday,March,0
2025-01-21,S006,M107,Metformin,Diabetes,80,0,0,91,Tuesday,January,0
2025-08-29,S003,M106,Insulin,Diabetes,550,1,0,75,Friday,August,0
2025-06-04,S001,M118,Asthma Inhaler,Respiratory,450,0,0,66,Wednesday,June,0
2025-04-14,S004,M116,Iron Tablet,Supplement,180,0,0,75,Monday,April,0
2025-12-25,S007,M115,Calcium Tablet,Supplement,250,0,0,52,Thursday,December,0
2025-08-22,S009,M111,Benadryl,Cough,90,0,0,61,Friday,August,0
2025-01-21,S010,M115,Calcium Tablet,Supplement,250,0,0,81,Tuesday,January,0
2025-11-01,S002,M109,Azithromycin,Antibiotic,220,0,0,73,Saturday,November,1
2025-02-23,S003,M113,Digene,Antacid,60,0,0,74,Sunday,February,1
2025-09-19,S010,M109,Azithromycin,Antibiotic,220,0,0,71,Friday,September,0
2025-01-07,S004,M105,ORS,Hydration,25,0,0,75,Tuesday,January,0
2025-11-06,S007,M114,Pantoprazole,Antacid,110,0,0,59,Thursday,November,0
2025-12-22,S007,M103,Dolo 650,Painkiller,30,0,0,72,Monday,December,0
2025-03-16,S001,M109,Azithromycin,Antibiotic,220,0,0,94,Sunday,March,1
2025-12-11,S008,M102,Crocin,Painkiller,35,1,0,103,Thursday,December,0
2025-09-18,S010,M109,Azithromycin,Antibiotic,220,0,1,80,Thursday,September,0
2025-07-15,S001,M115,Calcium Tablet,Supplement,250,1,0,93,Tuesday,July,0
2025-03-16,S006,M114,Pantoprazole,Antacid,110,0,0,76,Sunday,March,1
2025-07-29,S003,M103,Dolo 650,Painkiller,30,1,0,94,Tuesday,July,0
2025-01-25,S010,M110,Cetirizine,Allergy,40,0,0,95,Saturday,January,1
2025-12-19,S008,M116,Iron Tablet,Supplement,180,0,0,82,Friday,December,0
2025-10-11,S006,M101,Paracetamol,Painkiller,25,1,0,115,Saturday,October,1
2025-05-10,S001,M117,BP Tablet,Cardiac,320,1,0,79,Saturday,May,1
2025-12-06,S004,M102,Crocin,Painkiller,35,0,0,81,Saturday,December,1
2025-07-24,S004,M108,Amoxicillin,Antibiotic,180,1,0,96,Thursday,July,0
2025-08-23,S010,M115,Calcium Tablet,Supplement,250,0,0,71,Saturday,August,1
2025-08-20,S004,M101,Paracetamol,Painkiller,25,0,0,93,Wednesday,August,0
2025-01-26,S005,M115,Calcium Tablet,Supplement,250,0,0,85,Sunday,January,1
2025-05-23,S003,M113,Digene,Antacid,60,1,0,88,Friday,May,0
2025-03-16,S007,M112,Cough Syrup,Cough,140,0,0,73,Sunday,March,1
2025-09-04,S010,M112,Cough Syrup,Cough,140,0,0,75,Thursday,September,0
2025-05-05,S009,M102,Crocin,Painkiller,35,0,0,78,Monday,May,0
2025-04-12,S002,M102,Crocin,Painkiller,35,1,0,120,Saturday,April,1
2025-07-13,S003,M102,Crocin,Painkiller,35,0,0,100,Sunday,July,1
2025-09-16,S005,M106,Insulin,Diabetes,550,0,0,49,Tuesday,September,0
2025-12-25,S008,M112,Cough Syrup,Cough,140,0,0,66,Thursday,December,0
2025-01-02,S010,M115,Calcium Tablet,Supplement,250,0,0,61,Thursday,January,0
2025-03-01,S006,M101,Paracetamol,Painkiller,25,0,0,99,Saturday,March,1
2025-05-15,S007,M103,Dolo 650,Painkiller,30,0,0,78,Thursday,May,0
2025-01-27,S005,M116,Iron Tablet,Supplement,180,0,0,65,Monday,January,0
2025-12-17,S001,M109,Azithromycin,Antibiotic,220,0,0,67,Wednesday,December,0
2025-11-30,S005,M107,Metformin,Diabetes,80,0,0,84,Sunday,November,1
2025-06-07,S003,M108,Amoxicillin,Antibiotic,180,1,0,101,Saturday,June,1
2025-01-23,S002,M117,BP Tablet,Cardiac,320,0,0,64,Thursday,January,0
2025-03-11,S008,M107,Metformin,Diabetes,80,0,1,95,Tuesday,March,0
2025-12-15,S009,M118,Asthma Inhaler,Respiratory,450,0,0,44,Monday,December,0
2025-01-16,S001,M111,Benadryl,Cough,90,1,0,109,Thursday,January,0
2025-05-19,S006,M102,Crocin,Painkiller,35,0,0,69,Monday,May,0
2025-07-08,S002,M111,Benadryl,Cough,90,1,0,110,Tuesday,July,0
2025-01-08,S001,M109,Azithromycin,Antibiotic,220,0,0,60,Wednesday,January,0
2025-09-20,S006,M119,Eye Drops,Eye Care,160,0,0,87,Saturday,September,1
2025-07-03,S006,M102,Crocin,Painkiller,35,1,0,109,Thursday,July,0
2025-09-22,S005,M111,Benadryl,Cough,90,0,0,77,Monday,September,0
2025-02-27,S003,M115,Calcium Tablet,Supplement,250,1,0,100,Thursday,February,0
2025-12-07,S003,M110,Cetirizine,Allergy,40,1,0,96,Sunday,December,1
2025-02-10,S003,M118,Asthma Inhaler,Respiratory,450,0,0,66,Monday,February,0
2025-07-27,S003,M108,Amoxicillin,Antibiotic,180,0,0,66,Sunday,July,1
2025-04-02,S010,M103,Dolo 650,Painkiller,30,1,0,108,Wednesday,April,0
2025-12-13,S005,M104,Vitamin C,Vitamin,120,0,0,85,Saturday,December,1
2025-07-03,S010,M110,Cetirizine,Allergy,40,1,0,95,Thursday,July,0
2025-08-22,S001,M115,Calcium Tablet,Supplement,250,0,0,55,Friday,August,0
2025-06-18,S010,M107,Metformin,Diabetes,80,1,0,88,Wednesday,June,0
2025-06-15,S008,M114,Pantoprazole,Antacid,110,0,0,97,Sunday,June,1
2025-12-17,S006,M119,Eye Drops,Eye Care,160,0,0,78,Wednesday,December,0
2025-09-24,S008,M120,Hand Sanitizer,Hygiene,90,0,0,62,Wednesday,September,0
2025-02-26,S009,M103,Dolo 650,Painkiller,30,1,0,99,Wednesday,February,0
2025-01-25,S001,M105,ORS,Hydration,25,0,0,99,Saturday,January,1
2025-05-13,S007,M113,Digene,Antacid,60,1,0,110,Tuesday,May,0
2025-12-05,S006,M110,Cetirizine,Allergy,40,0,0,75,Friday,December,0
2025-11-28,S001,M109,Azithromycin,Antibiotic,220,1,0,94,Friday,November,0
2025-02-09,S008,M109,Azithromycin,Antibiotic,220,0,0,78,Sunday,February,1
2025-05-15,S004,M108,Amoxicillin,Antibiotic,180,1,0,81,Thursday,May,0
2025-03-25,S010,M102,Crocin,Painkiller,35,0,0,68,Tuesday,March,0
2025-06-24,S006,M109,Azithromycin,Antibiotic,220,1,0,101,Tuesday,June,0
2025-09-30,S003,M117,BP Tablet,Cardiac,320,0,0,60,Tuesday,September,0
2025-05-22,S010,M108,Amoxicillin,Antibiotic,180,0,0,84,Thursday,May,0
2025-09-19,S005,M110,Cetirizine,Allergy,40,1,0,102,Friday,September,0
2025-03-16,S009,M109,Azithromycin,Antibiotic,220,1,0,107,Sunday,March,1
2025-05-22,S006,M120,Hand Sanitizer,Hygiene,90,0,0,60,Thursday,May,0
2025-10-27,S004,M102,Crocin,Painkiller,35,0,0,86,Monday,October,0
2025-10-09,S003,M120,Hand Sanitizer,Hygiene,90,0,0,88,Thursday,October,0
2025-03-16,S004,M116,Iron Tablet,Supplement,180,0,0,67,Sunday,March,1
2025-04-07,S009,M118,Asthma Inhaler,Respiratory,450,1,0,74,Monday,April,0
2025-02-16,S005,M110,Cetirizine,Allergy,40,0,0,76,Sunday,February,1
2025-03-08,S002,M119,Eye Drops,Eye Care,160,0,0,73,Saturday,March,1
2025-09-23,S001,M105,ORS,Hydration,25,1,0,83,Tuesday,September,0
2025-03-15,S003,M103,Dolo 650,Painkiller,30,0,0,76,Saturday,March,1
2025-06-07,S008,M120,Hand Sanitizer,Hygiene,90,1,0,96,Saturday,June,1
2025-12-08,S004,M104,Vitamin C,Vitamin,120,0,0,74,Monday,December,0
2025-03-07,S010,M119,Eye Drops,Eye Care,160,0,0,79,Friday,March,0
2025-12-23,S007,M114,Pantoprazole,Antacid,110,0,0,62,Tuesday,December,0
2025-03-01,S005,M113,Digene,Antacid,60,0,1,101,Saturday,March,1
2025-01-22,S004,M113,Digene,Antacid,60,0,0,82,Wednesday,January,0
2025-05-27,S009,M113,Digene,Antacid,60,0,0,91,Tuesday,May,0
2025-05-05,S004,M116,Iron Tablet,Supplement,180,0,0,62,Monday,May,0
2025-10-15,S009,M118,Asthma Inhaler,Respiratory,450,0,0,68,Wednesday,October,0
2025-07-02,S005,M116,Iron Tablet,Supplement,180,0,0,72,Wednesday,July,0
2025-01-05,S003,M113,Digene,Antacid,60,0,0,75,Sunday,January,1
2025-03-04,S002,M111,Benadryl,Cough,90,0,0,66,Tuesday,March,0
2025-11-06,S002,M111,Benadryl,Cough,90,0,0,87,Thursday,November,0
2025-01-08,S009,M102,Crocin,Painkiller,35,1,0,98,Wednesday,January,0
2025-11-27,S007,M114,Pantoprazole,Antacid,110,0,0,66,Thursday,November,0
2025-12-25,S002,M102,Crocin,Painkiller,35,0,1,95,Thursday,December,0
2025-09-08,S004,M109,Azithromycin,Antibiotic,220,1,0,88,Monday,September,0
2025-10-03,S008,M103,Dolo 650,Painkiller,30,1,1,110,Friday,October,0
2025-06-18,S010,M118,Asthma Inhaler,Respiratory,450,1,0,64,Wednesday,June,0
2025-07-19,S002,M102,Crocin,Painkiller,35,0,0,86,Saturday,July,1
2025-08-19,S009,M118,Asthma Inhaler,Respiratory,450,1,0,68,Tuesday,August,0
2025-09-11,S007,M108,Amoxicillin,Antibiotic,180,0,0,71,Thursday,September,0
2025-08-19,S003,M107,Metformin,Diabetes,80,0,0,70,Tuesday,August,0
2025-10-18,S008,M110,Cetirizine,Allergy,40,0,0,77,Saturday,October,1
2025-04-14,S008,M103,Dolo 650,Painkiller,30,0,0,67,Monday,April,0
2025-05-30,S003,M120,Hand Sanitizer,Hygiene,90,1,0,86,Friday,May,0
2025-07-07,S005,M116,Iron Tablet,Supplement,180,0,0,86,Monday,July,0
2025-09-24,S010,M105,ORS,Hydration,25,0,0,81,Wednesday,September,0
2025-09-18,S008,M104,Vitamin C,Vitamin,120,0,0,78,Thursday,September,0
2025-06-22,S004,M109,Azithromycin,Antibiotic,220,0,0,83,Sunday,June,1
2025-10-26,S006,M105,ORS,Hydration,25,0,0,77,Sunday,October,1
2025-05-04,S003,M113,Digene,Antacid,60,0,0,77,Sunday,May,1
2025-01-12,S010,M109,Azithromycin,Antibiotic,220,0,0,78,Sunday,January,1
2025-11-16,S007,M112,Cough Syrup,Cough,140,0,1,101,Sunday,November,1
2025-09-23,S008,M120,Hand Sanitizer,Hygiene,90,0,0,84,Tuesday,September,0
2025-05-13,S004,M105,ORS,Hydration,25,0,0,70,Tuesday,May,0
2025-08-24,S008,M110,Cetirizine,Allergy,40,0,0,93,Sunday,August,1
2025-02-09,S009,M114,Pantoprazole,Antacid,110,0,0,74,Sunday,February,1
2025-12-28,S004,M106,Insulin,Diabetes,550,0,0,77,Sunday,December,1
2025-07-23,S010,M111,Benadryl,Cough,90,0,0,71,Wednesday,July,0
2025-04-07,S007,M120,Hand Sanitizer,Hygiene,90,1,0,84,Monday,April,0
2025-10-02,S007,M110,Cetirizine,Allergy,40,0,0,74,Thursday,October,0
2025-06-29,S009,M110,Cetirizine,Allergy,40,0,0,75,Sunday,June,1
2025-01-02,S010,M112,Cough Syrup,Cough,140,0,0,82,Thursday,January,0
2025-01-31,S004,M119,Eye Drops,Eye Care,160,1,0,87,Friday,January,0
2025-02-14,S009,M115,Calcium Tablet,Supplement,250,0,0,81,Friday,February,0
2025-10-10,S005,M111,Benadryl,Cough,90,1,0,101,Friday,October,0
2025-11-05,S005,M101,Paracetamol,Painkiller,25,1,0,92,Wednesday,November,0
2025-08-08,S009,M111,Benadryl,Cough,90,0,0,77,Friday,August,0
2025-07-19,S008,M102,Crocin,Painkiller,35,0,0,93,Saturday,July,1
2025-02-20,S001,M112,Cough Syrup,Cough,140,1,0,94,Thursday,February,0
2025-12-19,S001,M108,Amoxicillin,Antibiotic,180,0,0,80,Friday,December,0
2025-05-04,S004,M108,Amoxicillin,Antibiotic,180,1,0,104,Sunday,May,1
2025-01-25,S009,M113,Digene,Antacid,60,1,0,107,Saturday,January,1
2025-04-19,S005,M113,Digene,Antacid,60,0,0,92,Saturday,April,1
2025-06-22,S005,M111,Benadryl,Cough,90,0,0,97,Sunday,June,1
2025-06-30,S001,M102,Crocin,Painkiller,35,0,0,67,Monday,June,0
2025-09-11,S009,M107,Metformin,Diabetes,80,1,0,99,Thursday,September,0
2025-10-19,S004,M113,Digene,Antacid,60,0,0,83,Sunday,October,1
2025-08-14,S002,M108,Amoxicillin,Antibiotic,180,1,0,82,Thursday,August,0
2025-08-10,S008,M101,Paracetamol,Painkiller,25,1,0,99,Sunday,August,1
2025-10-17,S005,M111,Benadryl,Cough,90,0,0,87,Friday,October,0
2025-12-12,S010,M102,Crocin,Painkiller,35,0,0,75,Friday,December,0
2025-09-10,S002,M117,BP Tablet,Cardiac,320,1,1,84,Wednesday,September,0
2025-11-01,S008,M106,Insulin,Diabetes,550,1,0,84,Saturday,November,1
2025-04-26,S007,M115,Calcium Tablet,Supplement,250,1,0,111,Saturday,April,1
2025-05-12,S002,M107,Metformin,Diabetes,80,1,0,102,Monday,May,0
2025-11-21,S005,M114,Pantoprazole,Antacid,110,0,0,68,Friday,November,0
2025-11-05,S008,M106,Insulin,Diabetes,550,0,0,49,Wednesday,November,0
2025-08-27,S002,M103,Dolo 650,Painkiller,30,1,1,118,Wednesday,August,0
2025-07-05,S004,M102,Crocin,Painkiller,35,0,0,99,Saturday,July,1
2025-01-02,S006,M105,ORS,Hydration,25,1,0,85,Thursday,January,0
2025-09-14,S005,M108,Amoxicillin,Antibiotic,180,0,1,82,Sunday,September,1
2025-08-05,S004,M118,Asthma Inhaler,Respiratory,450,0,0,59,Tuesday,August,0
2025-04-19,S001,M103,Dolo 650,Painkiller,30,0,0,93,Saturday,April,1
2025-12-15,S007,M117,BP Tablet,Cardiac,320,0,0,71,Monday,December,0
2025-10-07,S004,M103,Dolo 650,Painkiller,30,0,0,81,Tuesday,October,0
2025-03-17,S009,M118,Asthma Inhaler,Respiratory,450,1,0,75,Monday,March,0
2025-08-07,S002,M116,Iron Tablet,Supplement,180,0,0,59,Thursday,August,0
2025-01-15,S007,M119,Eye Drops,Eye Care,160,0,1,75,Wednesday,January,0
2025-08-15,S001,M106,Insulin,Diabetes,550,1,0,78,Friday,August,0
2025-09-24,S001,M118,Asthma Inhaler,Respiratory,450,0,0,56,Wednesday,September,0
2025-03-08,S003,M119,Eye Drops,Eye Care,160,0,0,76,Saturday,March,1
2025-12-23,S002,M105,ORS,Hydration,25,1,0,105,Tuesday,December,0
2025-03-22,S007,M104,Vitamin C,Vitamin,120,0,0,75,Saturday,March,1
